nohup: ignoring input
[2026-04-24 13:35:16] Starting retry 3 crawl by product_id...
[2026-04-24 13:35:16] Input file: /home/buiphamhoaithanh/crawl_output/retry2_error.jsonl
[2026-04-24 13:35:16] Concurrency=1, Batch size=3, Retries=1, Timeout(total/connect/read)=12/6/6
[2026-04-24 13:35:16] RUNNING batch=1 size=3
[2026-04-24 13:35:16] QUEUE product_id=89593 retry=0
[2026-04-24 13:35:16] ACQUIRED product_id=89593 retry=0
[2026-04-24 13:35:16] QUEUE product_id=96422 retry=0
[2026-04-24 13:35:16] QUEUE product_id=101994 retry=0
[2026-04-24 13:35:21] STATUS product_id=89593 status=403
[2026-04-24 13:35:21] RETRY product_id=89593 reason=status_403 sleep=3.93s
[2026-04-24 13:35:21] ACQUIRED product_id=96422 retry=0
[2026-04-24 13:35:25] QUEUE product_id=89593 retry=1
[2026-04-24 13:35:26] STATUS product_id=96422 status=200
[2026-04-24 13:35:26] ACQUIRED product_id=101994 retry=0
[2026-04-24 13:35:26] FINISHED product_id=96422 status=success
[2026-04-24 13:35:31] STATUS product_id=101994 status=200
[2026-04-24 13:35:31] ACQUIRED product_id=89593 retry=1
[2026-04-24 13:35:31] FINISHED product_id=101994 status=success
[2026-04-24 13:35:35] STATUS product_id=89593 status=403
[2026-04-24 13:35:35] FINISHED product_id=89593 status=failed
[2026-04-24 13:35:35] Batch 1: total=3, success=2, error=1, time=18.97s
[2026-04-24 13:35:39] RUNNING batch=2 size=3
[2026-04-24 13:35:39] QUEUE product_id=104172 retry=0
[2026-04-24 13:35:39] ACQUIRED product_id=104172 retry=0
[2026-04-24 13:35:39] QUEUE product_id=102002 retry=0
[2026-04-24 13:35:39] QUEUE product_id=91056 retry=0
[2026-04-24 13:35:43] STATUS product_id=104172 status=403
[2026-04-24 13:35:43] RETRY product_id=104172 reason=status_403 sleep=4.42s
[2026-04-24 13:35:43] ACQUIRED product_id=102002 retry=0
[2026-04-24 13:35:47] QUEUE product_id=104172 retry=1
[2026-04-24 13:35:49] STATUS product_id=102002 status=200
[2026-04-24 13:35:49] ACQUIRED product_id=91056 retry=0
[2026-04-24 13:35:49] FINISHED product_id=102002 status=success
[2026-04-24 13:35:52] STATUS product_id=91056 status=403
[2026-04-24 13:35:52] RETRY product_id=91056 reason=status_403 sleep=4.06s
[2026-04-24 13:35:52] ACQUIRED product_id=104172 retry=1
[2026-04-24 13:35:55] STATUS product_id=104172 status=403
[2026-04-24 13:35:55] FINISHED product_id=104172 status=failed
[2026-04-24 13:35:56] QUEUE product_id=91056 retry=1
[2026-04-24 13:35:56] ACQUIRED product_id=91056 retry=1
[2026-04-24 13:36:01] STATUS product_id=91056 status=403
[2026-04-24 13:36:01] FINISHED product_id=91056 status=failed
[2026-04-24 13:36:01] Batch 2: total=3, success=1, error=2, time=21.38s
[2026-04-24 13:36:04] RUNNING batch=3 size=3
[2026-04-24 13:36:04] QUEUE product_id=102980 retry=0
[2026-04-24 13:36:04] ACQUIRED product_id=102980 retry=0
[2026-04-24 13:36:04] QUEUE product_id=110606 retry=0
[2026-04-24 13:36:04] QUEUE product_id=103302 retry=0
[2026-04-24 13:36:09] STATUS product_id=102980 status=200
[2026-04-24 13:36:09] ACQUIRED product_id=110606 retry=0
[2026-04-24 13:36:09] FINISHED product_id=102980 status=success
[2026-04-24 13:36:14] STATUS product_id=110606 status=200
[2026-04-24 13:36:14] ACQUIRED product_id=103302 retry=0
[2026-04-24 13:36:14] FINISHED product_id=110606 status=success
[2026-04-24 13:36:19] STATUS product_id=103302 status=200
[2026-04-24 13:36:19] FINISHED product_id=103302 status=success
[2026-04-24 13:36:19] Batch 3: total=3, success=3, error=0, time=15.18s
[2026-04-24 13:36:23] RUNNING batch=4 size=3
[2026-04-24 13:36:23] QUEUE product_id=95560 retry=0
[2026-04-24 13:36:23] ACQUIRED product_id=95560 retry=0
[2026-04-24 13:36:23] QUEUE product_id=98364 retry=0
[2026-04-24 13:36:23] QUEUE product_id=110608 retry=0
[2026-04-24 13:36:28] STATUS product_id=95560 status=403
[2026-04-24 13:36:28] RETRY product_id=95560 reason=status_403 sleep=3.55s
[2026-04-24 13:36:28] ACQUIRED product_id=98364 retry=0
[2026-04-24 13:36:31] QUEUE product_id=95560 retry=1
[2026-04-24 13:36:33] STATUS product_id=98364 status=403
[2026-04-24 13:36:33] RETRY product_id=98364 reason=status_403 sleep=3.91s
[2026-04-24 13:36:33] ACQUIRED product_id=110608 retry=0
[2026-04-24 13:36:37] QUEUE product_id=98364 retry=1
[2026-04-24 13:36:37] STATUS product_id=110608 status=403
[2026-04-24 13:36:37] RETRY product_id=110608 reason=status_403 sleep=3.54s
[2026-04-24 13:36:37] ACQUIRED product_id=95560 retry=1
[2026-04-24 13:36:40] QUEUE product_id=110608 retry=1
[2026-04-24 13:36:41] STATUS product_id=95560 status=403
[2026-04-24 13:36:41] ACQUIRED product_id=98364 retry=1
[2026-04-24 13:36:41] FINISHED product_id=95560 status=failed
[2026-04-24 13:36:44] STATUS product_id=98364 status=403
[2026-04-24 13:36:44] ACQUIRED product_id=110608 retry=1
[2026-04-24 13:36:44] FINISHED product_id=98364 status=failed
[2026-04-24 13:36:49] STATUS product_id=110608 status=403
[2026-04-24 13:36:49] FINISHED product_id=110608 status=failed
[2026-04-24 13:36:49] Batch 4: total=3, success=0, error=3, time=26.05s
[2026-04-24 13:36:52] RUNNING batch=5 size=3
[2026-04-24 13:36:52] QUEUE product_id=110607 retry=0
[2026-04-24 13:36:52] ACQUIRED product_id=110607 retry=0
[2026-04-24 13:36:52] QUEUE product_id=101751 retry=0
[2026-04-24 13:36:52] QUEUE product_id=110610 retry=0
[2026-04-24 13:36:57] STATUS product_id=110607 status=200
[2026-04-24 13:36:57] ACQUIRED product_id=101751 retry=0
[2026-04-24 13:36:57] FINISHED product_id=110607 status=success
[2026-04-24 13:37:01] STATUS product_id=101751 status=403
[2026-04-24 13:37:01] RETRY product_id=101751 reason=status_403 sleep=3.80s
[2026-04-24 13:37:01] ACQUIRED product_id=110610 retry=0
[2026-04-24 13:37:05] QUEUE product_id=101751 retry=1
[2026-04-24 13:37:06] STATUS product_id=110610 status=403
[2026-04-24 13:37:06] RETRY product_id=110610 reason=status_403 sleep=3.94s
[2026-04-24 13:37:06] ACQUIRED product_id=101751 retry=1
[2026-04-24 13:37:10] QUEUE product_id=110610 retry=1
[2026-04-24 13:37:11] STATUS product_id=101751 status=403
[2026-04-24 13:37:11] ACQUIRED product_id=110610 retry=1
[2026-04-24 13:37:11] FINISHED product_id=101751 status=failed
[2026-04-24 13:37:16] STATUS product_id=110610 status=403
[2026-04-24 13:37:16] FINISHED product_id=110610 status=failed
[2026-04-24 13:37:16] Batch 5: total=3, success=1, error=2, time=23.56s
[2026-04-24 13:37:19] RUNNING batch=6 size=3
[2026-04-24 13:37:19] QUEUE product_id=89436 retry=0
[2026-04-24 13:37:19] ACQUIRED product_id=89436 retry=0
[2026-04-24 13:37:19] QUEUE product_id=98958 retry=0
[2026-04-24 13:37:19] QUEUE product_id=92744 retry=0
[2026-04-24 13:37:23] STATUS product_id=89436 status=403
[2026-04-24 13:37:23] RETRY product_id=89436 reason=status_403 sleep=3.84s
[2026-04-24 13:37:23] ACQUIRED product_id=98958 retry=0
[2026-04-24 13:37:27] QUEUE product_id=89436 retry=1
[2026-04-24 13:37:27] STATUS product_id=98958 status=403
[2026-04-24 13:37:27] RETRY product_id=98958 reason=status_403 sleep=4.23s
[2026-04-24 13:37:27] ACQUIRED product_id=92744 retry=0
[2026-04-24 13:37:30] STATUS product_id=92744 status=403
[2026-04-24 13:37:30] RETRY product_id=92744 reason=status_403 sleep=3.64s
[2026-04-24 13:37:30] ACQUIRED product_id=89436 retry=1
[2026-04-24 13:37:31] QUEUE product_id=98958 retry=1
[2026-04-24 13:37:34] QUEUE product_id=92744 retry=1
[2026-04-24 13:37:36] STATUS product_id=89436 status=200
[2026-04-24 13:37:36] ACQUIRED product_id=98958 retry=1
[2026-04-24 13:37:36] FINISHED product_id=89436 status=success
[2026-04-24 13:37:41] STATUS product_id=98958 status=200
[2026-04-24 13:37:41] ACQUIRED product_id=92744 retry=1
[2026-04-24 13:37:41] FINISHED product_id=98958 status=success
[2026-04-24 13:37:47] STATUS product_id=92744 status=200
[2026-04-24 13:37:47] FINISHED product_id=92744 status=success
[2026-04-24 13:37:47] Batch 6: total=3, success=3, error=0, time=27.84s
[2026-04-24 13:37:51] RUNNING batch=7 size=3
[2026-04-24 13:37:51] QUEUE product_id=110064 retry=0
[2026-04-24 13:37:51] ACQUIRED product_id=110064 retry=0
[2026-04-24 13:37:51] QUEUE product_id=104178 retry=0
[2026-04-24 13:37:51] QUEUE product_id=90730 retry=0
[2026-04-24 13:37:54] STATUS product_id=110064 status=403
[2026-04-24 13:37:54] RETRY product_id=110064 reason=status_403 sleep=3.68s
[2026-04-24 13:37:54] ACQUIRED product_id=104178 retry=0
[2026-04-24 13:37:58] STATUS product_id=104178 status=403
[2026-04-24 13:37:58] RETRY product_id=104178 reason=status_403 sleep=3.69s
[2026-04-24 13:37:58] ACQUIRED product_id=90730 retry=0
[2026-04-24 13:37:58] QUEUE product_id=110064 retry=1
[2026-04-24 13:38:01] QUEUE product_id=104178 retry=1
[2026-04-24 13:38:02] STATUS product_id=90730 status=403
[2026-04-24 13:38:02] RETRY product_id=90730 reason=status_403 sleep=4.17s
[2026-04-24 13:38:02] ACQUIRED product_id=110064 retry=1
[2026-04-24 13:38:05] STATUS product_id=110064 status=403
[2026-04-24 13:38:05] ACQUIRED product_id=104178 retry=1
[2026-04-24 13:38:05] FINISHED product_id=110064 status=failed
[2026-04-24 13:38:06] QUEUE product_id=90730 retry=1
[2026-04-24 13:38:10] STATUS product_id=104178 status=200
[2026-04-24 13:38:10] ACQUIRED product_id=90730 retry=1
[2026-04-24 13:38:10] FINISHED product_id=104178 status=success
[2026-04-24 13:38:15] STATUS product_id=90730 status=403
[2026-04-24 13:38:15] FINISHED product_id=90730 status=failed
[2026-04-24 13:38:15] Batch 7: total=3, success=1, error=2, time=23.45s
[2026-04-24 13:38:18] RUNNING batch=8 size=3
[2026-04-24 13:38:18] QUEUE product_id=99518 retry=0
[2026-04-24 13:38:18] ACQUIRED product_id=99518 retry=0
[2026-04-24 13:38:18] QUEUE product_id=96673 retry=0
[2026-04-24 13:38:18] QUEUE product_id=99454 retry=0
[2026-04-24 13:38:23] STATUS product_id=99518 status=403
[2026-04-24 13:38:23] RETRY product_id=99518 reason=status_403 sleep=3.76s
[2026-04-24 13:38:23] ACQUIRED product_id=96673 retry=0
[2026-04-24 13:38:26] STATUS product_id=96673 status=403
[2026-04-24 13:38:26] RETRY product_id=96673 reason=status_403 sleep=4.50s
[2026-04-24 13:38:26] ACQUIRED product_id=99454 retry=0
[2026-04-24 13:38:26] QUEUE product_id=99518 retry=1
[2026-04-24 13:38:30] STATUS product_id=99454 status=404
[2026-04-24 13:38:30] ACQUIRED product_id=99518 retry=1
[2026-04-24 13:38:30] FINISHED product_id=99454 status=failed
[2026-04-24 13:38:31] QUEUE product_id=96673 retry=1
[2026-04-24 13:38:36] STATUS product_id=99518 status=200
[2026-04-24 13:38:36] ACQUIRED product_id=96673 retry=1
[2026-04-24 13:38:36] FINISHED product_id=99518 status=success
[2026-04-24 13:38:39] STATUS product_id=96673 status=200
[2026-04-24 13:38:39] FINISHED product_id=96673 status=success
[2026-04-24 13:38:39] Batch 8: total=3, success=2, error=1, time=21.29s
[2026-04-24 13:38:42] RUNNING batch=9 size=3
[2026-04-24 13:38:42] QUEUE product_id=109578 retry=0
[2026-04-24 13:38:42] ACQUIRED product_id=109578 retry=0
[2026-04-24 13:38:42] QUEUE product_id=96620 retry=0
[2026-04-24 13:38:42] QUEUE product_id=90387 retry=0
[2026-04-24 13:38:46] STATUS product_id=109578 status=403
[2026-04-24 13:38:46] RETRY product_id=109578 reason=status_403 sleep=3.61s
[2026-04-24 13:38:46] ACQUIRED product_id=96620 retry=0
[2026-04-24 13:38:50] QUEUE product_id=109578 retry=1
[2026-04-24 13:38:50] STATUS product_id=96620 status=404
[2026-04-24 13:38:50] ACQUIRED product_id=90387 retry=0
[2026-04-24 13:38:50] FINISHED product_id=96620 status=failed
[2026-04-24 13:38:55] STATUS product_id=90387 status=403
[2026-04-24 13:38:55] RETRY product_id=90387 reason=status_403 sleep=4.27s
[2026-04-24 13:38:55] ACQUIRED product_id=109578 retry=1
[2026-04-24 13:38:59] QUEUE product_id=90387 retry=1
[2026-04-24 13:39:00] STATUS product_id=109578 status=200
[2026-04-24 13:39:00] ACQUIRED product_id=90387 retry=1
[2026-04-24 13:39:00] FINISHED product_id=109578 status=success
[2026-04-24 13:39:05] STATUS product_id=90387 status=403
[2026-04-24 13:39:05] FINISHED product_id=90387 status=failed
[2026-04-24 13:39:05] Batch 9: total=3, success=1, error=2, time=22.53s
[2026-04-24 13:39:09] RUNNING batch=10 size=3
[2026-04-24 13:39:09] QUEUE product_id=97825 retry=0
[2026-04-24 13:39:09] ACQUIRED product_id=97825 retry=0
[2026-04-24 13:39:09] QUEUE product_id=99252 retry=0
[2026-04-24 13:39:09] QUEUE product_id=96500 retry=0
[2026-04-24 13:39:15] STATUS product_id=97825 status=200
[2026-04-24 13:39:15] ACQUIRED product_id=99252 retry=0
[2026-04-24 13:39:15] FINISHED product_id=97825 status=success
[2026-04-24 13:39:18] STATUS product_id=99252 status=403
[2026-04-24 13:39:18] RETRY product_id=99252 reason=status_403 sleep=4.21s
[2026-04-24 13:39:18] ACQUIRED product_id=96500 retry=0
[2026-04-24 13:39:22] QUEUE product_id=99252 retry=1
[2026-04-24 13:39:23] STATUS product_id=96500 status=200
[2026-04-24 13:39:23] ACQUIRED product_id=99252 retry=1
[2026-04-24 13:39:23] FINISHED product_id=96500 status=success
[2026-04-24 13:39:28] STATUS product_id=99252 status=403
[2026-04-24 13:39:28] FINISHED product_id=99252 status=failed
[2026-04-24 13:39:28] Batch 10: total=3, success=2, error=1, time=18.77s
[2026-04-24 13:39:32] RUNNING batch=11 size=3
[2026-04-24 13:39:32] QUEUE product_id=85938 retry=0
[2026-04-24 13:39:32] ACQUIRED product_id=85938 retry=0
[2026-04-24 13:39:32] QUEUE product_id=101981 retry=0
[2026-04-24 13:39:32] QUEUE product_id=99050 retry=0
[2026-04-24 13:39:38] STATUS product_id=85938 status=200
[2026-04-24 13:39:38] ACQUIRED product_id=101981 retry=0
[2026-04-24 13:39:38] FINISHED product_id=85938 status=success
[2026-04-24 13:39:42] STATUS product_id=101981 status=403
[2026-04-24 13:39:42] RETRY product_id=101981 reason=status_403 sleep=4.47s
[2026-04-24 13:39:42] ACQUIRED product_id=99050 retry=0
[2026-04-24 13:39:46] STATUS product_id=99050 status=403
[2026-04-24 13:39:46] RETRY product_id=99050 reason=status_403 sleep=4.13s
[2026-04-24 13:39:46] QUEUE product_id=101981 retry=1
[2026-04-24 13:39:46] ACQUIRED product_id=101981 retry=1
[2026-04-24 13:39:50] STATUS product_id=101981 status=403
[2026-04-24 13:39:50] FINISHED product_id=101981 status=failed
[2026-04-24 13:39:50] QUEUE product_id=99050 retry=1
[2026-04-24 13:39:50] ACQUIRED product_id=99050 retry=1
[2026-04-24 13:39:54] STATUS product_id=99050 status=403
[2026-04-24 13:39:54] FINISHED product_id=99050 status=failed
[2026-04-24 13:39:54] Batch 11: total=3, success=1, error=2, time=21.71s
[2026-04-24 13:39:58] RUNNING batch=12 size=3
[2026-04-24 13:39:58] QUEUE product_id=96103 retry=0
[2026-04-24 13:39:58] ACQUIRED product_id=96103 retry=0
[2026-04-24 13:39:58] QUEUE product_id=101102 retry=0
[2026-04-24 13:39:58] QUEUE product_id=86704 retry=0
[2026-04-24 13:40:02] STATUS product_id=96103 status=403
[2026-04-24 13:40:02] RETRY product_id=96103 reason=status_403 sleep=4.39s
[2026-04-24 13:40:02] ACQUIRED product_id=101102 retry=0
[2026-04-24 13:40:07] QUEUE product_id=96103 retry=1
[2026-04-24 13:40:07] STATUS product_id=101102 status=200
[2026-04-24 13:40:07] ACQUIRED product_id=86704 retry=0
[2026-04-24 13:40:07] FINISHED product_id=101102 status=success
[2026-04-24 13:40:12] STATUS product_id=86704 status=200
[2026-04-24 13:40:12] ACQUIRED product_id=96103 retry=1
[2026-04-24 13:40:12] FINISHED product_id=86704 status=success
[2026-04-24 13:40:15] STATUS product_id=96103 status=403
[2026-04-24 13:40:15] FINISHED product_id=96103 status=failed
[2026-04-24 13:40:15] Batch 12: total=3, success=2, error=1, time=17.44s
[2026-04-24 13:40:20] RUNNING batch=13 size=3
[2026-04-24 13:40:20] QUEUE product_id=97112 retry=0
[2026-04-24 13:40:20] ACQUIRED product_id=97112 retry=0
[2026-04-24 13:40:20] QUEUE product_id=99567 retry=0
[2026-04-24 13:40:20] QUEUE product_id=102542 retry=0
[2026-04-24 13:40:25] STATUS product_id=97112 status=200
[2026-04-24 13:40:25] ACQUIRED product_id=99567 retry=0
[2026-04-24 13:40:25] FINISHED product_id=97112 status=success
[2026-04-24 13:40:30] STATUS product_id=99567 status=200
[2026-04-24 13:40:30] ACQUIRED product_id=102542 retry=0
[2026-04-24 13:40:30] FINISHED product_id=99567 status=success
[2026-04-24 13:40:34] STATUS product_id=102542 status=404
[2026-04-24 13:40:34] FINISHED product_id=102542 status=failed
[2026-04-24 13:40:34] Batch 13: total=3, success=2, error=1, time=14.10s
[2026-04-24 13:40:37] RUNNING batch=14 size=3
[2026-04-24 13:40:37] QUEUE product_id=110636 retry=0
[2026-04-24 13:40:37] ACQUIRED product_id=110636 retry=0
[2026-04-24 13:40:37] QUEUE product_id=96640 retry=0
[2026-04-24 13:40:37] QUEUE product_id=102545 retry=0
[2026-04-24 13:40:42] STATUS product_id=110636 status=403
[2026-04-24 13:40:42] RETRY product_id=110636 reason=status_403 sleep=4.32s
[2026-04-24 13:40:42] ACQUIRED product_id=96640 retry=0
[2026-04-24 13:40:45] STATUS product_id=96640 status=403
[2026-04-24 13:40:45] RETRY product_id=96640 reason=status_403 sleep=4.03s
[2026-04-24 13:40:45] ACQUIRED product_id=102545 retry=0
[2026-04-24 13:40:46] QUEUE product_id=110636 retry=1
[2026-04-24 13:40:48] STATUS product_id=102545 status=403
[2026-04-24 13:40:48] RETRY product_id=102545 reason=status_403 sleep=3.98s
[2026-04-24 13:40:48] ACQUIRED product_id=110636 retry=1
[2026-04-24 13:40:49] QUEUE product_id=96640 retry=1
[2026-04-24 13:40:52] QUEUE product_id=102545 retry=1
[2026-04-24 13:40:53] STATUS product_id=110636 status=200
[2026-04-24 13:40:53] ACQUIRED product_id=96640 retry=1
[2026-04-24 13:40:53] FINISHED product_id=110636 status=success
[2026-04-24 13:40:57] STATUS product_id=96640 status=403
[2026-04-24 13:40:57] ACQUIRED product_id=102545 retry=1
[2026-04-24 13:40:57] FINISHED product_id=96640 status=failed
[2026-04-24 13:41:02] STATUS product_id=102545 status=403
[2026-04-24 13:41:02] FINISHED product_id=102545 status=failed
[2026-04-24 13:41:02] Batch 14: total=3, success=1, error=2, time=24.59s
[2026-04-24 13:41:07] RUNNING batch=15 size=3
[2026-04-24 13:41:07] QUEUE product_id=85894 retry=0
[2026-04-24 13:41:07] ACQUIRED product_id=85894 retry=0
[2026-04-24 13:41:07] QUEUE product_id=89606 retry=0
[2026-04-24 13:41:07] QUEUE product_id=101986 retry=0
[2026-04-24 13:41:13] STATUS product_id=85894 status=200
[2026-04-24 13:41:13] ACQUIRED product_id=89606 retry=0
[2026-04-24 13:41:13] FINISHED product_id=85894 status=success
[2026-04-24 13:41:19] STATUS product_id=89606 status=200
[2026-04-24 13:41:19] ACQUIRED product_id=101986 retry=0
[2026-04-24 13:41:19] FINISHED product_id=89606 status=success
[2026-04-24 13:41:22] STATUS product_id=101986 status=403
[2026-04-24 13:41:22] RETRY product_id=101986 reason=status_403 sleep=3.56s
[2026-04-24 13:41:26] QUEUE product_id=101986 retry=1
[2026-04-24 13:41:26] ACQUIRED product_id=101986 retry=1
[2026-04-24 13:41:31] STATUS product_id=101986 status=403
[2026-04-24 13:41:31] FINISHED product_id=101986 status=failed
[2026-04-24 13:41:31] Batch 15: total=3, success=2, error=1, time=24.32s
[2026-04-24 13:41:35] RUNNING batch=16 size=3
[2026-04-24 13:41:35] QUEUE product_id=90879 retry=0
[2026-04-24 13:41:35] ACQUIRED product_id=90879 retry=0
[2026-04-24 13:41:35] QUEUE product_id=91060 retry=0
[2026-04-24 13:41:35] QUEUE product_id=108525 retry=0
[2026-04-24 13:41:39] STATUS product_id=90879 status=403
[2026-04-24 13:41:39] RETRY product_id=90879 reason=status_403 sleep=4.19s
[2026-04-24 13:41:39] ACQUIRED product_id=91060 retry=0
[2026-04-24 13:41:43] QUEUE product_id=90879 retry=1
[2026-04-24 13:41:44] STATUS product_id=91060 status=200
[2026-04-24 13:41:44] ACQUIRED product_id=108525 retry=0
[2026-04-24 13:41:44] FINISHED product_id=91060 status=success
[2026-04-24 13:41:49] STATUS product_id=108525 status=200
[2026-04-24 13:41:49] ACQUIRED product_id=90879 retry=1
[2026-04-24 13:41:49] FINISHED product_id=108525 status=success
[2026-04-24 13:41:52] STATUS product_id=90879 status=403
[2026-04-24 13:41:52] FINISHED product_id=90879 status=failed
[2026-04-24 13:41:52] Batch 16: total=3, success=2, error=1, time=17.21s
[2026-04-24 13:41:56] RUNNING batch=17 size=3
[2026-04-24 13:41:56] QUEUE product_id=102614 retry=0
[2026-04-24 13:41:56] ACQUIRED product_id=102614 retry=0
[2026-04-24 13:41:56] QUEUE product_id=97107 retry=0
[2026-04-24 13:41:56] QUEUE product_id=92469 retry=0
[2026-04-24 13:42:00] STATUS product_id=102614 status=404
[2026-04-24 13:42:00] ACQUIRED product_id=97107 retry=0
[2026-04-24 13:42:00] FINISHED product_id=102614 status=failed
[2026-04-24 13:42:03] STATUS product_id=97107 status=403
[2026-04-24 13:42:03] RETRY product_id=97107 reason=status_403 sleep=3.82s
[2026-04-24 13:42:03] ACQUIRED product_id=92469 retry=0
[2026-04-24 13:42:07] QUEUE product_id=97107 retry=1
[2026-04-24 13:42:09] STATUS product_id=92469 status=200
[2026-04-24 13:42:09] ACQUIRED product_id=97107 retry=1
[2026-04-24 13:42:09] FINISHED product_id=92469 status=success
[2026-04-24 13:42:14] STATUS product_id=97107 status=404
[2026-04-24 13:42:14] FINISHED product_id=97107 status=failed
[2026-04-24 13:42:14] Batch 17: total=3, success=1, error=2, time=17.93s
[2026-04-24 13:42:17] RUNNING batch=18 size=3
[2026-04-24 13:42:17] QUEUE product_id=100422 retry=0
[2026-04-24 13:42:17] ACQUIRED product_id=100422 retry=0
[2026-04-24 13:42:17] QUEUE product_id=97817 retry=0
[2026-04-24 13:42:17] QUEUE product_id=93281 retry=0
[2026-04-24 13:42:22] STATUS product_id=100422 status=403
[2026-04-24 13:42:22] RETRY product_id=100422 reason=status_403 sleep=3.64s
[2026-04-24 13:42:22] ACQUIRED product_id=97817 retry=0
[2026-04-24 13:42:25] QUEUE product_id=100422 retry=1
[2026-04-24 13:42:27] STATUS product_id=97817 status=200
[2026-04-24 13:42:27] ACQUIRED product_id=93281 retry=0
[2026-04-24 13:42:27] FINISHED product_id=97817 status=success
[2026-04-24 13:42:31] STATUS product_id=93281 status=200
[2026-04-24 13:42:32] ACQUIRED product_id=100422 retry=1
[2026-04-24 13:42:32] FINISHED product_id=93281 status=success
[2026-04-24 13:42:35] STATUS product_id=100422 status=403
[2026-04-24 13:42:35] FINISHED product_id=100422 status=failed
[2026-04-24 13:42:35] Batch 18: total=3, success=2, error=1, time=17.60s
[2026-04-24 13:42:39] RUNNING batch=19 size=3
[2026-04-24 13:42:39] QUEUE product_id=110195 retry=0
[2026-04-24 13:42:39] ACQUIRED product_id=110195 retry=0
[2026-04-24 13:42:39] QUEUE product_id=92182 retry=0
[2026-04-24 13:42:39] QUEUE product_id=97824 retry=0
[2026-04-24 13:42:44] STATUS product_id=110195 status=403
[2026-04-24 13:42:44] RETRY product_id=110195 reason=status_403 sleep=3.54s
[2026-04-24 13:42:44] ACQUIRED product_id=92182 retry=0
[2026-04-24 13:42:48] QUEUE product_id=110195 retry=1
[2026-04-24 13:42:49] STATUS product_id=92182 status=200
[2026-04-24 13:42:49] ACQUIRED product_id=97824 retry=0
[2026-04-24 13:42:49] FINISHED product_id=92182 status=success
[2026-04-24 13:42:53] STATUS product_id=97824 status=403
[2026-04-24 13:42:53] RETRY product_id=97824 reason=status_403 sleep=4.20s
[2026-04-24 13:42:53] ACQUIRED product_id=110195 retry=1
[2026-04-24 13:42:57] STATUS product_id=110195 status=200
[2026-04-24 13:42:57] FINISHED product_id=110195 status=success
[2026-04-24 13:42:57] QUEUE product_id=97824 retry=1
[2026-04-24 13:42:57] ACQUIRED product_id=97824 retry=1
[2026-04-24 13:43:02] STATUS product_id=97824 status=404
[2026-04-24 13:43:02] FINISHED product_id=97824 status=failed
[2026-04-24 13:43:02] Batch 19: total=3, success=2, error=1, time=22.12s
[2026-04-24 13:43:06] RUNNING batch=20 size=3
[2026-04-24 13:43:06] QUEUE product_id=86908 retry=0
[2026-04-24 13:43:06] ACQUIRED product_id=86908 retry=0
[2026-04-24 13:43:06] QUEUE product_id=93573 retry=0
[2026-04-24 13:43:06] QUEUE product_id=101749 retry=0
[2026-04-24 13:43:11] STATUS product_id=86908 status=200
[2026-04-24 13:43:11] ACQUIRED product_id=93573 retry=0
[2026-04-24 13:43:11] FINISHED product_id=86908 status=success
[2026-04-24 13:43:15] STATUS product_id=93573 status=403
[2026-04-24 13:43:15] RETRY product_id=93573 reason=status_403 sleep=4.33s
[2026-04-24 13:43:15] ACQUIRED product_id=101749 retry=0
[2026-04-24 13:43:19] STATUS product_id=101749 status=404
[2026-04-24 13:43:19] FINISHED product_id=101749 status=failed
[2026-04-24 13:43:19] QUEUE product_id=93573 retry=1
[2026-04-24 13:43:19] ACQUIRED product_id=93573 retry=1
[2026-04-24 13:43:24] STATUS product_id=93573 status=403
[2026-04-24 13:43:24] FINISHED product_id=93573 status=failed
[2026-04-24 13:43:24] Batch 20: total=3, success=1, error=2, time=17.49s
[2026-04-24 13:43:28] RUNNING batch=21 size=3
[2026-04-24 13:43:28] QUEUE product_id=98981 retry=0
[2026-04-24 13:43:28] ACQUIRED product_id=98981 retry=0
[2026-04-24 13:43:28] QUEUE product_id=90289 retry=0
[2026-04-24 13:43:28] QUEUE product_id=90987 retry=0
[2026-04-24 13:43:33] STATUS product_id=98981 status=403
[2026-04-24 13:43:33] RETRY product_id=98981 reason=status_403 sleep=4.33s
[2026-04-24 13:43:33] ACQUIRED product_id=90289 retry=0
[2026-04-24 13:43:37] QUEUE product_id=98981 retry=1
[2026-04-24 13:43:38] STATUS product_id=90289 status=404
[2026-04-24 13:43:38] ACQUIRED product_id=90987 retry=0
[2026-04-24 13:43:38] FINISHED product_id=90289 status=failed
[2026-04-24 13:43:42] STATUS product_id=90987 status=403
[2026-04-24 13:43:42] RETRY product_id=90987 reason=status_403 sleep=3.82s
[2026-04-24 13:43:42] ACQUIRED product_id=98981 retry=1
[2026-04-24 13:43:45] QUEUE product_id=90987 retry=1
[2026-04-24 13:43:47] STATUS product_id=98981 status=200
[2026-04-24 13:43:47] ACQUIRED product_id=90987 retry=1
[2026-04-24 13:43:47] FINISHED product_id=98981 status=success
[2026-04-24 13:43:52] STATUS product_id=90987 status=404
[2026-04-24 13:43:52] FINISHED product_id=90987 status=failed
[2026-04-24 13:43:52] Batch 21: total=3, success=1, error=2, time=24.53s
[2026-04-24 13:43:57] RUNNING batch=22 size=3
[2026-04-24 13:43:57] QUEUE product_id=90219 retry=0
[2026-04-24 13:43:57] ACQUIRED product_id=90219 retry=0
[2026-04-24 13:43:57] QUEUE product_id=90176 retry=0
[2026-04-24 13:43:57] QUEUE product_id=98728 retry=0
[2026-04-24 13:44:00] STATUS product_id=90219 status=403
[2026-04-24 13:44:00] RETRY product_id=90219 reason=status_403 sleep=4.04s
[2026-04-24 13:44:00] ACQUIRED product_id=90176 retry=0
[2026-04-24 13:44:04] QUEUE product_id=90219 retry=1
[2026-04-24 13:44:05] STATUS product_id=90176 status=403
[2026-04-24 13:44:05] RETRY product_id=90176 reason=status_403 sleep=3.55s
[2026-04-24 13:44:05] ACQUIRED product_id=98728 retry=0
[2026-04-24 13:44:09] QUEUE product_id=90176 retry=1
[2026-04-24 13:44:10] STATUS product_id=98728 status=403
[2026-04-24 13:44:10] RETRY product_id=98728 reason=status_403 sleep=3.80s
[2026-04-24 13:44:10] ACQUIRED product_id=90219 retry=1
[2026-04-24 13:44:14] STATUS product_id=90219 status=403
[2026-04-24 13:44:14] ACQUIRED product_id=90176 retry=1
[2026-04-24 13:44:14] FINISHED product_id=90219 status=failed
[2026-04-24 13:44:14] QUEUE product_id=98728 retry=1
[2026-04-24 13:44:19] STATUS product_id=90176 status=200
[2026-04-24 13:44:19] ACQUIRED product_id=98728 retry=1
[2026-04-24 13:44:19] FINISHED product_id=90176 status=success
[2026-04-24 13:44:25] STATUS product_id=98728 status=200
[2026-04-24 13:44:25] FINISHED product_id=98728 status=success
[2026-04-24 13:44:25] Batch 22: total=3, success=2, error=1, time=28.70s
[2026-04-24 13:44:29] RUNNING batch=23 size=3
[2026-04-24 13:44:29] QUEUE product_id=92849 retry=0
[2026-04-24 13:44:29] ACQUIRED product_id=92849 retry=0
[2026-04-24 13:44:29] QUEUE product_id=97507 retry=0
[2026-04-24 13:44:29] QUEUE product_id=95924 retry=0
[2026-04-24 13:44:33] STATUS product_id=92849 status=200
[2026-04-24 13:44:33] ACQUIRED product_id=97507 retry=0
[2026-04-24 13:44:33] FINISHED product_id=92849 status=success
[2026-04-24 13:44:38] STATUS product_id=97507 status=404
[2026-04-24 13:44:38] ACQUIRED product_id=95924 retry=0
[2026-04-24 13:44:38] FINISHED product_id=97507 status=failed
[2026-04-24 13:44:42] STATUS product_id=95924 status=403
[2026-04-24 13:44:42] RETRY product_id=95924 reason=status_403 sleep=4.40s
[2026-04-24 13:44:46] QUEUE product_id=95924 retry=1
[2026-04-24 13:44:46] ACQUIRED product_id=95924 retry=1
[2026-04-24 13:44:50] STATUS product_id=95924 status=403
[2026-04-24 13:44:50] FINISHED product_id=95924 status=failed
[2026-04-24 13:44:50] Batch 23: total=3, success=1, error=2, time=21.17s
[2026-04-24 13:44:55] RUNNING batch=24 size=3
[2026-04-24 13:44:55] QUEUE product_id=99186 retry=0
[2026-04-24 13:44:55] ACQUIRED product_id=99186 retry=0
[2026-04-24 13:44:55] QUEUE product_id=92075 retry=0
[2026-04-24 13:44:55] QUEUE product_id=104278 retry=0
[2026-04-24 13:44:59] STATUS product_id=99186 status=403
[2026-04-24 13:44:59] RETRY product_id=99186 reason=status_403 sleep=3.99s
[2026-04-24 13:44:59] ACQUIRED product_id=92075 retry=0
[2026-04-24 13:45:03] QUEUE product_id=99186 retry=1
[2026-04-24 13:45:05] STATUS product_id=92075 status=200
[2026-04-24 13:45:05] ACQUIRED product_id=104278 retry=0
[2026-04-24 13:45:05] FINISHED product_id=92075 status=success
[2026-04-24 13:45:08] STATUS product_id=104278 status=403
[2026-04-24 13:45:08] RETRY product_id=104278 reason=status_403 sleep=3.69s
[2026-04-24 13:45:08] ACQUIRED product_id=99186 retry=1
[2026-04-24 13:45:12] QUEUE product_id=104278 retry=1
[2026-04-24 13:45:12] STATUS product_id=99186 status=403
[2026-04-24 13:45:12] ACQUIRED product_id=104278 retry=1
[2026-04-24 13:45:12] FINISHED product_id=99186 status=failed
[2026-04-24 13:45:16] STATUS product_id=104278 status=200
[2026-04-24 13:45:16] FINISHED product_id=104278 status=success
[2026-04-24 13:45:16] Batch 24: total=3, success=2, error=1, time=21.70s
[2026-04-24 13:45:20] RUNNING batch=25 size=3
[2026-04-24 13:45:20] QUEUE product_id=86905 retry=0
[2026-04-24 13:45:20] ACQUIRED product_id=86905 retry=0
[2026-04-24 13:45:20] QUEUE product_id=102982 retry=0
[2026-04-24 13:45:20] QUEUE product_id=93560 retry=0
[2026-04-24 13:45:25] STATUS product_id=86905 status=403
[2026-04-24 13:45:25] RETRY product_id=86905 reason=status_403 sleep=3.67s
[2026-04-24 13:45:25] ACQUIRED product_id=102982 retry=0
[2026-04-24 13:45:29] QUEUE product_id=86905 retry=1
[2026-04-24 13:45:31] STATUS product_id=102982 status=200
[2026-04-24 13:45:31] ACQUIRED product_id=93560 retry=0
[2026-04-24 13:45:31] FINISHED product_id=102982 status=success
[2026-04-24 13:45:36] STATUS product_id=93560 status=200
[2026-04-24 13:45:36] ACQUIRED product_id=86905 retry=1
[2026-04-24 13:45:36] FINISHED product_id=93560 status=success
[2026-04-24 13:45:40] STATUS product_id=86905 status=403
[2026-04-24 13:45:40] FINISHED product_id=86905 status=failed
[2026-04-24 13:45:40] Batch 25: total=3, success=2, error=1, time=19.68s
[2026-04-24 13:45:44] RUNNING batch=26 size=3
[2026-04-24 13:45:44] QUEUE product_id=98727 retry=0
[2026-04-24 13:45:44] ACQUIRED product_id=98727 retry=0
[2026-04-24 13:45:44] QUEUE product_id=99972 retry=0
[2026-04-24 13:45:44] QUEUE product_id=92270 retry=0
[2026-04-24 13:45:48] STATUS product_id=98727 status=403
[2026-04-24 13:45:48] RETRY product_id=98727 reason=status_403 sleep=3.94s
[2026-04-24 13:45:48] ACQUIRED product_id=99972 retry=0
[2026-04-24 13:45:51] STATUS product_id=99972 status=403
[2026-04-24 13:45:51] RETRY product_id=99972 reason=status_403 sleep=3.74s
[2026-04-24 13:45:51] ACQUIRED product_id=92270 retry=0
[2026-04-24 13:45:51] QUEUE product_id=98727 retry=1
[2026-04-24 13:45:55] STATUS product_id=92270 status=403
[2026-04-24 13:45:55] RETRY product_id=92270 reason=status_403 sleep=4.10s
[2026-04-24 13:45:55] ACQUIRED product_id=98727 retry=1
[2026-04-24 13:45:55] QUEUE product_id=99972 retry=1
[2026-04-24 13:45:59] QUEUE product_id=92270 retry=1
[2026-04-24 13:45:59] STATUS product_id=98727 status=200
[2026-04-24 13:45:59] ACQUIRED product_id=99972 retry=1
[2026-04-24 13:45:59] FINISHED product_id=98727 status=success
[2026-04-24 13:46:04] STATUS product_id=99972 status=403
[2026-04-24 13:46:04] ACQUIRED product_id=92270 retry=1
[2026-04-24 13:46:04] FINISHED product_id=99972 status=failed
[2026-04-24 13:46:10] STATUS product_id=92270 status=200
[2026-04-24 13:46:10] FINISHED product_id=92270 status=success
[2026-04-24 13:46:10] Batch 26: total=3, success=2, error=1, time=25.48s
[2026-04-24 13:46:14] RUNNING batch=27 size=3
[2026-04-24 13:46:14] QUEUE product_id=85777 retry=0
[2026-04-24 13:46:14] ACQUIRED product_id=85777 retry=0
[2026-04-24 13:46:14] QUEUE product_id=99073 retry=0
[2026-04-24 13:46:14] QUEUE product_id=95494 retry=0
[2026-04-24 13:46:17] STATUS product_id=85777 status=403
[2026-04-24 13:46:17] RETRY product_id=85777 reason=status_403 sleep=3.52s
[2026-04-24 13:46:17] ACQUIRED product_id=99073 retry=0
[2026-04-24 13:46:21] STATUS product_id=99073 status=403
[2026-04-24 13:46:21] RETRY product_id=99073 reason=status_403 sleep=4.31s
[2026-04-24 13:46:21] ACQUIRED product_id=95494 retry=0
[2026-04-24 13:46:21] QUEUE product_id=85777 retry=1
[2026-04-24 13:46:25] QUEUE product_id=99073 retry=1
[2026-04-24 13:46:25] STATUS product_id=95494 status=403
[2026-04-24 13:46:25] RETRY product_id=95494 reason=status_403 sleep=3.92s
[2026-04-24 13:46:25] ACQUIRED product_id=85777 retry=1
[2026-04-24 13:46:29] QUEUE product_id=95494 retry=1
[2026-04-24 13:46:31] STATUS product_id=85777 status=200
[2026-04-24 13:46:31] ACQUIRED product_id=99073 retry=1
[2026-04-24 13:46:31] FINISHED product_id=85777 status=success
[2026-04-24 13:46:35] STATUS product_id=99073 status=403
[2026-04-24 13:46:35] ACQUIRED product_id=95494 retry=1
[2026-04-24 13:46:35] FINISHED product_id=99073 status=failed
[2026-04-24 13:46:40] STATUS product_id=95494 status=200
[2026-04-24 13:46:40] FINISHED product_id=95494 status=success
[2026-04-24 13:46:40] Batch 27: total=3, success=2, error=1, time=26.77s
[2026-04-24 13:46:43] RUNNING batch=28 size=3
[2026-04-24 13:46:43] QUEUE product_id=110423 retry=0
[2026-04-24 13:46:43] ACQUIRED product_id=110423 retry=0
[2026-04-24 13:46:43] QUEUE product_id=97422 retry=0
[2026-04-24 13:46:43] QUEUE product_id=98359 retry=0
[2026-04-24 13:46:47] STATUS product_id=110423 status=403
[2026-04-24 13:46:47] RETRY product_id=110423 reason=status_403 sleep=3.82s
[2026-04-24 13:46:47] ACQUIRED product_id=97422 retry=0
[2026-04-24 13:46:51] QUEUE product_id=110423 retry=1
[2026-04-24 13:46:51] STATUS product_id=97422 status=403
[2026-04-24 13:46:51] RETRY product_id=97422 reason=status_403 sleep=4.01s
[2026-04-24 13:46:51] ACQUIRED product_id=98359 retry=0
[2026-04-24 13:46:55] QUEUE product_id=97422 retry=1
[2026-04-24 13:46:57] STATUS product_id=98359 status=200
[2026-04-24 13:46:57] ACQUIRED product_id=110423 retry=1
[2026-04-24 13:46:57] FINISHED product_id=98359 status=success
[2026-04-24 13:47:00] STATUS product_id=110423 status=403
[2026-04-24 13:47:00] ACQUIRED product_id=97422 retry=1
[2026-04-24 13:47:00] FINISHED product_id=110423 status=failed
[2026-04-24 13:47:06] STATUS product_id=97422 status=200
[2026-04-24 13:47:06] FINISHED product_id=97422 status=success
[2026-04-24 13:47:06] Batch 28: total=3, success=2, error=1, time=22.54s
[2026-04-24 13:47:10] RUNNING batch=29 size=3
[2026-04-24 13:47:10] QUEUE product_id=92471 retry=0
[2026-04-24 13:47:10] ACQUIRED product_id=92471 retry=0
[2026-04-24 13:47:10] QUEUE product_id=109675 retry=0
[2026-04-24 13:47:10] QUEUE product_id=92323 retry=0
[2026-04-24 13:47:15] STATUS product_id=92471 status=403
[2026-04-24 13:47:15] RETRY product_id=92471 reason=status_403 sleep=4.15s
[2026-04-24 13:47:15] ACQUIRED product_id=109675 retry=0
[2026-04-24 13:47:19] QUEUE product_id=92471 retry=1
[2026-04-24 13:47:20] STATUS product_id=109675 status=200
[2026-04-24 13:47:20] ACQUIRED product_id=92323 retry=0
[2026-04-24 13:47:20] FINISHED product_id=109675 status=success
[2026-04-24 13:47:24] STATUS product_id=92323 status=403
[2026-04-24 13:47:24] RETRY product_id=92323 reason=status_403 sleep=3.95s
[2026-04-24 13:47:24] ACQUIRED product_id=92471 retry=1
[2026-04-24 13:47:28] QUEUE product_id=92323 retry=1
[2026-04-24 13:47:30] STATUS product_id=92471 status=200
[2026-04-24 13:47:30] ACQUIRED product_id=92323 retry=1
[2026-04-24 13:47:30] FINISHED product_id=92471 status=success
[2026-04-24 13:47:35] STATUS product_id=92323 status=200
[2026-04-24 13:47:35] FINISHED product_id=92323 status=success
[2026-04-24 13:47:35] Batch 29: total=3, success=3, error=0, time=25.80s
[2026-04-24 13:47:40] RUNNING batch=30 size=3
[2026-04-24 13:47:40] QUEUE product_id=92320 retry=0
[2026-04-24 13:47:40] ACQUIRED product_id=92320 retry=0
[2026-04-24 13:47:40] QUEUE product_id=108781 retry=0
[2026-04-24 13:47:40] QUEUE product_id=105906 retry=0
[2026-04-24 13:47:44] STATUS product_id=92320 status=200
[2026-04-24 13:47:44] ACQUIRED product_id=108781 retry=0
[2026-04-24 13:47:44] FINISHED product_id=92320 status=success
[2026-04-24 13:47:48] STATUS product_id=108781 status=403
[2026-04-24 13:47:48] RETRY product_id=108781 reason=status_403 sleep=4.24s
[2026-04-24 13:47:48] ACQUIRED product_id=105906 retry=0
[2026-04-24 13:47:52] QUEUE product_id=108781 retry=1
[2026-04-24 13:47:53] STATUS product_id=105906 status=200
[2026-04-24 13:47:53] ACQUIRED product_id=108781 retry=1
[2026-04-24 13:47:53] FINISHED product_id=105906 status=success
[2026-04-24 13:47:59] STATUS product_id=108781 status=200
[2026-04-24 13:47:59] FINISHED product_id=108781 status=success
[2026-04-24 13:47:59] Batch 30: total=3, success=3, error=0, time=18.96s
[2026-04-24 13:48:04] RUNNING batch=31 size=3
[2026-04-24 13:48:04] QUEUE product_id=91094 retry=0
[2026-04-24 13:48:04] ACQUIRED product_id=91094 retry=0
[2026-04-24 13:48:04] QUEUE product_id=96642 retry=0
[2026-04-24 13:48:04] QUEUE product_id=102016 retry=0
[2026-04-24 13:48:08] STATUS product_id=91094 status=403
[2026-04-24 13:48:08] RETRY product_id=91094 reason=status_403 sleep=4.08s
[2026-04-24 13:48:08] ACQUIRED product_id=96642 retry=0
[2026-04-24 13:48:12] QUEUE product_id=91094 retry=1
[2026-04-24 13:48:12] STATUS product_id=96642 status=200
[2026-04-24 13:48:12] ACQUIRED product_id=102016 retry=0
[2026-04-24 13:48:12] FINISHED product_id=96642 status=success
[2026-04-24 13:48:17] STATUS product_id=102016 status=200
[2026-04-24 13:48:17] ACQUIRED product_id=91094 retry=1
[2026-04-24 13:48:17] FINISHED product_id=102016 status=success
[2026-04-24 13:48:20] STATUS product_id=91094 status=403
[2026-04-24 13:48:20] FINISHED product_id=91094 status=failed
[2026-04-24 13:48:20] Batch 31: total=3, success=2, error=1, time=16.77s
[2026-04-24 13:48:25] RUNNING batch=32 size=3
[2026-04-24 13:48:25] QUEUE product_id=103174 retry=0
[2026-04-24 13:48:25] ACQUIRED product_id=103174 retry=0
[2026-04-24 13:48:25] QUEUE product_id=97106 retry=0
[2026-04-24 13:48:25] QUEUE product_id=99685 retry=0
[2026-04-24 13:48:29] STATUS product_id=103174 status=403
[2026-04-24 13:48:29] RETRY product_id=103174 reason=status_403 sleep=3.69s
[2026-04-24 13:48:29] ACQUIRED product_id=97106 retry=0
[2026-04-24 13:48:33] QUEUE product_id=103174 retry=1
[2026-04-24 13:48:33] STATUS product_id=97106 status=404
[2026-04-24 13:48:33] ACQUIRED product_id=99685 retry=0
[2026-04-24 13:48:33] FINISHED product_id=97106 status=failed
[2026-04-24 13:48:39] STATUS product_id=99685 status=200
[2026-04-24 13:48:39] ACQUIRED product_id=103174 retry=1
[2026-04-24 13:48:39] FINISHED product_id=99685 status=success
[2026-04-24 13:48:44] STATUS product_id=103174 status=403
[2026-04-24 13:48:44] FINISHED product_id=103174 status=failed
[2026-04-24 13:48:44] Batch 32: total=3, success=1, error=2, time=18.37s
[2026-04-24 13:48:48] RUNNING batch=33 size=3
[2026-04-24 13:48:48] QUEUE product_id=92715 retry=0
[2026-04-24 13:48:48] ACQUIRED product_id=92715 retry=0
[2026-04-24 13:48:48] QUEUE product_id=110302 retry=0
[2026-04-24 13:48:48] QUEUE product_id=88444 retry=0
[2026-04-24 13:48:52] STATUS product_id=92715 status=403
[2026-04-24 13:48:52] RETRY product_id=92715 reason=status_403 sleep=3.65s
[2026-04-24 13:48:52] ACQUIRED product_id=110302 retry=0
[2026-04-24 13:48:56] QUEUE product_id=92715 retry=1
[2026-04-24 13:48:56] STATUS product_id=110302 status=403
[2026-04-24 13:48:56] RETRY product_id=110302 reason=status_403 sleep=4.33s
[2026-04-24 13:48:56] ACQUIRED product_id=88444 retry=0
[2026-04-24 13:49:01] QUEUE product_id=110302 retry=1
[2026-04-24 13:49:01] STATUS product_id=88444 status=403
[2026-04-24 13:49:01] RETRY product_id=88444 reason=status_403 sleep=3.63s
[2026-04-24 13:49:01] ACQUIRED product_id=92715 retry=1
[2026-04-24 13:49:04] QUEUE product_id=88444 retry=1
[2026-04-24 13:49:07] STATUS product_id=92715 status=200
[2026-04-24 13:49:07] ACQUIRED product_id=110302 retry=1
[2026-04-24 13:49:07] FINISHED product_id=92715 status=success
[2026-04-24 13:49:10] STATUS product_id=110302 status=403
[2026-04-24 13:49:10] ACQUIRED product_id=88444 retry=1
[2026-04-24 13:49:10] FINISHED product_id=110302 status=failed
[2026-04-24 13:49:13] STATUS product_id=88444 status=403
[2026-04-24 13:49:13] FINISHED product_id=88444 status=failed
[2026-04-24 13:49:13] Batch 33: total=3, success=1, error=2, time=25.34s
[2026-04-24 13:49:16] RUNNING batch=34 size=3
[2026-04-24 13:49:16] QUEUE product_id=105407 retry=0
[2026-04-24 13:49:16] ACQUIRED product_id=105407 retry=0
[2026-04-24 13:49:16] QUEUE product_id=105845 retry=0
[2026-04-24 13:49:16] QUEUE product_id=90262 retry=0
[2026-04-24 13:49:22] STATUS product_id=105407 status=200
[2026-04-24 13:49:22] ACQUIRED product_id=105845 retry=0
[2026-04-24 13:49:22] FINISHED product_id=105407 status=success
[2026-04-24 13:49:25] STATUS product_id=105845 status=403
[2026-04-24 13:49:25] RETRY product_id=105845 reason=status_403 sleep=3.61s
[2026-04-24 13:49:25] ACQUIRED product_id=90262 retry=0
[2026-04-24 13:49:29] STATUS product_id=90262 status=403
[2026-04-24 13:49:29] RETRY product_id=90262 reason=status_403 sleep=3.54s
[2026-04-24 13:49:29] QUEUE product_id=105845 retry=1
[2026-04-24 13:49:29] ACQUIRED product_id=105845 retry=1
[2026-04-24 13:49:32] QUEUE product_id=90262 retry=1
[2026-04-24 13:49:33] STATUS product_id=105845 status=403
[2026-04-24 13:49:33] ACQUIRED product_id=90262 retry=1
[2026-04-24 13:49:33] FINISHED product_id=105845 status=failed
[2026-04-24 13:49:38] STATUS product_id=90262 status=404
[2026-04-24 13:49:38] FINISHED product_id=90262 status=failed
[2026-04-24 13:49:38] Batch 34: total=3, success=1, error=2, time=21.44s
[2026-04-24 13:49:42] RUNNING batch=35 size=3
[2026-04-24 13:49:42] QUEUE product_id=87787 retry=0
[2026-04-24 13:49:42] ACQUIRED product_id=87787 retry=0
[2026-04-24 13:49:42] QUEUE product_id=107931 retry=0
[2026-04-24 13:49:42] QUEUE product_id=92257 retry=0
[2026-04-24 13:49:46] STATUS product_id=87787 status=403
[2026-04-24 13:49:46] RETRY product_id=87787 reason=status_403 sleep=4.19s
[2026-04-24 13:49:46] ACQUIRED product_id=107931 retry=0
[2026-04-24 13:49:49] STATUS product_id=107931 status=403
[2026-04-24 13:49:49] RETRY product_id=107931 reason=status_403 sleep=3.78s
[2026-04-24 13:49:49] ACQUIRED product_id=92257 retry=0
[2026-04-24 13:49:50] QUEUE product_id=87787 retry=1
[2026-04-24 13:49:53] QUEUE product_id=107931 retry=1
[2026-04-24 13:49:54] STATUS product_id=92257 status=403
[2026-04-24 13:49:54] RETRY product_id=92257 reason=status_403 sleep=4.25s
[2026-04-24 13:49:54] ACQUIRED product_id=87787 retry=1
[2026-04-24 13:49:58] QUEUE product_id=92257 retry=1
[2026-04-24 13:49:59] STATUS product_id=87787 status=403
[2026-04-24 13:49:59] ACQUIRED product_id=107931 retry=1
[2026-04-24 13:49:59] FINISHED product_id=87787 status=failed
[2026-04-24 13:50:03] STATUS product_id=107931 status=403
[2026-04-24 13:50:03] ACQUIRED product_id=92257 retry=1
[2026-04-24 13:50:03] FINISHED product_id=107931 status=failed
[2026-04-24 13:50:07] STATUS product_id=92257 status=200
[2026-04-24 13:50:07] FINISHED product_id=92257 status=success
[2026-04-24 13:50:07] Batch 35: total=3, success=1, error=2, time=25.11s
[2026-04-24 13:50:11] RUNNING batch=36 size=3
[2026-04-24 13:50:11] QUEUE product_id=95611 retry=0
[2026-04-24 13:50:11] ACQUIRED product_id=95611 retry=0
[2026-04-24 13:50:11] QUEUE product_id=90988 retry=0
[2026-04-24 13:50:11] QUEUE product_id=101519 retry=0
[2026-04-24 13:50:14] STATUS product_id=95611 status=403
[2026-04-24 13:50:14] RETRY product_id=95611 reason=status_403 sleep=4.46s
[2026-04-24 13:50:14] ACQUIRED product_id=90988 retry=0
[2026-04-24 13:50:18] QUEUE product_id=95611 retry=1
[2026-04-24 13:50:18] STATUS product_id=90988 status=404
[2026-04-24 13:50:18] ACQUIRED product_id=101519 retry=0
[2026-04-24 13:50:18] FINISHED product_id=90988 status=failed
[2026-04-24 13:50:23] STATUS product_id=101519 status=403
[2026-04-24 13:50:23] RETRY product_id=101519 reason=status_403 sleep=3.82s
[2026-04-24 13:50:23] ACQUIRED product_id=95611 retry=1
[2026-04-24 13:50:27] QUEUE product_id=101519 retry=1
[2026-04-24 13:50:28] STATUS product_id=95611 status=200
[2026-04-24 13:50:28] ACQUIRED product_id=101519 retry=1
[2026-04-24 13:50:28] FINISHED product_id=95611 status=success
[2026-04-24 13:50:32] STATUS product_id=101519 status=403
[2026-04-24 13:50:32] FINISHED product_id=101519 status=failed
[2026-04-24 13:50:32] Batch 36: total=3, success=1, error=2, time=21.54s
[2026-04-24 13:50:37] RUNNING batch=37 size=3
[2026-04-24 13:50:37] QUEUE product_id=102495 retry=0
[2026-04-24 13:50:37] ACQUIRED product_id=102495 retry=0
[2026-04-24 13:50:37] QUEUE product_id=98178 retry=0
[2026-04-24 13:50:37] QUEUE product_id=90750 retry=0
[2026-04-24 13:50:41] STATUS product_id=102495 status=200
[2026-04-24 13:50:41] ACQUIRED product_id=98178 retry=0
[2026-04-24 13:50:41] FINISHED product_id=102495 status=success
[2026-04-24 13:50:46] STATUS product_id=98178 status=404
[2026-04-24 13:50:46] ACQUIRED product_id=90750 retry=0
[2026-04-24 13:50:46] FINISHED product_id=98178 status=failed
[2026-04-24 13:50:51] STATUS product_id=90750 status=200
[2026-04-24 13:50:51] FINISHED product_id=90750 status=success
[2026-04-24 13:50:51] Batch 37: total=3, success=2, error=1, time=14.07s
[2026-04-24 13:50:55] RUNNING batch=38 size=3
[2026-04-24 13:50:55] QUEUE product_id=103709 retry=0
[2026-04-24 13:50:55] ACQUIRED product_id=103709 retry=0
[2026-04-24 13:50:55] QUEUE product_id=101232 retry=0
[2026-04-24 13:50:55] QUEUE product_id=96537 retry=0
[2026-04-24 13:50:59] STATUS product_id=103709 status=403
[2026-04-24 13:50:59] RETRY product_id=103709 reason=status_403 sleep=4.09s
[2026-04-24 13:50:59] ACQUIRED product_id=101232 retry=0
[2026-04-24 13:51:03] STATUS product_id=101232 status=403
[2026-04-24 13:51:03] RETRY product_id=101232 reason=status_403 sleep=3.52s
[2026-04-24 13:51:03] ACQUIRED product_id=96537 retry=0
[2026-04-24 13:51:03] QUEUE product_id=103709 retry=1
[2026-04-24 13:51:06] QUEUE product_id=101232 retry=1
[2026-04-24 13:51:08] STATUS product_id=96537 status=200
[2026-04-24 13:51:08] ACQUIRED product_id=103709 retry=1
[2026-04-24 13:51:08] FINISHED product_id=96537 status=success
[2026-04-24 13:51:14] STATUS product_id=103709 status=200
[2026-04-24 13:51:14] ACQUIRED product_id=101232 retry=1
[2026-04-24 13:51:14] FINISHED product_id=103709 status=success
[2026-04-24 13:51:19] STATUS product_id=101232 status=403
[2026-04-24 13:51:19] FINISHED product_id=101232 status=failed
[2026-04-24 13:51:19] Batch 38: total=3, success=2, error=1, time=23.49s
[2026-04-24 13:51:22] RUNNING batch=39 size=3
[2026-04-24 13:51:22] QUEUE product_id=104218 retry=0
[2026-04-24 13:51:22] ACQUIRED product_id=104218 retry=0
[2026-04-24 13:51:22] QUEUE product_id=96678 retry=0
[2026-04-24 13:51:22] QUEUE product_id=110316 retry=0
[2026-04-24 13:51:27] STATUS product_id=104218 status=200
[2026-04-24 13:51:27] ACQUIRED product_id=96678 retry=0
[2026-04-24 13:51:27] FINISHED product_id=104218 status=success
[2026-04-24 13:51:34] STATUS product_id=96678 status=200
[2026-04-24 13:51:34] ACQUIRED product_id=110316 retry=0
[2026-04-24 13:51:34] FINISHED product_id=96678 status=success
[2026-04-24 13:51:38] STATUS product_id=110316 status=403
[2026-04-24 13:51:38] RETRY product_id=110316 reason=status_403 sleep=3.94s
[2026-04-24 13:51:42] QUEUE product_id=110316 retry=1
[2026-04-24 13:51:42] ACQUIRED product_id=110316 retry=1
[2026-04-24 13:51:45] STATUS product_id=110316 status=403
[2026-04-24 13:51:45] FINISHED product_id=110316 status=failed
[2026-04-24 13:51:45] Batch 39: total=3, success=2, error=1, time=23.02s
[2026-04-24 13:51:48] RUNNING batch=40 size=3
[2026-04-24 13:51:48] QUEUE product_id=96449 retry=0
[2026-04-24 13:51:48] ACQUIRED product_id=96449 retry=0
[2026-04-24 13:51:48] QUEUE product_id=102583 retry=0
[2026-04-24 13:51:48] QUEUE product_id=100446 retry=0
[2026-04-24 13:51:53] STATUS product_id=96449 status=403
[2026-04-24 13:51:53] RETRY product_id=96449 reason=status_403 sleep=3.51s
[2026-04-24 13:51:53] ACQUIRED product_id=102583 retry=0
[2026-04-24 13:51:57] QUEUE product_id=96449 retry=1
[2026-04-24 13:51:58] STATUS product_id=102583 status=403
[2026-04-24 13:51:58] RETRY product_id=102583 reason=status_403 sleep=3.92s
[2026-04-24 13:51:58] ACQUIRED product_id=100446 retry=0
[2026-04-24 13:52:01] QUEUE product_id=102583 retry=1
[2026-04-24 13:52:02] STATUS product_id=100446 status=403
[2026-04-24 13:52:02] RETRY product_id=100446 reason=status_403 sleep=4.03s
[2026-04-24 13:52:02] ACQUIRED product_id=96449 retry=1
[2026-04-24 13:52:06] STATUS product_id=96449 status=403
[2026-04-24 13:52:06] ACQUIRED product_id=102583 retry=1
[2026-04-24 13:52:06] FINISHED product_id=96449 status=failed
[2026-04-24 13:52:07] QUEUE product_id=100446 retry=1
[2026-04-24 13:52:11] STATUS product_id=102583 status=404
[2026-04-24 13:52:11] ACQUIRED product_id=100446 retry=1
[2026-04-24 13:52:11] FINISHED product_id=102583 status=failed
[2026-04-24 13:52:15] STATUS product_id=100446 status=403
[2026-04-24 13:52:15] FINISHED product_id=100446 status=failed
[2026-04-24 13:52:15] Batch 40: total=3, success=0, error=3, time=26.75s
[2026-04-24 13:52:19] RUNNING batch=41 size=3
[2026-04-24 13:52:19] QUEUE product_id=110543 retry=0
[2026-04-24 13:52:19] ACQUIRED product_id=110543 retry=0
[2026-04-24 13:52:19] QUEUE product_id=95501 retry=0
[2026-04-24 13:52:19] QUEUE product_id=91270 retry=0
[2026-04-24 13:52:23] STATUS product_id=110543 status=403
[2026-04-24 13:52:23] RETRY product_id=110543 reason=status_403 sleep=3.57s
[2026-04-24 13:52:23] ACQUIRED product_id=95501 retry=0
[2026-04-24 13:52:27] QUEUE product_id=110543 retry=1
[2026-04-24 13:52:29] STATUS product_id=95501 status=200
[2026-04-24 13:52:29] ACQUIRED product_id=91270 retry=0
[2026-04-24 13:52:29] FINISHED product_id=95501 status=success
[2026-04-24 13:52:34] STATUS product_id=91270 status=403
[2026-04-24 13:52:34] RETRY product_id=91270 reason=status_403 sleep=4.13s
[2026-04-24 13:52:34] ACQUIRED product_id=110543 retry=1
[2026-04-24 13:52:38] QUEUE product_id=91270 retry=1
[2026-04-24 13:52:38] STATUS product_id=110543 status=404
[2026-04-24 13:52:38] ACQUIRED product_id=91270 retry=1
[2026-04-24 13:52:38] FINISHED product_id=110543 status=failed
[2026-04-24 13:52:44] STATUS product_id=91270 status=200
[2026-04-24 13:52:44] FINISHED product_id=91270 status=success
[2026-04-24 13:52:44] Batch 41: total=3, success=2, error=1, time=25.17s
[2026-04-24 13:52:49] RUNNING batch=42 size=3
[2026-04-24 13:52:49] QUEUE product_id=95212 retry=0
[2026-04-24 13:52:49] ACQUIRED product_id=95212 retry=0
[2026-04-24 13:52:49] QUEUE product_id=97610 retry=0
[2026-04-24 13:52:49] QUEUE product_id=93300 retry=0
[2026-04-24 13:52:55] STATUS product_id=95212 status=200
[2026-04-24 13:52:55] ACQUIRED product_id=97610 retry=0
[2026-04-24 13:52:55] FINISHED product_id=95212 status=success
[2026-04-24 13:52:58] STATUS product_id=97610 status=403
[2026-04-24 13:52:58] RETRY product_id=97610 reason=status_403 sleep=4.00s
[2026-04-24 13:52:58] ACQUIRED product_id=93300 retry=0
[2026-04-24 13:53:02] QUEUE product_id=97610 retry=1
[2026-04-24 13:53:04] STATUS product_id=93300 status=200
[2026-04-24 13:53:04] ACQUIRED product_id=97610 retry=1
[2026-04-24 13:53:04] FINISHED product_id=93300 status=success
[2026-04-24 13:53:08] STATUS product_id=97610 status=200
[2026-04-24 13:53:08] FINISHED product_id=97610 status=success
[2026-04-24 13:53:08] Batch 42: total=3, success=3, error=0, time=19.39s
[2026-04-24 13:53:12] RUNNING batch=43 size=3
[2026-04-24 13:53:12] QUEUE product_id=97808 retry=0
[2026-04-24 13:53:12] ACQUIRED product_id=97808 retry=0
[2026-04-24 13:53:12] QUEUE product_id=93574 retry=0
[2026-04-24 13:53:12] QUEUE product_id=93282 retry=0
[2026-04-24 13:53:15] STATUS product_id=97808 status=403
[2026-04-24 13:53:15] RETRY product_id=97808 reason=status_403 sleep=4.44s
[2026-04-24 13:53:15] ACQUIRED product_id=93574 retry=0
[2026-04-24 13:53:20] QUEUE product_id=97808 retry=1
[2026-04-24 13:53:20] STATUS product_id=93574 status=403
[2026-04-24 13:53:20] RETRY product_id=93574 reason=status_403 sleep=4.16s
[2026-04-24 13:53:20] ACQUIRED product_id=93282 retry=0
[2026-04-24 13:53:23] STATUS product_id=93282 status=403
[2026-04-24 13:53:23] RETRY product_id=93282 reason=status_403 sleep=4.15s
[2026-04-24 13:53:23] ACQUIRED product_id=97808 retry=1
[2026-04-24 13:53:24] QUEUE product_id=93574 retry=1
[2026-04-24 13:53:27] QUEUE product_id=93282 retry=1
[2026-04-24 13:53:28] STATUS product_id=97808 status=200
[2026-04-24 13:53:28] ACQUIRED product_id=93574 retry=1
[2026-04-24 13:53:28] FINISHED product_id=97808 status=success
[2026-04-24 13:53:33] STATUS product_id=93574 status=403
[2026-04-24 13:53:33] ACQUIRED product_id=93282 retry=1
[2026-04-24 13:53:33] FINISHED product_id=93574 status=failed
[2026-04-24 13:53:38] STATUS product_id=93282 status=200
[2026-04-24 13:53:38] FINISHED product_id=93282 status=success
[2026-04-24 13:53:38] Batch 43: total=3, success=2, error=1, time=25.92s
[2026-04-24 13:53:41] RUNNING batch=44 size=3
[2026-04-24 13:53:41] QUEUE product_id=98848 retry=0
[2026-04-24 13:53:41] ACQUIRED product_id=98848 retry=0
[2026-04-24 13:53:41] QUEUE product_id=97822 retry=0
[2026-04-24 13:53:41] QUEUE product_id=102020 retry=0
[2026-04-24 13:53:47] STATUS product_id=98848 status=200
[2026-04-24 13:53:47] ACQUIRED product_id=97822 retry=0
[2026-04-24 13:53:47] FINISHED product_id=98848 status=success
[2026-04-24 13:53:52] STATUS product_id=97822 status=403
[2026-04-24 13:53:52] RETRY product_id=97822 reason=status_403 sleep=4.05s
[2026-04-24 13:53:52] ACQUIRED product_id=102020 retry=0
[2026-04-24 13:53:56] QUEUE product_id=97822 retry=1
[2026-04-24 13:53:56] STATUS product_id=102020 status=403
[2026-04-24 13:53:56] RETRY product_id=102020 reason=status_403 sleep=4.50s
[2026-04-24 13:53:56] ACQUIRED product_id=97822 retry=1
[2026-04-24 13:54:01] QUEUE product_id=102020 retry=1
[2026-04-24 13:54:01] STATUS product_id=97822 status=403
[2026-04-24 13:54:01] ACQUIRED product_id=102020 retry=1
[2026-04-24 13:54:01] FINISHED product_id=97822 status=failed
[2026-04-24 13:54:05] STATUS product_id=102020 status=403
[2026-04-24 13:54:05] FINISHED product_id=102020 status=failed
[2026-04-24 13:54:05] Batch 44: total=3, success=1, error=2, time=23.74s
[2026-04-24 13:54:09] RUNNING batch=45 size=3
[2026-04-24 13:54:09] QUEUE product_id=110200 retry=0
[2026-04-24 13:54:09] ACQUIRED product_id=110200 retry=0
[2026-04-24 13:54:09] QUEUE product_id=106384 retry=0
[2026-04-24 13:54:09] QUEUE product_id=90992 retry=0
[2026-04-24 13:54:15] STATUS product_id=110200 status=200
[2026-04-24 13:54:15] ACQUIRED product_id=106384 retry=0
[2026-04-24 13:54:15] FINISHED product_id=110200 status=success
[2026-04-24 13:54:19] STATUS product_id=106384 status=200
[2026-04-24 13:54:19] ACQUIRED product_id=90992 retry=0
[2026-04-24 13:54:19] FINISHED product_id=106384 status=success
[2026-04-24 13:54:25] STATUS product_id=90992 status=200
[2026-04-24 13:54:25] FINISHED product_id=90992 status=success
[2026-04-24 13:54:25] Batch 45: total=3, success=3, error=0, time=15.64s
[2026-04-24 13:54:30] RUNNING batch=46 size=3
[2026-04-24 13:54:30] QUEUE product_id=90235 retry=0
[2026-04-24 13:54:30] ACQUIRED product_id=90235 retry=0
[2026-04-24 13:54:30] QUEUE product_id=91006 retry=0
[2026-04-24 13:54:30] QUEUE product_id=99063 retry=0
[2026-04-24 13:54:34] STATUS product_id=90235 status=403
[2026-04-24 13:54:34] RETRY product_id=90235 reason=status_403 sleep=3.91s
[2026-04-24 13:54:34] ACQUIRED product_id=91006 retry=0
[2026-04-24 13:54:38] QUEUE product_id=90235 retry=1
[2026-04-24 13:54:39] STATUS product_id=91006 status=403
[2026-04-24 13:54:39] RETRY product_id=91006 reason=status_403 sleep=3.77s
[2026-04-24 13:54:39] ACQUIRED product_id=99063 retry=0
[2026-04-24 13:54:43] QUEUE product_id=91006 retry=1
[2026-04-24 13:54:44] STATUS product_id=99063 status=403
[2026-04-24 13:54:44] RETRY product_id=99063 reason=status_403 sleep=3.58s
[2026-04-24 13:54:44] ACQUIRED product_id=90235 retry=1
[2026-04-24 13:54:47] QUEUE product_id=99063 retry=1
[2026-04-24 13:54:47] STATUS product_id=90235 status=403
[2026-04-24 13:54:47] ACQUIRED product_id=91006 retry=1
[2026-04-24 13:54:47] FINISHED product_id=90235 status=failed
[2026-04-24 13:54:51] STATUS product_id=91006 status=403
[2026-04-24 13:54:51] ACQUIRED product_id=99063 retry=1
[2026-04-24 13:54:51] FINISHED product_id=91006 status=failed
[2026-04-24 13:54:55] STATUS product_id=99063 status=404
[2026-04-24 13:54:55] FINISHED product_id=99063 status=failed
[2026-04-24 13:54:55] Batch 46: total=3, success=0, error=3, time=25.23s
[2026-04-24 13:54:59] RUNNING batch=47 size=3
[2026-04-24 13:54:59] QUEUE product_id=97443 retry=0
[2026-04-24 13:54:59] ACQUIRED product_id=97443 retry=0
[2026-04-24 13:54:59] QUEUE product_id=93549 retry=0
[2026-04-24 13:54:59] QUEUE product_id=85213 retry=0
[2026-04-24 13:55:04] STATUS product_id=97443 status=403
[2026-04-24 13:55:04] RETRY product_id=97443 reason=status_403 sleep=3.75s
[2026-04-24 13:55:04] ACQUIRED product_id=93549 retry=0
[2026-04-24 13:55:08] QUEUE product_id=97443 retry=1
[2026-04-24 13:55:10] STATUS product_id=93549 status=200
[2026-04-24 13:55:10] ACQUIRED product_id=85213 retry=0
[2026-04-24 13:55:10] FINISHED product_id=93549 status=success
[2026-04-24 13:55:15] STATUS product_id=85213 status=200
[2026-04-24 13:55:15] ACQUIRED product_id=97443 retry=1
[2026-04-24 13:55:15] FINISHED product_id=85213 status=success
[2026-04-24 13:55:19] STATUS product_id=97443 status=403
[2026-04-24 13:55:19] FINISHED product_id=97443 status=failed
[2026-04-24 13:55:19] Batch 47: total=3, success=2, error=1, time=20.00s
[2026-04-24 13:55:23] RUNNING batch=48 size=3
[2026-04-24 13:55:23] QUEUE product_id=95230 retry=0
[2026-04-24 13:55:23] ACQUIRED product_id=95230 retry=0
[2026-04-24 13:55:23] QUEUE product_id=98448 retry=0
[2026-04-24 13:55:23] QUEUE product_id=110871 retry=0
[2026-04-24 13:55:29] STATUS product_id=95230 status=200
[2026-04-24 13:55:29] ACQUIRED product_id=98448 retry=0
[2026-04-24 13:55:29] FINISHED product_id=95230 status=success
[2026-04-24 13:55:35] STATUS product_id=98448 status=200
[2026-04-24 13:55:35] ACQUIRED product_id=110871 retry=0
[2026-04-24 13:55:35] FINISHED product_id=98448 status=success
[2026-04-24 13:55:38] STATUS product_id=110871 status=403
[2026-04-24 13:55:38] RETRY product_id=110871 reason=status_403 sleep=3.53s
[2026-04-24 13:55:42] QUEUE product_id=110871 retry=1
[2026-04-24 13:55:42] ACQUIRED product_id=110871 retry=1
[2026-04-24 13:55:47] STATUS product_id=110871 status=200
[2026-04-24 13:55:47] FINISHED product_id=110871 status=success
[2026-04-24 13:55:47] Batch 48: total=3, success=3, error=0, time=23.34s
[2026-04-24 13:55:52] RUNNING batch=49 size=3
[2026-04-24 13:55:52] QUEUE product_id=90503 retry=0
[2026-04-24 13:55:52] ACQUIRED product_id=90503 retry=0
[2026-04-24 13:55:52] QUEUE product_id=103524 retry=0
[2026-04-24 13:55:52] QUEUE product_id=99783 retry=0
[2026-04-24 13:55:56] STATUS product_id=90503 status=403
[2026-04-24 13:55:56] RETRY product_id=90503 reason=status_403 sleep=3.56s
[2026-04-24 13:55:56] ACQUIRED product_id=103524 retry=0
[2026-04-24 13:55:59] QUEUE product_id=90503 retry=1
[2026-04-24 13:56:02] STATUS product_id=103524 status=200
[2026-04-24 13:56:02] ACQUIRED product_id=99783 retry=0
[2026-04-24 13:56:02] FINISHED product_id=103524 status=success
[2026-04-24 13:56:05] STATUS product_id=99783 status=403
[2026-04-24 13:56:05] RETRY product_id=99783 reason=status_403 sleep=4.04s
[2026-04-24 13:56:05] ACQUIRED product_id=90503 retry=1
[2026-04-24 13:56:09] QUEUE product_id=99783 retry=1
[2026-04-24 13:56:12] STATUS product_id=90503 status=200
[2026-04-24 13:56:12] ACQUIRED product_id=99783 retry=1
[2026-04-24 13:56:12] FINISHED product_id=90503 status=success
[2026-04-24 13:56:17] STATUS product_id=99783 status=403
[2026-04-24 13:56:17] FINISHED product_id=99783 status=failed
[2026-04-24 13:56:17] Batch 49: total=3, success=2, error=1, time=25.08s
[2026-04-24 13:56:21] RUNNING batch=50 size=3
[2026-04-24 13:56:21] QUEUE product_id=100211 retry=0
[2026-04-24 13:56:21] ACQUIRED product_id=100211 retry=0
[2026-04-24 13:56:21] QUEUE product_id=99953 retry=0
[2026-04-24 13:56:21] QUEUE product_id=101412 retry=0
[2026-04-24 13:56:26] STATUS product_id=100211 status=200
[2026-04-24 13:56:26] ACQUIRED product_id=99953 retry=0
[2026-04-24 13:56:26] FINISHED product_id=100211 status=success
[2026-04-24 13:56:31] STATUS product_id=99953 status=200
[2026-04-24 13:56:31] ACQUIRED product_id=101412 retry=0
[2026-04-24 13:56:31] FINISHED product_id=99953 status=success
[2026-04-24 13:56:36] STATUS product_id=101412 status=404
[2026-04-24 13:56:36] FINISHED product_id=101412 status=failed
[2026-04-24 13:56:36] Batch 50: total=3, success=2, error=1, time=15.37s
[2026-04-24 13:56:40] RUNNING batch=51 size=3
[2026-04-24 13:56:40] QUEUE product_id=101348 retry=0
[2026-04-24 13:56:40] ACQUIRED product_id=101348 retry=0
[2026-04-24 13:56:40] QUEUE product_id=96874 retry=0
[2026-04-24 13:56:40] QUEUE product_id=90856 retry=0
[2026-04-24 13:56:44] STATUS product_id=101348 status=403
[2026-04-24 13:56:44] RETRY product_id=101348 reason=status_403 sleep=4.01s
[2026-04-24 13:56:44] ACQUIRED product_id=96874 retry=0
[2026-04-24 13:56:47] STATUS product_id=96874 status=403
[2026-04-24 13:56:47] RETRY product_id=96874 reason=status_403 sleep=4.00s
[2026-04-24 13:56:47] ACQUIRED product_id=90856 retry=0
[2026-04-24 13:56:48] QUEUE product_id=101348 retry=1
[2026-04-24 13:56:51] QUEUE product_id=96874 retry=1
[2026-04-24 13:56:52] STATUS product_id=90856 status=403
[2026-04-24 13:56:52] RETRY product_id=90856 reason=status_403 sleep=3.58s
[2026-04-24 13:56:52] ACQUIRED product_id=101348 retry=1
[2026-04-24 13:56:55] QUEUE product_id=90856 retry=1
[2026-04-24 13:56:56] STATUS product_id=101348 status=200
[2026-04-24 13:56:56] ACQUIRED product_id=96874 retry=1
[2026-04-24 13:56:56] FINISHED product_id=101348 status=success
[2026-04-24 13:57:00] STATUS product_id=96874 status=403
[2026-04-24 13:57:00] ACQUIRED product_id=90856 retry=1
[2026-04-24 13:57:00] FINISHED product_id=96874 status=failed
[2026-04-24 13:57:05] STATUS product_id=90856 status=403
[2026-04-24 13:57:05] FINISHED product_id=90856 status=failed
[2026-04-24 13:57:05] Batch 51: total=3, success=1, error=2, time=24.50s
[2026-04-24 13:57:09] RUNNING batch=52 size=3
[2026-04-24 13:57:09] QUEUE product_id=99116 retry=0
[2026-04-24 13:57:09] ACQUIRED product_id=99116 retry=0
[2026-04-24 13:57:09] QUEUE product_id=88932 retry=0
[2026-04-24 13:57:09] QUEUE product_id=88915 retry=0
[2026-04-24 13:57:12] STATUS product_id=99116 status=403
[2026-04-24 13:57:12] RETRY product_id=99116 reason=status_403 sleep=4.42s
[2026-04-24 13:57:12] ACQUIRED product_id=88932 retry=0
[2026-04-24 13:57:17] QUEUE product_id=99116 retry=1
[2026-04-24 13:57:18] STATUS product_id=88932 status=404
[2026-04-24 13:57:18] ACQUIRED product_id=88915 retry=0
[2026-04-24 13:57:18] FINISHED product_id=88932 status=failed
[2026-04-24 13:57:21] STATUS product_id=88915 status=403
[2026-04-24 13:57:21] RETRY product_id=88915 reason=status_403 sleep=3.95s
[2026-04-24 13:57:21] ACQUIRED product_id=99116 retry=1
[2026-04-24 13:57:25] STATUS product_id=99116 status=403
[2026-04-24 13:57:25] FINISHED product_id=99116 status=failed
[2026-04-24 13:57:25] QUEUE product_id=88915 retry=1
[2026-04-24 13:57:25] ACQUIRED product_id=88915 retry=1
[2026-04-24 13:57:30] STATUS product_id=88915 status=404
[2026-04-24 13:57:30] FINISHED product_id=88915 status=failed
[2026-04-24 13:57:30] Batch 52: total=3, success=0, error=3, time=21.16s
[2026-04-24 13:57:33] RUNNING batch=53 size=3
[2026-04-24 13:57:33] QUEUE product_id=98914 retry=0
[2026-04-24 13:57:33] ACQUIRED product_id=98914 retry=0
[2026-04-24 13:57:33] QUEUE product_id=96813 retry=0
[2026-04-24 13:57:33] QUEUE product_id=94846 retry=0
[2026-04-24 13:57:37] STATUS product_id=98914 status=404
[2026-04-24 13:57:37] ACQUIRED product_id=96813 retry=0
[2026-04-24 13:57:37] FINISHED product_id=98914 status=failed
[2026-04-24 13:57:42] STATUS product_id=96813 status=200
[2026-04-24 13:57:42] ACQUIRED product_id=94846 retry=0
[2026-04-24 13:57:42] FINISHED product_id=96813 status=success
[2026-04-24 13:57:47] STATUS product_id=94846 status=403
[2026-04-24 13:57:47] RETRY product_id=94846 reason=status_403 sleep=3.73s
[2026-04-24 13:57:51] QUEUE product_id=94846 retry=1
[2026-04-24 13:57:51] ACQUIRED product_id=94846 retry=1
[2026-04-24 13:57:55] STATUS product_id=94846 status=403
[2026-04-24 13:57:55] FINISHED product_id=94846 status=failed
[2026-04-24 13:57:55] Batch 53: total=3, success=1, error=2, time=21.93s
[2026-04-24 13:58:00] RUNNING batch=54 size=3
[2026-04-24 13:58:00] QUEUE product_id=96709 retry=0
[2026-04-24 13:58:00] ACQUIRED product_id=96709 retry=0
[2026-04-24 13:58:00] QUEUE product_id=110480 retry=0
[2026-04-24 13:58:00] QUEUE product_id=106379 retry=0
[2026-04-24 13:58:05] STATUS product_id=96709 status=403
[2026-04-24 13:58:05] RETRY product_id=96709 reason=status_403 sleep=4.26s
[2026-04-24 13:58:05] ACQUIRED product_id=110480 retry=0
[2026-04-24 13:58:09] QUEUE product_id=96709 retry=1
[2026-04-24 13:58:11] STATUS product_id=110480 status=200
[2026-04-24 13:58:11] ACQUIRED product_id=106379 retry=0
[2026-04-24 13:58:11] FINISHED product_id=110480 status=success
[2026-04-24 13:58:15] STATUS product_id=106379 status=403
[2026-04-24 13:58:15] RETRY product_id=106379 reason=status_403 sleep=3.61s
[2026-04-24 13:58:15] ACQUIRED product_id=96709 retry=1
[2026-04-24 13:58:19] QUEUE product_id=106379 retry=1
[2026-04-24 13:58:21] STATUS product_id=96709 status=200
[2026-04-24 13:58:21] ACQUIRED product_id=106379 retry=1
[2026-04-24 13:58:21] FINISHED product_id=96709 status=success
[2026-04-24 13:58:26] STATUS product_id=106379 status=403
[2026-04-24 13:58:26] FINISHED product_id=106379 status=failed
[2026-04-24 13:58:26] Batch 54: total=3, success=2, error=1, time=26.17s
[2026-04-24 13:58:30] RUNNING batch=55 size=3
[2026-04-24 13:58:30] QUEUE product_id=104010 retry=0
[2026-04-24 13:58:30] ACQUIRED product_id=104010 retry=0
[2026-04-24 13:58:30] QUEUE product_id=101634 retry=0
[2026-04-24 13:58:30] QUEUE product_id=105303 retry=0
[2026-04-24 13:58:36] STATUS product_id=104010 status=200
[2026-04-24 13:58:36] ACQUIRED product_id=101634 retry=0
[2026-04-24 13:58:36] FINISHED product_id=104010 status=success
[2026-04-24 13:58:40] STATUS product_id=101634 status=403
[2026-04-24 13:58:40] RETRY product_id=101634 reason=status_403 sleep=3.77s
[2026-04-24 13:58:40] ACQUIRED product_id=105303 retry=0
[2026-04-24 13:58:43] STATUS product_id=105303 status=403
[2026-04-24 13:58:43] RETRY product_id=105303 reason=status_403 sleep=3.56s
[2026-04-24 13:58:43] QUEUE product_id=101634 retry=1
[2026-04-24 13:58:43] ACQUIRED product_id=101634 retry=1
[2026-04-24 13:58:47] QUEUE product_id=105303 retry=1
[2026-04-24 13:58:48] STATUS product_id=101634 status=403
[2026-04-24 13:58:48] ACQUIRED product_id=105303 retry=1
[2026-04-24 13:58:48] FINISHED product_id=101634 status=failed
[2026-04-24 13:58:52] STATUS product_id=105303 status=403
[2026-04-24 13:58:52] FINISHED product_id=105303 status=failed
[2026-04-24 13:58:52] Batch 55: total=3, success=1, error=2, time=22.05s
[2026-04-24 13:58:56] RUNNING batch=56 size=3
[2026-04-24 13:58:56] QUEUE product_id=100667 retry=0
[2026-04-24 13:58:56] ACQUIRED product_id=100667 retry=0
[2026-04-24 13:58:56] QUEUE product_id=99763 retry=0
[2026-04-24 13:58:56] QUEUE product_id=109649 retry=0
[2026-04-24 13:59:01] STATUS product_id=100667 status=200
[2026-04-24 13:59:01] ACQUIRED product_id=99763 retry=0
[2026-04-24 13:59:01] FINISHED product_id=100667 status=success
[2026-04-24 13:59:06] STATUS product_id=99763 status=200
[2026-04-24 13:59:06] ACQUIRED product_id=109649 retry=0
[2026-04-24 13:59:06] FINISHED product_id=99763 status=success
[2026-04-24 13:59:10] STATUS product_id=109649 status=403
[2026-04-24 13:59:10] RETRY product_id=109649 reason=status_403 sleep=3.94s
[2026-04-24 13:59:14] QUEUE product_id=109649 retry=1
[2026-04-24 13:59:14] ACQUIRED product_id=109649 retry=1
[2026-04-24 13:59:18] STATUS product_id=109649 status=200
[2026-04-24 13:59:18] FINISHED product_id=109649 status=success
[2026-04-24 13:59:18] Batch 56: total=3, success=3, error=0, time=21.91s
[2026-04-24 13:59:23] RUNNING batch=57 size=3
[2026-04-24 13:59:23] QUEUE product_id=96562 retry=0
[2026-04-24 13:59:23] ACQUIRED product_id=96562 retry=0
[2026-04-24 13:59:23] QUEUE product_id=106957 retry=0
[2026-04-24 13:59:23] QUEUE product_id=106959 retry=0
[2026-04-24 13:59:27] STATUS product_id=96562 status=403
[2026-04-24 13:59:27] RETRY product_id=96562 reason=status_403 sleep=3.69s
[2026-04-24 13:59:27] ACQUIRED product_id=106957 retry=0
[2026-04-24 13:59:30] QUEUE product_id=96562 retry=1
[2026-04-24 13:59:31] STATUS product_id=106957 status=404
[2026-04-24 13:59:31] ACQUIRED product_id=106959 retry=0
[2026-04-24 13:59:31] FINISHED product_id=106957 status=failed
[2026-04-24 13:59:36] STATUS product_id=106959 status=403
[2026-04-24 13:59:36] RETRY product_id=106959 reason=status_403 sleep=4.05s
[2026-04-24 13:59:36] ACQUIRED product_id=96562 retry=1
[2026-04-24 13:59:40] QUEUE product_id=106959 retry=1
[2026-04-24 13:59:41] STATUS product_id=96562 status=200
[2026-04-24 13:59:41] ACQUIRED product_id=106959 retry=1
[2026-04-24 13:59:41] FINISHED product_id=96562 status=success
[2026-04-24 13:59:45] STATUS product_id=106959 status=403
[2026-04-24 13:59:45] FINISHED product_id=106959 status=failed
[2026-04-24 13:59:45] Batch 57: total=3, success=1, error=2, time=22.38s
[2026-04-24 13:59:49] RUNNING batch=58 size=3
[2026-04-24 13:59:49] QUEUE product_id=111316 retry=0
[2026-04-24 13:59:49] ACQUIRED product_id=111316 retry=0
[2026-04-24 13:59:49] QUEUE product_id=101206 retry=0
[2026-04-24 13:59:49] QUEUE product_id=101918 retry=0
[2026-04-24 13:59:54] STATUS product_id=111316 status=403
[2026-04-24 13:59:54] RETRY product_id=111316 reason=status_403 sleep=3.94s
[2026-04-24 13:59:54] ACQUIRED product_id=101206 retry=0
[2026-04-24 13:59:58] QUEUE product_id=111316 retry=1
[2026-04-24 13:59:59] STATUS product_id=101206 status=200
[2026-04-24 13:59:59] ACQUIRED product_id=101918 retry=0
[2026-04-24 13:59:59] FINISHED product_id=101206 status=success
[2026-04-24 14:00:03] STATUS product_id=101918 status=403
[2026-04-24 14:00:03] RETRY product_id=101918 reason=status_403 sleep=3.69s
[2026-04-24 14:00:03] ACQUIRED product_id=111316 retry=1
[2026-04-24 14:00:07] QUEUE product_id=101918 retry=1
[2026-04-24 14:00:08] STATUS product_id=111316 status=403
[2026-04-24 14:00:08] ACQUIRED product_id=101918 retry=1
[2026-04-24 14:00:08] FINISHED product_id=111316 status=failed
[2026-04-24 14:00:13] STATUS product_id=101918 status=403
[2026-04-24 14:00:13] FINISHED product_id=101918 status=failed
[2026-04-24 14:00:13] Batch 58: total=3, success=1, error=2, time=23.33s
[2026-04-24 14:00:17] RUNNING batch=59 size=3
[2026-04-24 14:00:17] QUEUE product_id=111322 retry=0
[2026-04-24 14:00:17] ACQUIRED product_id=111322 retry=0
[2026-04-24 14:00:17] QUEUE product_id=90876 retry=0
[2026-04-24 14:00:17] QUEUE product_id=96541 retry=0
[2026-04-24 14:00:22] STATUS product_id=111322 status=200
[2026-04-24 14:00:22] ACQUIRED product_id=90876 retry=0
[2026-04-24 14:00:22] FINISHED product_id=111322 status=success
[2026-04-24 14:00:27] STATUS product_id=90876 status=403
[2026-04-24 14:00:27] RETRY product_id=90876 reason=status_403 sleep=4.26s
[2026-04-24 14:00:27] ACQUIRED product_id=96541 retry=0
[2026-04-24 14:00:31] QUEUE product_id=90876 retry=1
[2026-04-24 14:00:32] STATUS product_id=96541 status=403
[2026-04-24 14:00:32] RETRY product_id=96541 reason=status_403 sleep=3.73s
[2026-04-24 14:00:32] ACQUIRED product_id=90876 retry=1
[2026-04-24 14:00:36] QUEUE product_id=96541 retry=1
[2026-04-24 14:00:37] STATUS product_id=90876 status=403
[2026-04-24 14:00:37] ACQUIRED product_id=96541 retry=1
[2026-04-24 14:00:37] FINISHED product_id=90876 status=failed
[2026-04-24 14:00:41] STATUS product_id=96541 status=200
[2026-04-24 14:00:41] FINISHED product_id=96541 status=success
[2026-04-24 14:00:41] Batch 59: total=3, success=2, error=1, time=24.56s
[2026-04-24 14:00:44] RUNNING batch=60 size=3
[2026-04-24 14:00:44] QUEUE product_id=103851 retry=0
[2026-04-24 14:00:44] ACQUIRED product_id=103851 retry=0
[2026-04-24 14:00:44] QUEUE product_id=95538 retry=0
[2026-04-24 14:00:44] QUEUE product_id=91057 retry=0
[2026-04-24 14:00:48] STATUS product_id=103851 status=403
[2026-04-24 14:00:48] RETRY product_id=103851 reason=status_403 sleep=3.54s
[2026-04-24 14:00:48] ACQUIRED product_id=95538 retry=0
[2026-04-24 14:00:52] STATUS product_id=95538 status=403
[2026-04-24 14:00:52] RETRY product_id=95538 reason=status_403 sleep=4.19s
[2026-04-24 14:00:52] ACQUIRED product_id=91057 retry=0
[2026-04-24 14:00:52] QUEUE product_id=103851 retry=1
[2026-04-24 14:00:56] STATUS product_id=91057 status=403
[2026-04-24 14:00:56] RETRY product_id=91057 reason=status_403 sleep=4.36s
[2026-04-24 14:00:56] ACQUIRED product_id=103851 retry=1
[2026-04-24 14:00:56] QUEUE product_id=95538 retry=1
[2026-04-24 14:01:00] QUEUE product_id=91057 retry=1
[2026-04-24 14:01:01] STATUS product_id=103851 status=200
[2026-04-24 14:01:01] ACQUIRED product_id=95538 retry=1
[2026-04-24 14:01:01] FINISHED product_id=103851 status=success
[2026-04-24 14:01:06] STATUS product_id=95538 status=200
[2026-04-24 14:01:06] ACQUIRED product_id=91057 retry=1
[2026-04-24 14:01:06] FINISHED product_id=95538 status=success
[2026-04-24 14:01:11] STATUS product_id=91057 status=403
[2026-04-24 14:01:11] FINISHED product_id=91057 status=failed
[2026-04-24 14:01:11] Batch 60: total=3, success=2, error=1, time=26.13s
[2026-04-24 14:01:14] RUNNING batch=61 size=3
[2026-04-24 14:01:14] QUEUE product_id=88734 retry=0
[2026-04-24 14:01:14] ACQUIRED product_id=88734 retry=0
[2026-04-24 14:01:14] QUEUE product_id=100121 retry=0
[2026-04-24 14:01:14] QUEUE product_id=98786 retry=0
[2026-04-24 14:01:19] STATUS product_id=88734 status=403
[2026-04-24 14:01:19] RETRY product_id=88734 reason=status_403 sleep=4.01s
[2026-04-24 14:01:19] ACQUIRED product_id=100121 retry=0
[2026-04-24 14:01:22] STATUS product_id=100121 status=403
[2026-04-24 14:01:22] RETRY product_id=100121 reason=status_403 sleep=3.51s
[2026-04-24 14:01:22] ACQUIRED product_id=98786 retry=0
[2026-04-24 14:01:23] QUEUE product_id=88734 retry=1
[2026-04-24 14:01:25] QUEUE product_id=100121 retry=1
[2026-04-24 14:01:26] STATUS product_id=98786 status=200
[2026-04-24 14:01:26] ACQUIRED product_id=88734 retry=1
[2026-04-24 14:01:26] FINISHED product_id=98786 status=success
[2026-04-24 14:01:31] STATUS product_id=88734 status=403
[2026-04-24 14:01:31] ACQUIRED product_id=100121 retry=1
[2026-04-24 14:01:31] FINISHED product_id=88734 status=failed
[2026-04-24 14:01:36] STATUS product_id=100121 status=200
[2026-04-24 14:01:36] FINISHED product_id=100121 status=success
[2026-04-24 14:01:36] Batch 61: total=3, success=2, error=1, time=22.14s
[2026-04-24 14:01:40] RUNNING batch=62 size=3
[2026-04-24 14:01:40] QUEUE product_id=109838 retry=0
[2026-04-24 14:01:40] ACQUIRED product_id=109838 retry=0
[2026-04-24 14:01:40] QUEUE product_id=94982 retry=0
[2026-04-24 14:01:40] QUEUE product_id=96553 retry=0
[2026-04-24 14:01:44] STATUS product_id=109838 status=403
[2026-04-24 14:01:44] RETRY product_id=109838 reason=status_403 sleep=4.09s
[2026-04-24 14:01:44] ACQUIRED product_id=94982 retry=0
[2026-04-24 14:01:48] QUEUE product_id=109838 retry=1
[2026-04-24 14:01:49] STATUS product_id=94982 status=403
[2026-04-24 14:01:49] RETRY product_id=94982 reason=status_403 sleep=3.64s
[2026-04-24 14:01:49] ACQUIRED product_id=96553 retry=0
[2026-04-24 14:01:52] QUEUE product_id=94982 retry=1
[2026-04-24 14:01:53] STATUS product_id=96553 status=403
[2026-04-24 14:01:53] RETRY product_id=96553 reason=status_403 sleep=4.09s
[2026-04-24 14:01:53] ACQUIRED product_id=109838 retry=1
[2026-04-24 14:01:56] STATUS product_id=109838 status=403
[2026-04-24 14:01:56] ACQUIRED product_id=94982 retry=1
[2026-04-24 14:01:56] FINISHED product_id=109838 status=failed
[2026-04-24 14:01:57] QUEUE product_id=96553 retry=1
[2026-04-24 14:02:01] STATUS product_id=94982 status=200
[2026-04-24 14:02:01] ACQUIRED product_id=96553 retry=1
[2026-04-24 14:02:01] FINISHED product_id=94982 status=success
[2026-04-24 14:02:06] STATUS product_id=96553 status=403
[2026-04-24 14:02:06] FINISHED product_id=96553 status=failed
[2026-04-24 14:02:06] Batch 62: total=3, success=1, error=2, time=25.82s
[2026-04-24 14:02:11] RUNNING batch=63 size=3
[2026-04-24 14:02:11] QUEUE product_id=103922 retry=0
[2026-04-24 14:02:11] ACQUIRED product_id=103922 retry=0
[2026-04-24 14:02:11] QUEUE product_id=100109 retry=0
[2026-04-24 14:02:11] QUEUE product_id=110800 retry=0
[2026-04-24 14:02:16] STATUS product_id=103922 status=200
[2026-04-24 14:02:16] ACQUIRED product_id=100109 retry=0
[2026-04-24 14:02:16] FINISHED product_id=103922 status=success
[2026-04-24 14:02:21] STATUS product_id=100109 status=200
[2026-04-24 14:02:21] ACQUIRED product_id=110800 retry=0
[2026-04-24 14:02:21] FINISHED product_id=100109 status=success
[2026-04-24 14:02:25] STATUS product_id=110800 status=403
[2026-04-24 14:02:25] RETRY product_id=110800 reason=status_403 sleep=4.28s
[2026-04-24 14:02:29] QUEUE product_id=110800 retry=1
[2026-04-24 14:02:29] ACQUIRED product_id=110800 retry=1
[2026-04-24 14:02:34] STATUS product_id=110800 status=403
[2026-04-24 14:02:34] FINISHED product_id=110800 status=failed
[2026-04-24 14:02:34] Batch 63: total=3, success=2, error=1, time=22.60s
[2026-04-24 14:02:37] RUNNING batch=64 size=3
[2026-04-24 14:02:37] QUEUE product_id=108753 retry=0
[2026-04-24 14:02:37] ACQUIRED product_id=108753 retry=0
[2026-04-24 14:02:37] QUEUE product_id=97433 retry=0
[2026-04-24 14:02:37] QUEUE product_id=97859 retry=0
[2026-04-24 14:02:43] STATUS product_id=108753 status=403
[2026-04-24 14:02:43] RETRY product_id=108753 reason=status_403 sleep=3.52s
[2026-04-24 14:02:43] ACQUIRED product_id=97433 retry=0
[2026-04-24 14:02:46] STATUS product_id=97433 status=403
[2026-04-24 14:02:46] RETRY product_id=97433 reason=status_403 sleep=3.84s
[2026-04-24 14:02:46] ACQUIRED product_id=97859 retry=0
[2026-04-24 14:02:46] QUEUE product_id=108753 retry=1
[2026-04-24 14:02:50] QUEUE product_id=97433 retry=1
[2026-04-24 14:02:51] STATUS product_id=97859 status=200
[2026-04-24 14:02:51] ACQUIRED product_id=108753 retry=1
[2026-04-24 14:02:51] FINISHED product_id=97859 status=success
[2026-04-24 14:02:56] STATUS product_id=108753 status=403
[2026-04-24 14:02:56] ACQUIRED product_id=97433 retry=1
[2026-04-24 14:02:56] FINISHED product_id=108753 status=failed
[2026-04-24 14:03:00] STATUS product_id=97433 status=403
[2026-04-24 14:03:00] FINISHED product_id=97433 status=failed
[2026-04-24 14:03:00] Batch 64: total=3, success=1, error=2, time=22.53s
[2026-04-24 14:03:03] RUNNING batch=65 size=3
[2026-04-24 14:03:03] QUEUE product_id=91067 retry=0
[2026-04-24 14:03:03] ACQUIRED product_id=91067 retry=0
[2026-04-24 14:03:03] QUEUE product_id=99072 retry=0
[2026-04-24 14:03:03] QUEUE product_id=95654 retry=0
[2026-04-24 14:03:06] STATUS product_id=91067 status=403
[2026-04-24 14:03:06] RETRY product_id=91067 reason=status_403 sleep=4.03s
[2026-04-24 14:03:06] ACQUIRED product_id=99072 retry=0
[2026-04-24 14:03:10] QUEUE product_id=91067 retry=1
[2026-04-24 14:03:11] STATUS product_id=99072 status=403
[2026-04-24 14:03:11] RETRY product_id=99072 reason=status_403 sleep=4.24s
[2026-04-24 14:03:11] ACQUIRED product_id=95654 retry=0
[2026-04-24 14:03:16] QUEUE product_id=99072 retry=1
[2026-04-24 14:03:16] STATUS product_id=95654 status=200
[2026-04-24 14:03:16] ACQUIRED product_id=91067 retry=1
[2026-04-24 14:03:16] FINISHED product_id=95654 status=success
[2026-04-24 14:03:20] STATUS product_id=91067 status=403
[2026-04-24 14:03:20] ACQUIRED product_id=99072 retry=1
[2026-04-24 14:03:20] FINISHED product_id=91067 status=failed
[2026-04-24 14:03:24] STATUS product_id=99072 status=404
[2026-04-24 14:03:24] FINISHED product_id=99072 status=failed
[2026-04-24 14:03:24] Batch 65: total=3, success=1, error=2, time=20.77s
[2026-04-24 14:03:27] RUNNING batch=66 size=3
[2026-04-24 14:03:27] QUEUE product_id=95699 retry=0
[2026-04-24 14:03:27] ACQUIRED product_id=95699 retry=0
[2026-04-24 14:03:27] QUEUE product_id=99033 retry=0
[2026-04-24 14:03:27] QUEUE product_id=104398 retry=0
[2026-04-24 14:03:33] STATUS product_id=95699 status=200
[2026-04-24 14:03:33] ACQUIRED product_id=99033 retry=0
[2026-04-24 14:03:33] FINISHED product_id=95699 status=success
[2026-04-24 14:03:36] STATUS product_id=99033 status=403
[2026-04-24 14:03:36] RETRY product_id=99033 reason=status_403 sleep=4.14s
[2026-04-24 14:03:36] ACQUIRED product_id=104398 retry=0
[2026-04-24 14:03:40] QUEUE product_id=99033 retry=1
[2026-04-24 14:03:42] STATUS product_id=104398 status=200
[2026-04-24 14:03:42] ACQUIRED product_id=99033 retry=1
[2026-04-24 14:03:42] FINISHED product_id=104398 status=success
[2026-04-24 14:03:46] STATUS product_id=99033 status=403
[2026-04-24 14:03:46] FINISHED product_id=99033 status=failed
[2026-04-24 14:03:46] Batch 66: total=3, success=2, error=1, time=18.22s
[2026-04-24 14:03:49] RUNNING batch=67 size=3
[2026-04-24 14:03:49] QUEUE product_id=91068 retry=0
[2026-04-24 14:03:49] ACQUIRED product_id=91068 retry=0
[2026-04-24 14:03:49] QUEUE product_id=84868 retry=0
[2026-04-24 14:03:49] QUEUE product_id=91090 retry=0
[2026-04-24 14:03:55] STATUS product_id=91068 status=200
[2026-04-24 14:03:55] ACQUIRED product_id=84868 retry=0
[2026-04-24 14:03:55] FINISHED product_id=91068 status=success
[2026-04-24 14:04:00] STATUS product_id=84868 status=200
[2026-04-24 14:04:00] ACQUIRED product_id=91090 retry=0
[2026-04-24 14:04:00] FINISHED product_id=84868 status=success
[2026-04-24 14:04:05] STATUS product_id=91090 status=404
[2026-04-24 14:04:05] FINISHED product_id=91090 status=failed
[2026-04-24 14:04:05] Batch 67: total=3, success=2, error=1, time=16.17s
[2026-04-24 14:04:10] RUNNING batch=68 size=3
[2026-04-24 14:04:10] QUEUE product_id=102653 retry=0
[2026-04-24 14:04:10] ACQUIRED product_id=102653 retry=0
[2026-04-24 14:04:10] QUEUE product_id=93540 retry=0
[2026-04-24 14:04:10] QUEUE product_id=97105 retry=0
[2026-04-24 14:04:15] STATUS product_id=102653 status=403
[2026-04-24 14:04:15] RETRY product_id=102653 reason=status_403 sleep=3.72s
[2026-04-24 14:04:15] ACQUIRED product_id=93540 retry=0
[2026-04-24 14:04:18] QUEUE product_id=102653 retry=1
[2026-04-24 14:04:20] STATUS product_id=93540 status=200
[2026-04-24 14:04:20] ACQUIRED product_id=97105 retry=0
[2026-04-24 14:04:20] FINISHED product_id=93540 status=success
[2026-04-24 14:04:24] STATUS product_id=97105 status=403
[2026-04-24 14:04:24] RETRY product_id=97105 reason=status_403 sleep=3.74s
[2026-04-24 14:04:24] ACQUIRED product_id=102653 retry=1
[2026-04-24 14:04:28] QUEUE product_id=97105 retry=1
[2026-04-24 14:04:29] STATUS product_id=102653 status=200
[2026-04-24 14:04:29] ACQUIRED product_id=97105 retry=1
[2026-04-24 14:04:29] FINISHED product_id=102653 status=success
[2026-04-24 14:04:35] STATUS product_id=97105 status=403
[2026-04-24 14:04:35] FINISHED product_id=97105 status=failed
[2026-04-24 14:04:35] Batch 68: total=3, success=2, error=1, time=24.95s
[2026-04-24 14:04:38] RUNNING batch=69 size=3
[2026-04-24 14:04:38] QUEUE product_id=110361 retry=0
[2026-04-24 14:04:38] ACQUIRED product_id=110361 retry=0
[2026-04-24 14:04:38] QUEUE product_id=98205 retry=0
[2026-04-24 14:04:38] QUEUE product_id=89588 retry=0
[2026-04-24 14:04:44] STATUS product_id=110361 status=200
[2026-04-24 14:04:44] ACQUIRED product_id=98205 retry=0
[2026-04-24 14:04:44] FINISHED product_id=110361 status=success
[2026-04-24 14:04:49] STATUS product_id=98205 status=403
[2026-04-24 14:04:49] RETRY product_id=98205 reason=status_403 sleep=4.48s
[2026-04-24 14:04:49] ACQUIRED product_id=89588 retry=0
[2026-04-24 14:04:53] QUEUE product_id=98205 retry=1
[2026-04-24 14:04:54] STATUS product_id=89588 status=403
[2026-04-24 14:04:54] RETRY product_id=89588 reason=status_403 sleep=4.32s
[2026-04-24 14:04:54] ACQUIRED product_id=98205 retry=1
[2026-04-24 14:04:58] QUEUE product_id=89588 retry=1
[2026-04-24 14:04:59] STATUS product_id=98205 status=404
[2026-04-24 14:04:59] ACQUIRED product_id=89588 retry=1
[2026-04-24 14:04:59] FINISHED product_id=98205 status=failed
[2026-04-24 14:05:02] STATUS product_id=89588 status=403
[2026-04-24 14:05:02] FINISHED product_id=89588 status=failed
[2026-04-24 14:05:02] Batch 69: total=3, success=1, error=2, time=24.13s
[2026-04-24 14:05:06] RUNNING batch=70 size=3
[2026-04-24 14:05:06] QUEUE product_id=93547 retry=0
[2026-04-24 14:05:06] ACQUIRED product_id=93547 retry=0
[2026-04-24 14:05:06] QUEUE product_id=109447 retry=0
[2026-04-24 14:05:06] QUEUE product_id=90400 retry=0
[2026-04-24 14:05:09] STATUS product_id=93547 status=403
[2026-04-24 14:05:09] RETRY product_id=93547 reason=status_403 sleep=3.89s
[2026-04-24 14:05:09] ACQUIRED product_id=109447 retry=0
[2026-04-24 14:05:13] QUEUE product_id=93547 retry=1
[2026-04-24 14:05:14] STATUS product_id=109447 status=403
[2026-04-24 14:05:14] RETRY product_id=109447 reason=status_403 sleep=4.11s
[2026-04-24 14:05:14] ACQUIRED product_id=90400 retry=0
[2026-04-24 14:05:18] QUEUE product_id=109447 retry=1
[2026-04-24 14:05:19] STATUS product_id=90400 status=403
[2026-04-24 14:05:19] RETRY product_id=90400 reason=status_403 sleep=4.16s
[2026-04-24 14:05:19] ACQUIRED product_id=93547 retry=1
[2026-04-24 14:05:23] QUEUE product_id=90400 retry=1
[2026-04-24 14:05:23] STATUS product_id=93547 status=200
[2026-04-24 14:05:23] ACQUIRED product_id=109447 retry=1
[2026-04-24 14:05:23] FINISHED product_id=93547 status=success
[2026-04-24 14:05:28] STATUS product_id=109447 status=200
[2026-04-24 14:05:28] ACQUIRED product_id=90400 retry=1
[2026-04-24 14:05:28] FINISHED product_id=109447 status=success
[2026-04-24 14:05:33] STATUS product_id=90400 status=404
[2026-04-24 14:05:33] FINISHED product_id=90400 status=failed
[2026-04-24 14:05:33] Batch 70: total=3, success=2, error=1, time=27.36s
[2026-04-24 14:05:36] RUNNING batch=71 size=3
[2026-04-24 14:05:36] QUEUE product_id=96461 retry=0
[2026-04-24 14:05:36] ACQUIRED product_id=96461 retry=0
[2026-04-24 14:05:36] QUEUE product_id=104344 retry=0
[2026-04-24 14:05:36] QUEUE product_id=93354 retry=0
[2026-04-24 14:05:40] STATUS product_id=96461 status=403
[2026-04-24 14:05:40] RETRY product_id=96461 reason=status_403 sleep=3.73s
[2026-04-24 14:05:40] ACQUIRED product_id=104344 retry=0
[2026-04-24 14:05:43] QUEUE product_id=96461 retry=1
[2026-04-24 14:05:44] STATUS product_id=104344 status=403
[2026-04-24 14:05:44] RETRY product_id=104344 reason=status_403 sleep=4.48s
[2026-04-24 14:05:44] ACQUIRED product_id=93354 retry=0
[2026-04-24 14:05:48] QUEUE product_id=104344 retry=1
[2026-04-24 14:05:49] STATUS product_id=93354 status=403
[2026-04-24 14:05:49] RETRY product_id=93354 reason=status_403 sleep=4.33s
[2026-04-24 14:05:49] ACQUIRED product_id=96461 retry=1
[2026-04-24 14:05:52] STATUS product_id=96461 status=403
[2026-04-24 14:05:52] ACQUIRED product_id=104344 retry=1
[2026-04-24 14:05:52] FINISHED product_id=96461 status=failed
[2026-04-24 14:05:53] QUEUE product_id=93354 retry=1
[2026-04-24 14:05:56] STATUS product_id=104344 status=403
[2026-04-24 14:05:56] ACQUIRED product_id=93354 retry=1
[2026-04-24 14:05:56] FINISHED product_id=104344 status=failed
[2026-04-24 14:06:01] STATUS product_id=93354 status=403
[2026-04-24 14:06:01] FINISHED product_id=93354 status=failed
[2026-04-24 14:06:01] Batch 71: total=3, success=0, error=3, time=24.38s
[2026-04-24 14:06:05] RUNNING batch=72 size=3
[2026-04-24 14:06:05] QUEUE product_id=95499 retry=0
[2026-04-24 14:06:05] ACQUIRED product_id=95499 retry=0
[2026-04-24 14:06:05] QUEUE product_id=91058 retry=0
[2026-04-24 14:06:05] QUEUE product_id=98514 retry=0
[2026-04-24 14:06:10] STATUS product_id=95499 status=200
[2026-04-24 14:06:10] ACQUIRED product_id=91058 retry=0
[2026-04-24 14:06:10] FINISHED product_id=95499 status=success
[2026-04-24 14:06:15] STATUS product_id=91058 status=200
[2026-04-24 14:06:15] ACQUIRED product_id=98514 retry=0
[2026-04-24 14:06:15] FINISHED product_id=91058 status=success
[2026-04-24 14:06:19] STATUS product_id=98514 status=403
[2026-04-24 14:06:19] RETRY product_id=98514 reason=status_403 sleep=3.94s
[2026-04-24 14:06:23] QUEUE product_id=98514 retry=1
[2026-04-24 14:06:23] ACQUIRED product_id=98514 retry=1
[2026-04-24 14:06:28] STATUS product_id=98514 status=200
[2026-04-24 14:06:28] FINISHED product_id=98514 status=success
[2026-04-24 14:06:28] Batch 72: total=3, success=3, error=0, time=23.39s
[2026-04-24 14:06:32] RUNNING batch=73 size=3
[2026-04-24 14:06:32] QUEUE product_id=97430 retry=0
[2026-04-24 14:06:32] ACQUIRED product_id=97430 retry=0
[2026-04-24 14:06:32] QUEUE product_id=102476 retry=0
[2026-04-24 14:06:32] QUEUE product_id=95454 retry=0
[2026-04-24 14:06:37] STATUS product_id=97430 status=200
[2026-04-24 14:06:37] ACQUIRED product_id=102476 retry=0
[2026-04-24 14:06:37] FINISHED product_id=97430 status=success
[2026-04-24 14:06:42] STATUS product_id=102476 status=200
[2026-04-24 14:06:42] ACQUIRED product_id=95454 retry=0
[2026-04-24 14:06:42] FINISHED product_id=102476 status=success
[2026-04-24 14:06:48] STATUS product_id=95454 status=200
[2026-04-24 14:06:48] FINISHED product_id=95454 status=success
[2026-04-24 14:06:48] Batch 73: total=3, success=3, error=0, time=16.94s
[2026-04-24 14:06:52] RUNNING batch=74 size=3
[2026-04-24 14:06:52] QUEUE product_id=100312 retry=0
[2026-04-24 14:06:52] ACQUIRED product_id=100312 retry=0
[2026-04-24 14:06:52] QUEUE product_id=97263 retry=0
[2026-04-24 14:06:52] QUEUE product_id=101200 retry=0
[2026-04-24 14:06:58] STATUS product_id=100312 status=200
[2026-04-24 14:06:58] ACQUIRED product_id=97263 retry=0
[2026-04-24 14:06:58] FINISHED product_id=100312 status=success
[2026-04-24 14:07:04] STATUS product_id=97263 status=200
[2026-04-24 14:07:04] ACQUIRED product_id=101200 retry=0
[2026-04-24 14:07:04] FINISHED product_id=97263 status=success
[2026-04-24 14:07:10] STATUS product_id=101200 status=200
[2026-04-24 14:07:10] FINISHED product_id=101200 status=success
[2026-04-24 14:07:10] Batch 74: total=3, success=3, error=0, time=17.69s
[2026-04-24 14:07:13] RUNNING batch=75 size=3
[2026-04-24 14:07:13] QUEUE product_id=110121 retry=0
[2026-04-24 14:07:13] ACQUIRED product_id=110121 retry=0
[2026-04-24 14:07:13] QUEUE product_id=97529 retry=0
[2026-04-24 14:07:13] QUEUE product_id=96582 retry=0
[2026-04-24 14:07:16] STATUS product_id=110121 status=403
[2026-04-24 14:07:16] RETRY product_id=110121 reason=status_403 sleep=4.24s
[2026-04-24 14:07:16] ACQUIRED product_id=97529 retry=0
[2026-04-24 14:07:20] STATUS product_id=97529 status=403
[2026-04-24 14:07:20] RETRY product_id=97529 reason=status_403 sleep=4.26s
[2026-04-24 14:07:20] ACQUIRED product_id=96582 retry=0
[2026-04-24 14:07:21] QUEUE product_id=110121 retry=1
[2026-04-24 14:07:24] QUEUE product_id=97529 retry=1
[2026-04-24 14:07:24] STATUS product_id=96582 status=404
[2026-04-24 14:07:24] ACQUIRED product_id=110121 retry=1
[2026-04-24 14:07:24] FINISHED product_id=96582 status=failed
[2026-04-24 14:07:28] STATUS product_id=110121 status=403
[2026-04-24 14:07:28] ACQUIRED product_id=97529 retry=1
[2026-04-24 14:07:28] FINISHED product_id=110121 status=failed
[2026-04-24 14:07:31] STATUS product_id=97529 status=403
[2026-04-24 14:07:31] FINISHED product_id=97529 status=failed
[2026-04-24 14:07:31] Batch 75: total=3, success=0, error=3, time=18.00s
[2026-04-24 14:07:36] RUNNING batch=76 size=3
[2026-04-24 14:07:36] QUEUE product_id=108827 retry=0
[2026-04-24 14:07:36] ACQUIRED product_id=108827 retry=0
[2026-04-24 14:07:36] QUEUE product_id=90525 retry=0
[2026-04-24 14:07:36] QUEUE product_id=103458 retry=0
[2026-04-24 14:07:41] STATUS product_id=108827 status=200
[2026-04-24 14:07:41] ACQUIRED product_id=90525 retry=0
[2026-04-24 14:07:41] FINISHED product_id=108827 status=success
[2026-04-24 14:07:47] STATUS product_id=90525 status=200
[2026-04-24 14:07:47] ACQUIRED product_id=103458 retry=0
[2026-04-24 14:07:47] FINISHED product_id=90525 status=success
[2026-04-24 14:07:52] STATUS product_id=103458 status=200
[2026-04-24 14:07:52] FINISHED product_id=103458 status=success
[2026-04-24 14:07:52] Batch 76: total=3, success=3, error=0, time=16.24s
[2026-04-24 14:07:57] RUNNING batch=77 size=3
[2026-04-24 14:07:57] QUEUE product_id=97835 retry=0
[2026-04-24 14:07:57] ACQUIRED product_id=97835 retry=0
[2026-04-24 14:07:57] QUEUE product_id=109842 retry=0
[2026-04-24 14:07:57] QUEUE product_id=101908 retry=0
[2026-04-24 14:08:03] STATUS product_id=97835 status=200
[2026-04-24 14:08:03] ACQUIRED product_id=109842 retry=0
[2026-04-24 14:08:03] FINISHED product_id=97835 status=success
[2026-04-24 14:08:08] STATUS product_id=109842 status=403
[2026-04-24 14:08:08] RETRY product_id=109842 reason=status_403 sleep=3.90s
[2026-04-24 14:08:08] ACQUIRED product_id=101908 retry=0
[2026-04-24 14:08:12] QUEUE product_id=109842 retry=1
[2026-04-24 14:08:13] STATUS product_id=101908 status=200
[2026-04-24 14:08:13] ACQUIRED product_id=109842 retry=1
[2026-04-24 14:08:13] FINISHED product_id=101908 status=success
[2026-04-24 14:08:18] STATUS product_id=109842 status=403
[2026-04-24 14:08:18] FINISHED product_id=109842 status=failed
[2026-04-24 14:08:18] Batch 77: total=3, success=2, error=1, time=20.64s
[2026-04-24 14:08:22] RUNNING batch=78 size=3
[2026-04-24 14:08:22] QUEUE product_id=91895 retry=0
[2026-04-24 14:08:22] ACQUIRED product_id=91895 retry=0
[2026-04-24 14:08:22] QUEUE product_id=107923 retry=0
[2026-04-24 14:08:22] QUEUE product_id=95706 retry=0
[2026-04-24 14:08:27] STATUS product_id=91895 status=403
[2026-04-24 14:08:27] RETRY product_id=91895 reason=status_403 sleep=3.95s
[2026-04-24 14:08:27] ACQUIRED product_id=107923 retry=0
[2026-04-24 14:08:31] QUEUE product_id=91895 retry=1
[2026-04-24 14:08:31] STATUS product_id=107923 status=403
[2026-04-24 14:08:31] RETRY product_id=107923 reason=status_403 sleep=4.23s
[2026-04-24 14:08:31] ACQUIRED product_id=95706 retry=0
[2026-04-24 14:08:35] QUEUE product_id=107923 retry=1
[2026-04-24 14:08:36] STATUS product_id=95706 status=200
[2026-04-24 14:08:36] ACQUIRED product_id=91895 retry=1
[2026-04-24 14:08:36] FINISHED product_id=95706 status=success
[2026-04-24 14:08:39] STATUS product_id=91895 status=403
[2026-04-24 14:08:39] ACQUIRED product_id=107923 retry=1
[2026-04-24 14:08:39] FINISHED product_id=91895 status=failed
[2026-04-24 14:08:43] STATUS product_id=107923 status=403
[2026-04-24 14:08:43] FINISHED product_id=107923 status=failed
[2026-04-24 14:08:43] Batch 78: total=3, success=1, error=2, time=21.43s
[2026-04-24 14:08:46] RUNNING batch=79 size=3
[2026-04-24 14:08:46] QUEUE product_id=110958 retry=0
[2026-04-24 14:08:46] ACQUIRED product_id=110958 retry=0
[2026-04-24 14:08:46] QUEUE product_id=98446 retry=0
[2026-04-24 14:08:46] QUEUE product_id=110291 retry=0
[2026-04-24 14:08:51] STATUS product_id=110958 status=200
[2026-04-24 14:08:51] ACQUIRED product_id=98446 retry=0
[2026-04-24 14:08:51] FINISHED product_id=110958 status=success
[2026-04-24 14:08:54] STATUS product_id=98446 status=403
[2026-04-24 14:08:54] RETRY product_id=98446 reason=status_403 sleep=4.10s
[2026-04-24 14:08:54] ACQUIRED product_id=110291 retry=0
[2026-04-24 14:08:58] STATUS product_id=110291 status=403
[2026-04-24 14:08:58] RETRY product_id=110291 reason=status_403 sleep=3.84s
[2026-04-24 14:08:58] QUEUE product_id=98446 retry=1
[2026-04-24 14:08:58] ACQUIRED product_id=98446 retry=1
[2026-04-24 14:09:01] QUEUE product_id=110291 retry=1
[2026-04-24 14:09:03] STATUS product_id=98446 status=404
[2026-04-24 14:09:03] ACQUIRED product_id=110291 retry=1
[2026-04-24 14:09:03] FINISHED product_id=98446 status=failed
[2026-04-24 14:09:08] STATUS product_id=110291 status=403
[2026-04-24 14:09:08] FINISHED product_id=110291 status=failed
[2026-04-24 14:09:08] Batch 79: total=3, success=1, error=2, time=21.72s
[2026-04-24 14:09:12] RUNNING batch=80 size=3
[2026-04-24 14:09:12] QUEUE product_id=89590 retry=0
[2026-04-24 14:09:12] ACQUIRED product_id=89590 retry=0
[2026-04-24 14:09:12] QUEUE product_id=101959 retry=0
[2026-04-24 14:09:12] QUEUE product_id=89172 retry=0
[2026-04-24 14:09:16] STATUS product_id=89590 status=403
[2026-04-24 14:09:16] RETRY product_id=89590 reason=status_403 sleep=4.07s
[2026-04-24 14:09:16] ACQUIRED product_id=101959 retry=0
[2026-04-24 14:09:20] QUEUE product_id=89590 retry=1
[2026-04-24 14:09:21] STATUS product_id=101959 status=403
[2026-04-24 14:09:21] RETRY product_id=101959 reason=status_403 sleep=4.39s
[2026-04-24 14:09:21] ACQUIRED product_id=89172 retry=0
[2026-04-24 14:09:25] STATUS product_id=89172 status=403
[2026-04-24 14:09:25] RETRY product_id=89172 reason=status_403 sleep=4.19s
[2026-04-24 14:09:25] ACQUIRED product_id=89590 retry=1
[2026-04-24 14:09:25] QUEUE product_id=101959 retry=1
[2026-04-24 14:09:29] QUEUE product_id=89172 retry=1
[2026-04-24 14:09:30] STATUS product_id=89590 status=403
[2026-04-24 14:09:30] ACQUIRED product_id=101959 retry=1
[2026-04-24 14:09:30] FINISHED product_id=89590 status=failed
[2026-04-24 14:09:34] STATUS product_id=101959 status=403
[2026-04-24 14:09:34] ACQUIRED product_id=89172 retry=1
[2026-04-24 14:09:34] FINISHED product_id=101959 status=failed
[2026-04-24 14:09:39] STATUS product_id=89172 status=200
[2026-04-24 14:09:39] FINISHED product_id=89172 status=success
[2026-04-24 14:09:39] Batch 80: total=3, success=1, error=2, time=26.72s
[2026-04-24 14:09:43] RUNNING batch=81 size=3
[2026-04-24 14:09:43] QUEUE product_id=105090 retry=0
[2026-04-24 14:09:43] ACQUIRED product_id=105090 retry=0
[2026-04-24 14:09:43] QUEUE product_id=110277 retry=0
[2026-04-24 14:09:43] QUEUE product_id=96860 retry=0
[2026-04-24 14:09:48] STATUS product_id=105090 status=200
[2026-04-24 14:09:48] ACQUIRED product_id=110277 retry=0
[2026-04-24 14:09:48] FINISHED product_id=105090 status=success
[2026-04-24 14:09:52] STATUS product_id=110277 status=403
[2026-04-24 14:09:52] RETRY product_id=110277 reason=status_403 sleep=3.71s
[2026-04-24 14:09:52] ACQUIRED product_id=96860 retry=0
[2026-04-24 14:09:56] QUEUE product_id=110277 retry=1
[2026-04-24 14:09:57] STATUS product_id=96860 status=403
[2026-04-24 14:09:57] RETRY product_id=96860 reason=status_403 sleep=4.37s
[2026-04-24 14:09:57] ACQUIRED product_id=110277 retry=1
[2026-04-24 14:10:01] QUEUE product_id=96860 retry=1
[2026-04-24 14:10:03] STATUS product_id=110277 status=404
[2026-04-24 14:10:03] ACQUIRED product_id=96860 retry=1
[2026-04-24 14:10:03] FINISHED product_id=110277 status=failed
[2026-04-24 14:10:07] STATUS product_id=96860 status=403
[2026-04-24 14:10:07] FINISHED product_id=96860 status=failed
[2026-04-24 14:10:07] Batch 81: total=3, success=1, error=2, time=23.73s
[2026-04-24 14:10:11] RUNNING batch=82 size=3
[2026-04-24 14:10:11] QUEUE product_id=110635 retry=0
[2026-04-24 14:10:11] ACQUIRED product_id=110635 retry=0
[2026-04-24 14:10:11] QUEUE product_id=110284 retry=0
[2026-04-24 14:10:11] QUEUE product_id=88491 retry=0
[2026-04-24 14:10:15] STATUS product_id=110635 status=403
[2026-04-24 14:10:15] RETRY product_id=110635 reason=status_403 sleep=4.34s
[2026-04-24 14:10:15] ACQUIRED product_id=110284 retry=0
[2026-04-24 14:10:19] QUEUE product_id=110635 retry=1
[2026-04-24 14:10:20] STATUS product_id=110284 status=403
[2026-04-24 14:10:20] RETRY product_id=110284 reason=status_403 sleep=3.72s
[2026-04-24 14:10:20] ACQUIRED product_id=88491 retry=0
[2026-04-24 14:10:23] QUEUE product_id=110284 retry=1
[2026-04-24 14:10:24] STATUS product_id=88491 status=403
[2026-04-24 14:10:24] RETRY product_id=88491 reason=status_403 sleep=3.93s
[2026-04-24 14:10:24] ACQUIRED product_id=110635 retry=1
[2026-04-24 14:10:28] QUEUE product_id=88491 retry=1
[2026-04-24 14:10:28] STATUS product_id=110635 status=403
[2026-04-24 14:10:28] ACQUIRED product_id=110284 retry=1
[2026-04-24 14:10:28] FINISHED product_id=110635 status=failed
[2026-04-24 14:10:32] STATUS product_id=110284 status=404
[2026-04-24 14:10:32] ACQUIRED product_id=88491 retry=1
[2026-04-24 14:10:32] FINISHED product_id=110284 status=failed
[2026-04-24 14:10:37] STATUS product_id=88491 status=403
[2026-04-24 14:10:37] FINISHED product_id=88491 status=failed
[2026-04-24 14:10:37] Batch 82: total=3, success=0, error=3, time=26.05s
[2026-04-24 14:10:42] RUNNING batch=83 size=3
[2026-04-24 14:10:42] QUEUE product_id=102553 retry=0
[2026-04-24 14:10:42] ACQUIRED product_id=102553 retry=0
[2026-04-24 14:10:42] QUEUE product_id=99014 retry=0
[2026-04-24 14:10:42] QUEUE product_id=105513 retry=0
[2026-04-24 14:10:47] STATUS product_id=102553 status=403
[2026-04-24 14:10:47] RETRY product_id=102553 reason=status_403 sleep=3.55s
[2026-04-24 14:10:47] ACQUIRED product_id=99014 retry=0
[2026-04-24 14:10:50] QUEUE product_id=102553 retry=1
[2026-04-24 14:10:52] STATUS product_id=99014 status=200
[2026-04-24 14:10:52] ACQUIRED product_id=105513 retry=0
[2026-04-24 14:10:52] FINISHED product_id=99014 status=success
[2026-04-24 14:10:55] STATUS product_id=105513 status=403
[2026-04-24 14:10:55] RETRY product_id=105513 reason=status_403 sleep=4.47s
[2026-04-24 14:10:55] ACQUIRED product_id=102553 retry=1
[2026-04-24 14:10:59] STATUS product_id=102553 status=404
[2026-04-24 14:10:59] FINISHED product_id=102553 status=failed
[2026-04-24 14:10:59] QUEUE product_id=105513 retry=1
[2026-04-24 14:10:59] ACQUIRED product_id=105513 retry=1
[2026-04-24 14:11:03] STATUS product_id=105513 status=403
[2026-04-24 14:11:03] FINISHED product_id=105513 status=failed
[2026-04-24 14:11:03] Batch 83: total=3, success=1, error=2, time=20.92s
[2026-04-24 14:11:08] RUNNING batch=84 size=3
[2026-04-24 14:11:08] QUEUE product_id=110862 retry=0
[2026-04-24 14:11:08] ACQUIRED product_id=110862 retry=0
[2026-04-24 14:11:08] QUEUE product_id=110427 retry=0
[2026-04-24 14:11:08] QUEUE product_id=96481 retry=0
[2026-04-24 14:11:12] STATUS product_id=110862 status=200
[2026-04-24 14:11:12] ACQUIRED product_id=110427 retry=0
[2026-04-24 14:11:12] FINISHED product_id=110862 status=success
[2026-04-24 14:11:16] STATUS product_id=110427 status=403
[2026-04-24 14:11:16] RETRY product_id=110427 reason=status_403 sleep=4.34s
[2026-04-24 14:11:16] ACQUIRED product_id=96481 retry=0
[2026-04-24 14:11:20] QUEUE product_id=110427 retry=1
[2026-04-24 14:11:21] STATUS product_id=96481 status=403
[2026-04-24 14:11:21] RETRY product_id=96481 reason=status_403 sleep=4.10s
[2026-04-24 14:11:21] ACQUIRED product_id=110427 retry=1
[2026-04-24 14:11:25] STATUS product_id=110427 status=403
[2026-04-24 14:11:25] FINISHED product_id=110427 status=failed
[2026-04-24 14:11:25] QUEUE product_id=96481 retry=1
[2026-04-24 14:11:25] ACQUIRED product_id=96481 retry=1
[2026-04-24 14:11:31] STATUS product_id=96481 status=200
[2026-04-24 14:11:31] FINISHED product_id=96481 status=success
[2026-04-24 14:11:31] Batch 84: total=3, success=2, error=1, time=23.32s
[2026-04-24 14:11:34] RUNNING batch=85 size=3
[2026-04-24 14:11:34] QUEUE product_id=92873 retry=0
[2026-04-24 14:11:34] ACQUIRED product_id=92873 retry=0
[2026-04-24 14:11:34] QUEUE product_id=105532 retry=0
[2026-04-24 14:11:34] QUEUE product_id=102616 retry=0
[2026-04-24 14:11:38] STATUS product_id=92873 status=403
[2026-04-24 14:11:38] RETRY product_id=92873 reason=status_403 sleep=4.37s
[2026-04-24 14:11:38] ACQUIRED product_id=105532 retry=0
[2026-04-24 14:11:42] QUEUE product_id=92873 retry=1
[2026-04-24 14:11:43] STATUS product_id=105532 status=404
[2026-04-24 14:11:43] ACQUIRED product_id=102616 retry=0
[2026-04-24 14:11:43] FINISHED product_id=105532 status=failed
[2026-04-24 14:11:48] STATUS product_id=102616 status=404
[2026-04-24 14:11:48] ACQUIRED product_id=92873 retry=1
[2026-04-24 14:11:48] FINISHED product_id=102616 status=failed
[2026-04-24 14:11:52] STATUS product_id=92873 status=403
[2026-04-24 14:11:52] FINISHED product_id=92873 status=failed
[2026-04-24 14:11:52] Batch 85: total=3, success=0, error=3, time=17.44s
[2026-04-24 14:11:55] RUNNING batch=86 size=3
[2026-04-24 14:11:55] QUEUE product_id=92277 retry=0
[2026-04-24 14:11:55] ACQUIRED product_id=92277 retry=0
[2026-04-24 14:11:55] QUEUE product_id=108697 retry=0
[2026-04-24 14:11:55] QUEUE product_id=101990 retry=0
[2026-04-24 14:12:01] STATUS product_id=92277 status=200
[2026-04-24 14:12:01] ACQUIRED product_id=108697 retry=0
[2026-04-24 14:12:01] FINISHED product_id=92277 status=success
[2026-04-24 14:12:06] STATUS product_id=108697 status=403
[2026-04-24 14:12:06] RETRY product_id=108697 reason=status_403 sleep=3.99s
[2026-04-24 14:12:06] ACQUIRED product_id=101990 retry=0
[2026-04-24 14:12:09] STATUS product_id=101990 status=403
[2026-04-24 14:12:09] RETRY product_id=101990 reason=status_403 sleep=4.36s
[2026-04-24 14:12:10] QUEUE product_id=108697 retry=1
[2026-04-24 14:12:10] ACQUIRED product_id=108697 retry=1
[2026-04-24 14:12:13] STATUS product_id=108697 status=403
[2026-04-24 14:12:13] FINISHED product_id=108697 status=failed
[2026-04-24 14:12:14] QUEUE product_id=101990 retry=1
[2026-04-24 14:12:14] ACQUIRED product_id=101990 retry=1
[2026-04-24 14:12:18] STATUS product_id=101990 status=200
[2026-04-24 14:12:18] FINISHED product_id=101990 status=success
[2026-04-24 14:12:18] Batch 86: total=3, success=2, error=1, time=22.79s
[2026-04-24 14:12:23] RUNNING batch=87 size=3
[2026-04-24 14:12:23] QUEUE product_id=95401 retry=0
[2026-04-24 14:12:23] ACQUIRED product_id=95401 retry=0
[2026-04-24 14:12:23] QUEUE product_id=96069 retry=0
[2026-04-24 14:12:23] QUEUE product_id=101466 retry=0
[2026-04-24 14:12:26] STATUS product_id=95401 status=403
[2026-04-24 14:12:26] RETRY product_id=95401 reason=status_403 sleep=4.43s
[2026-04-24 14:12:26] ACQUIRED product_id=96069 retry=0
[2026-04-24 14:12:31] QUEUE product_id=95401 retry=1
[2026-04-24 14:12:31] STATUS product_id=96069 status=200
[2026-04-24 14:12:31] ACQUIRED product_id=101466 retry=0
[2026-04-24 14:12:31] FINISHED product_id=96069 status=success
[2026-04-24 14:12:37] STATUS product_id=101466 status=200
[2026-04-24 14:12:37] ACQUIRED product_id=95401 retry=1
[2026-04-24 14:12:37] FINISHED product_id=101466 status=success
[2026-04-24 14:12:41] STATUS product_id=95401 status=403
[2026-04-24 14:12:41] FINISHED product_id=95401 status=failed
[2026-04-24 14:12:41] Batch 87: total=3, success=2, error=1, time=18.41s
[2026-04-24 14:12:46] RUNNING batch=88 size=3
[2026-04-24 14:12:46] QUEUE product_id=104586 retry=0
[2026-04-24 14:12:46] ACQUIRED product_id=104586 retry=0
[2026-04-24 14:12:46] QUEUE product_id=99692 retry=0
[2026-04-24 14:12:46] QUEUE product_id=91146 retry=0
[2026-04-24 14:12:52] STATUS product_id=104586 status=200
[2026-04-24 14:12:52] ACQUIRED product_id=99692 retry=0
[2026-04-24 14:12:52] FINISHED product_id=104586 status=success
[2026-04-24 14:12:58] STATUS product_id=99692 status=200
[2026-04-24 14:12:58] ACQUIRED product_id=91146 retry=0
[2026-04-24 14:12:58] FINISHED product_id=99692 status=success
[2026-04-24 14:13:03] STATUS product_id=91146 status=403
[2026-04-24 14:13:03] RETRY product_id=91146 reason=status_403 sleep=3.82s
[2026-04-24 14:13:07] QUEUE product_id=91146 retry=1
[2026-04-24 14:13:07] ACQUIRED product_id=91146 retry=1
[2026-04-24 14:13:12] STATUS product_id=91146 status=403
[2026-04-24 14:13:12] FINISHED product_id=91146 status=failed
[2026-04-24 14:13:12] Batch 88: total=3, success=2, error=1, time=25.53s
[2026-04-24 14:13:15] RUNNING batch=89 size=3
[2026-04-24 14:13:15] QUEUE product_id=107358 retry=0
[2026-04-24 14:13:15] ACQUIRED product_id=107358 retry=0
[2026-04-24 14:13:15] QUEUE product_id=95852 retry=0
[2026-04-24 14:13:15] QUEUE product_id=103726 retry=0
[2026-04-24 14:13:20] STATUS product_id=107358 status=200
[2026-04-24 14:13:20] ACQUIRED product_id=95852 retry=0
[2026-04-24 14:13:20] FINISHED product_id=107358 status=success
[2026-04-24 14:13:25] STATUS product_id=95852 status=403
[2026-04-24 14:13:25] RETRY product_id=95852 reason=status_403 sleep=3.86s
[2026-04-24 14:13:25] ACQUIRED product_id=103726 retry=0
[2026-04-24 14:13:28] QUEUE product_id=95852 retry=1
[2026-04-24 14:13:31] STATUS product_id=103726 status=200
[2026-04-24 14:13:31] ACQUIRED product_id=95852 retry=1
[2026-04-24 14:13:31] FINISHED product_id=103726 status=success
[2026-04-24 14:13:36] STATUS product_id=95852 status=200
[2026-04-24 14:13:36] FINISHED product_id=95852 status=success
[2026-04-24 14:13:36] Batch 89: total=3, success=3, error=0, time=20.33s
[2026-04-24 14:13:39] RUNNING batch=90 size=3
[2026-04-24 14:13:39] QUEUE product_id=102983 retry=0
[2026-04-24 14:13:39] ACQUIRED product_id=102983 retry=0
[2026-04-24 14:13:39] QUEUE product_id=101188 retry=0
[2026-04-24 14:13:39] QUEUE product_id=96126 retry=0
[2026-04-24 14:13:45] STATUS product_id=102983 status=200
[2026-04-24 14:13:45] ACQUIRED product_id=101188 retry=0
[2026-04-24 14:13:45] FINISHED product_id=102983 status=success
[2026-04-24 14:13:48] STATUS product_id=101188 status=403
[2026-04-24 14:13:48] RETRY product_id=101188 reason=status_403 sleep=4.36s
[2026-04-24 14:13:48] ACQUIRED product_id=96126 retry=0
[2026-04-24 14:13:51] STATUS product_id=96126 status=403
[2026-04-24 14:13:51] RETRY product_id=96126 reason=status_403 sleep=3.76s
[2026-04-24 14:13:53] QUEUE product_id=101188 retry=1
[2026-04-24 14:13:53] ACQUIRED product_id=101188 retry=1
[2026-04-24 14:13:55] QUEUE product_id=96126 retry=1
[2026-04-24 14:13:58] STATUS product_id=101188 status=200
[2026-04-24 14:13:58] ACQUIRED product_id=96126 retry=1
[2026-04-24 14:13:58] FINISHED product_id=101188 status=success
[2026-04-24 14:14:04] STATUS product_id=96126 status=200
[2026-04-24 14:14:04] FINISHED product_id=96126 status=success
[2026-04-24 14:14:04] Batch 90: total=3, success=3, error=0, time=25.26s
[2026-04-24 14:14:07] RUNNING batch=91 size=3
[2026-04-24 14:14:07] QUEUE product_id=91910 retry=0
[2026-04-24 14:14:07] ACQUIRED product_id=91910 retry=0
[2026-04-24 14:14:07] QUEUE product_id=80414 retry=0
[2026-04-24 14:14:07] QUEUE product_id=103205 retry=0
[2026-04-24 14:14:13] STATUS product_id=91910 status=200
[2026-04-24 14:14:13] ACQUIRED product_id=80414 retry=0
[2026-04-24 14:14:13] FINISHED product_id=91910 status=success
[2026-04-24 14:14:17] STATUS product_id=80414 status=403
[2026-04-24 14:14:17] RETRY product_id=80414 reason=status_403 sleep=4.45s
[2026-04-24 14:14:17] ACQUIRED product_id=103205 retry=0
[2026-04-24 14:14:21] QUEUE product_id=80414 retry=1
[2026-04-24 14:14:23] STATUS product_id=103205 status=200
[2026-04-24 14:14:23] ACQUIRED product_id=80414 retry=1
[2026-04-24 14:14:23] FINISHED product_id=103205 status=success
[2026-04-24 14:14:26] STATUS product_id=80414 status=403
[2026-04-24 14:14:26] FINISHED product_id=80414 status=failed
[2026-04-24 14:14:26] Batch 91: total=3, success=2, error=1, time=19.11s
[2026-04-24 14:14:30] RUNNING batch=92 size=3
[2026-04-24 14:14:30] QUEUE product_id=96050 retry=0
[2026-04-24 14:14:30] ACQUIRED product_id=96050 retry=0
[2026-04-24 14:14:30] QUEUE product_id=109643 retry=0
[2026-04-24 14:14:30] QUEUE product_id=109667 retry=0
[2026-04-24 14:14:35] STATUS product_id=96050 status=403
[2026-04-24 14:14:35] RETRY product_id=96050 reason=status_403 sleep=3.77s
[2026-04-24 14:14:35] ACQUIRED product_id=109643 retry=0
[2026-04-24 14:14:38] QUEUE product_id=96050 retry=1
[2026-04-24 14:14:39] STATUS product_id=109643 status=404
[2026-04-24 14:14:39] ACQUIRED product_id=109667 retry=0
[2026-04-24 14:14:39] FINISHED product_id=109643 status=failed
[2026-04-24 14:14:43] STATUS product_id=109667 status=403
[2026-04-24 14:14:43] RETRY product_id=109667 reason=status_403 sleep=4.07s
[2026-04-24 14:14:43] ACQUIRED product_id=96050 retry=1
[2026-04-24 14:14:47] QUEUE product_id=109667 retry=1
[2026-04-24 14:14:49] STATUS product_id=96050 status=200
[2026-04-24 14:14:49] ACQUIRED product_id=109667 retry=1
[2026-04-24 14:14:49] FINISHED product_id=96050 status=success
[2026-04-24 14:14:55] STATUS product_id=109667 status=200
[2026-04-24 14:14:55] FINISHED product_id=109667 status=success
[2026-04-24 14:14:55] Batch 92: total=3, success=2, error=1, time=24.37s
[2026-04-24 14:14:58] RUNNING batch=93 size=3
[2026-04-24 14:14:58] QUEUE product_id=98133 retry=0
[2026-04-24 14:14:58] ACQUIRED product_id=98133 retry=0
[2026-04-24 14:14:58] QUEUE product_id=110385 retry=0
[2026-04-24 14:14:58] QUEUE product_id=99049 retry=0
[2026-04-24 14:15:04] STATUS product_id=98133 status=200
[2026-04-24 14:15:04] ACQUIRED product_id=110385 retry=0
[2026-04-24 14:15:04] FINISHED product_id=98133 status=success
[2026-04-24 14:15:08] STATUS product_id=110385 status=403
[2026-04-24 14:15:08] RETRY product_id=110385 reason=status_403 sleep=3.99s
[2026-04-24 14:15:08] ACQUIRED product_id=99049 retry=0
[2026-04-24 14:15:12] STATUS product_id=99049 status=403
[2026-04-24 14:15:12] RETRY product_id=99049 reason=status_403 sleep=3.53s
[2026-04-24 14:15:12] QUEUE product_id=110385 retry=1
[2026-04-24 14:15:12] ACQUIRED product_id=110385 retry=1
[2026-04-24 14:15:15] QUEUE product_id=99049 retry=1
[2026-04-24 14:15:21] STATUS product_id=110385 status=200
[2026-04-24 14:15:21] ACQUIRED product_id=99049 retry=1
[2026-04-24 14:15:21] FINISHED product_id=110385 status=success
[2026-04-24 14:15:26] STATUS product_id=99049 status=403
[2026-04-24 14:15:26] FINISHED product_id=99049 status=failed
[2026-04-24 14:15:26] Batch 93: total=3, success=2, error=1, time=27.19s
[2026-04-24 14:15:30] RUNNING batch=94 size=3
[2026-04-24 14:15:30] QUEUE product_id=102102 retry=0
[2026-04-24 14:15:30] ACQUIRED product_id=102102 retry=0
[2026-04-24 14:15:30] QUEUE product_id=104174 retry=0
[2026-04-24 14:15:30] QUEUE product_id=102119 retry=0
[2026-04-24 14:15:38] STATUS product_id=102102 status=200
[2026-04-24 14:15:38] ACQUIRED product_id=104174 retry=0
[2026-04-24 14:15:38] FINISHED product_id=102102 status=success
[2026-04-24 14:15:41] STATUS product_id=104174 status=403
[2026-04-24 14:15:41] RETRY product_id=104174 reason=status_403 sleep=3.57s
[2026-04-24 14:15:41] ACQUIRED product_id=102119 retry=0
[2026-04-24 14:15:45] QUEUE product_id=104174 retry=1
[2026-04-24 14:15:49] STATUS product_id=102119 status=200
[2026-04-24 14:15:50] ACQUIRED product_id=104174 retry=1
[2026-04-24 14:15:50] FINISHED product_id=102119 status=success
[2026-04-24 14:15:59] STATUS product_id=104174 status=200
[2026-04-24 14:15:59] FINISHED product_id=104174 status=success
[2026-04-24 14:15:59] Batch 94: total=3, success=3, error=0, time=28.46s
[2026-04-24 14:16:02] RUNNING batch=95 size=3
[2026-04-24 14:16:02] QUEUE product_id=110449 retry=0
[2026-04-24 14:16:02] ACQUIRED product_id=110449 retry=0
[2026-04-24 14:16:02] QUEUE product_id=90838 retry=0
[2026-04-24 14:16:02] QUEUE product_id=106386 retry=0
[2026-04-24 14:16:08] STATUS product_id=110449 status=200
[2026-04-24 14:16:08] ACQUIRED product_id=90838 retry=0
[2026-04-24 14:16:08] FINISHED product_id=110449 status=success
[2026-04-24 14:16:12] STATUS product_id=90838 status=403
[2026-04-24 14:16:12] RETRY product_id=90838 reason=status_403 sleep=4.46s
[2026-04-24 14:16:12] ACQUIRED product_id=106386 retry=0
[2026-04-24 14:16:17] QUEUE product_id=90838 retry=1
[2026-04-24 14:16:17] STATUS product_id=106386 status=200
[2026-04-24 14:16:17] ACQUIRED product_id=90838 retry=1
[2026-04-24 14:16:17] FINISHED product_id=106386 status=success
[2026-04-24 14:16:23] STATUS product_id=90838 status=200
[2026-04-24 14:16:23] FINISHED product_id=90838 status=success
[2026-04-24 14:16:23] Batch 95: total=3, success=3, error=0, time=21.03s
[2026-04-24 14:16:27] RUNNING batch=96 size=3
[2026-04-24 14:16:27] QUEUE product_id=109146 retry=0
[2026-04-24 14:16:27] ACQUIRED product_id=109146 retry=0
[2026-04-24 14:16:27] QUEUE product_id=106285 retry=0
[2026-04-24 14:16:27] QUEUE product_id=108932 retry=0
[2026-04-24 14:16:30] STATUS product_id=109146 status=403
[2026-04-24 14:16:30] RETRY product_id=109146 reason=status_403 sleep=4.30s
[2026-04-24 14:16:30] ACQUIRED product_id=106285 retry=0
[2026-04-24 14:16:34] STATUS product_id=106285 status=403
[2026-04-24 14:16:34] RETRY product_id=106285 reason=status_403 sleep=3.58s
[2026-04-24 14:16:34] ACQUIRED product_id=108932 retry=0
[2026-04-24 14:16:35] QUEUE product_id=109146 retry=1
[2026-04-24 14:16:37] STATUS product_id=108932 status=403
[2026-04-24 14:16:37] RETRY product_id=108932 reason=status_403 sleep=3.57s
[2026-04-24 14:16:37] ACQUIRED product_id=109146 retry=1
[2026-04-24 14:16:38] QUEUE product_id=106285 retry=1
[2026-04-24 14:16:41] QUEUE product_id=108932 retry=1
[2026-04-24 14:16:43] STATUS product_id=109146 status=404
[2026-04-24 14:16:43] ACQUIRED product_id=106285 retry=1
[2026-04-24 14:16:43] FINISHED product_id=109146 status=failed
[2026-04-24 14:16:48] STATUS product_id=106285 status=403
[2026-04-24 14:16:48] ACQUIRED product_id=108932 retry=1
[2026-04-24 14:16:48] FINISHED product_id=106285 status=failed
[2026-04-24 14:16:52] STATUS product_id=108932 status=404
[2026-04-24 14:16:52] FINISHED product_id=108932 status=failed
[2026-04-24 14:16:52] Batch 96: total=3, success=0, error=3, time=25.35s
[2026-04-24 14:16:56] RUNNING batch=97 size=3
[2026-04-24 14:16:56] QUEUE product_id=97436 retry=0
[2026-04-24 14:16:56] ACQUIRED product_id=97436 retry=0
[2026-04-24 14:16:56] QUEUE product_id=97424 retry=0
[2026-04-24 14:16:56] QUEUE product_id=91158 retry=0
[2026-04-24 14:17:03] STATUS product_id=97436 status=200
[2026-04-24 14:17:03] ACQUIRED product_id=97424 retry=0
[2026-04-24 14:17:03] FINISHED product_id=97436 status=success
[2026-04-24 14:17:06] STATUS product_id=97424 status=403
[2026-04-24 14:17:06] RETRY product_id=97424 reason=status_403 sleep=3.78s
[2026-04-24 14:17:06] ACQUIRED product_id=91158 retry=0
[2026-04-24 14:17:10] QUEUE product_id=97424 retry=1
[2026-04-24 14:17:11] STATUS product_id=91158 status=200
[2026-04-24 14:17:11] ACQUIRED product_id=97424 retry=1
[2026-04-24 14:17:11] FINISHED product_id=91158 status=success
[2026-04-24 14:17:16] STATUS product_id=97424 status=200
[2026-04-24 14:17:16] FINISHED product_id=97424 status=success
[2026-04-24 14:17:16] Batch 97: total=3, success=3, error=0, time=20.27s
[2026-04-24 14:17:21] RUNNING batch=98 size=3
[2026-04-24 14:17:21] QUEUE product_id=97236 retry=0
[2026-04-24 14:17:21] ACQUIRED product_id=97236 retry=0
[2026-04-24 14:17:21] QUEUE product_id=101292 retry=0
[2026-04-24 14:17:21] QUEUE product_id=93269 retry=0
[2026-04-24 14:17:25] STATUS product_id=97236 status=403
[2026-04-24 14:17:25] RETRY product_id=97236 reason=status_403 sleep=3.94s
[2026-04-24 14:17:25] ACQUIRED product_id=101292 retry=0
[2026-04-24 14:17:29] STATUS product_id=101292 status=403
[2026-04-24 14:17:29] RETRY product_id=101292 reason=status_403 sleep=4.29s
[2026-04-24 14:17:29] ACQUIRED product_id=93269 retry=0
[2026-04-24 14:17:29] QUEUE product_id=97236 retry=1
[2026-04-24 14:17:33] STATUS product_id=93269 status=403
[2026-04-24 14:17:33] RETRY product_id=93269 reason=status_403 sleep=3.71s
[2026-04-24 14:17:33] ACQUIRED product_id=97236 retry=1
[2026-04-24 14:17:33] QUEUE product_id=101292 retry=1
[2026-04-24 14:17:36] QUEUE product_id=93269 retry=1
[2026-04-24 14:17:38] STATUS product_id=97236 status=403
[2026-04-24 14:17:38] ACQUIRED product_id=101292 retry=1
[2026-04-24 14:17:38] FINISHED product_id=97236 status=failed
[2026-04-24 14:17:41] STATUS product_id=101292 status=403
[2026-04-24 14:17:41] ACQUIRED product_id=93269 retry=1
[2026-04-24 14:17:41] FINISHED product_id=101292 status=failed
[2026-04-24 14:17:46] STATUS product_id=93269 status=403
[2026-04-24 14:17:46] FINISHED product_id=93269 status=failed
[2026-04-24 14:17:46] Batch 98: total=3, success=0, error=3, time=24.89s
[2026-04-24 14:17:50] RUNNING batch=99 size=3
[2026-04-24 14:17:50] QUEUE product_id=95385 retry=0
[2026-04-24 14:17:50] ACQUIRED product_id=95385 retry=0
[2026-04-24 14:17:50] QUEUE product_id=105899 retry=0
[2026-04-24 14:17:50] QUEUE product_id=110597 retry=0
[2026-04-24 14:17:56] STATUS product_id=95385 status=200
[2026-04-24 14:17:56] ACQUIRED product_id=105899 retry=0
[2026-04-24 14:17:56] FINISHED product_id=95385 status=success
[2026-04-24 14:18:03] STATUS product_id=105899 status=200
[2026-04-24 14:18:03] ACQUIRED product_id=110597 retry=0
[2026-04-24 14:18:03] FINISHED product_id=105899 status=success
[2026-04-24 14:18:08] STATUS product_id=110597 status=200
[2026-04-24 14:18:08] FINISHED product_id=110597 status=success
[2026-04-24 14:18:08] Batch 99: total=3, success=3, error=0, time=17.33s
[2026-04-24 14:18:12] RUNNING batch=100 size=3
[2026-04-24 14:18:12] QUEUE product_id=101902 retry=0
[2026-04-24 14:18:12] ACQUIRED product_id=101902 retry=0
[2026-04-24 14:18:12] QUEUE product_id=85184 retry=0
[2026-04-24 14:18:12] QUEUE product_id=85162 retry=0
[2026-04-24 14:18:16] STATUS product_id=101902 status=403
[2026-04-24 14:18:16] RETRY product_id=101902 reason=status_403 sleep=3.77s
[2026-04-24 14:18:16] ACQUIRED product_id=85184 retry=0
[2026-04-24 14:18:20] QUEUE product_id=101902 retry=1
[2026-04-24 14:18:22] STATUS product_id=85184 status=200
[2026-04-24 14:18:22] ACQUIRED product_id=85162 retry=0
[2026-04-24 14:18:22] FINISHED product_id=85184 status=success
[2026-04-24 14:18:26] STATUS product_id=85162 status=403
[2026-04-24 14:18:26] RETRY product_id=85162 reason=status_403 sleep=4.23s
[2026-04-24 14:18:26] ACQUIRED product_id=101902 retry=1
[2026-04-24 14:18:31] QUEUE product_id=85162 retry=1
[2026-04-24 14:18:32] STATUS product_id=101902 status=200
[2026-04-24 14:18:32] ACQUIRED product_id=85162 retry=1
[2026-04-24 14:18:32] FINISHED product_id=101902 status=success
[2026-04-24 14:18:35] STATUS product_id=85162 status=403
[2026-04-24 14:18:35] FINISHED product_id=85162 status=failed
[2026-04-24 14:18:35] Batch 100: total=3, success=2, error=1, time=23.33s
[2026-04-24 14:18:38] RUNNING batch=101 size=3
[2026-04-24 14:18:38] QUEUE product_id=92282 retry=0
[2026-04-24 14:18:38] ACQUIRED product_id=92282 retry=0
[2026-04-24 14:18:38] QUEUE product_id=102619 retry=0
[2026-04-24 14:18:38] QUEUE product_id=90309 retry=0
[2026-04-24 14:18:43] STATUS product_id=92282 status=403
[2026-04-24 14:18:43] RETRY product_id=92282 reason=status_403 sleep=3.52s
[2026-04-24 14:18:43] ACQUIRED product_id=102619 retry=0
[2026-04-24 14:18:46] QUEUE product_id=92282 retry=1
[2026-04-24 14:18:47] STATUS product_id=102619 status=404
[2026-04-24 14:18:47] ACQUIRED product_id=90309 retry=0
[2026-04-24 14:18:47] FINISHED product_id=102619 status=failed
[2026-04-24 14:18:53] STATUS product_id=90309 status=200
[2026-04-24 14:18:53] ACQUIRED product_id=92282 retry=1
[2026-04-24 14:18:53] FINISHED product_id=90309 status=success
[2026-04-24 14:18:58] STATUS product_id=92282 status=200
[2026-04-24 14:18:58] FINISHED product_id=92282 status=success
[2026-04-24 14:18:58] Batch 101: total=3, success=2, error=1, time=19.75s
[2026-04-24 14:19:02] RUNNING batch=102 size=3
[2026-04-24 14:19:02] QUEUE product_id=96756 retry=0
[2026-04-24 14:19:02] ACQUIRED product_id=96756 retry=0
[2026-04-24 14:19:02] QUEUE product_id=110570 retry=0
[2026-04-24 14:19:02] QUEUE product_id=110954 retry=0
[2026-04-24 14:19:07] STATUS product_id=96756 status=403
[2026-04-24 14:19:07] RETRY product_id=96756 reason=status_403 sleep=3.71s
[2026-04-24 14:19:07] ACQUIRED product_id=110570 retry=0
[2026-04-24 14:19:10] QUEUE product_id=96756 retry=1
[2026-04-24 14:19:11] STATUS product_id=110570 status=404
[2026-04-24 14:19:11] ACQUIRED product_id=110954 retry=0
[2026-04-24 14:19:11] FINISHED product_id=110570 status=failed
[2026-04-24 14:19:15] STATUS product_id=110954 status=403
[2026-04-24 14:19:15] RETRY product_id=110954 reason=status_403 sleep=3.73s
[2026-04-24 14:19:15] ACQUIRED product_id=96756 retry=1
[2026-04-24 14:19:19] QUEUE product_id=110954 retry=1
[2026-04-24 14:19:21] STATUS product_id=96756 status=404
[2026-04-24 14:19:21] ACQUIRED product_id=110954 retry=1
[2026-04-24 14:19:21] FINISHED product_id=96756 status=failed
[2026-04-24 14:19:24] STATUS product_id=110954 status=403
[2026-04-24 14:19:24] FINISHED product_id=110954 status=failed
[2026-04-24 14:19:24] Batch 102: total=3, success=0, error=3, time=22.45s
[2026-04-24 14:19:28] RUNNING batch=103 size=3
[2026-04-24 14:19:28] QUEUE product_id=110953 retry=0
[2026-04-24 14:19:28] ACQUIRED product_id=110953 retry=0
[2026-04-24 14:19:28] QUEUE product_id=96763 retry=0
[2026-04-24 14:19:28] QUEUE product_id=102538 retry=0
[2026-04-24 14:19:33] STATUS product_id=110953 status=200
[2026-04-24 14:19:33] ACQUIRED product_id=96763 retry=0
[2026-04-24 14:19:33] FINISHED product_id=110953 status=success
[2026-04-24 14:19:38] STATUS product_id=96763 status=403
[2026-04-24 14:19:38] RETRY product_id=96763 reason=status_403 sleep=4.30s
[2026-04-24 14:19:38] ACQUIRED product_id=102538 retry=0
[2026-04-24 14:19:42] QUEUE product_id=96763 retry=1
[2026-04-24 14:19:42] STATUS product_id=102538 status=403
[2026-04-24 14:19:42] RETRY product_id=102538 reason=status_403 sleep=3.65s
[2026-04-24 14:19:42] ACQUIRED product_id=96763 retry=1
[2026-04-24 14:19:46] QUEUE product_id=102538 retry=1
[2026-04-24 14:19:47] STATUS product_id=96763 status=404
[2026-04-24 14:19:47] ACQUIRED product_id=102538 retry=1
[2026-04-24 14:19:47] FINISHED product_id=96763 status=failed
[2026-04-24 14:19:51] STATUS product_id=102538 status=403
[2026-04-24 14:19:51] FINISHED product_id=102538 status=failed
[2026-04-24 14:19:51] Batch 103: total=3, success=1, error=2, time=22.11s
[2026-04-24 14:19:55] RUNNING batch=104 size=3
[2026-04-24 14:19:55] QUEUE product_id=110296 retry=0
[2026-04-24 14:19:55] ACQUIRED product_id=110296 retry=0
[2026-04-24 14:19:55] QUEUE product_id=102974 retry=0
[2026-04-24 14:19:55] QUEUE product_id=110295 retry=0
[2026-04-24 14:20:00] STATUS product_id=110296 status=403
[2026-04-24 14:20:00] RETRY product_id=110296 reason=status_403 sleep=4.43s
[2026-04-24 14:20:00] ACQUIRED product_id=102974 retry=0
[2026-04-24 14:20:04] STATUS product_id=102974 status=403
[2026-04-24 14:20:04] RETRY product_id=102974 reason=status_403 sleep=4.36s
[2026-04-24 14:20:04] ACQUIRED product_id=110295 retry=0
[2026-04-24 14:20:04] QUEUE product_id=110296 retry=1
[2026-04-24 14:20:08] QUEUE product_id=102974 retry=1
[2026-04-24 14:20:09] STATUS product_id=110295 status=404
[2026-04-24 14:20:09] ACQUIRED product_id=110296 retry=1
[2026-04-24 14:20:09] FINISHED product_id=110295 status=failed
[2026-04-24 14:20:13] STATUS product_id=110296 status=403
[2026-04-24 14:20:13] ACQUIRED product_id=102974 retry=1
[2026-04-24 14:20:13] FINISHED product_id=110296 status=failed
[2026-04-24 14:20:16] STATUS product_id=102974 status=403
[2026-04-24 14:20:16] FINISHED product_id=102974 status=failed
[2026-04-24 14:20:16] Batch 104: total=3, success=0, error=3, time=21.29s
[2026-04-24 14:20:20] RUNNING batch=105 size=3
[2026-04-24 14:20:20] QUEUE product_id=104350 retry=0
[2026-04-24 14:20:20] ACQUIRED product_id=104350 retry=0
[2026-04-24 14:20:20] QUEUE product_id=99083 retry=0
[2026-04-24 14:20:20] QUEUE product_id=103981 retry=0
[2026-04-24 14:20:27] STATUS product_id=104350 status=200
[2026-04-24 14:20:27] ACQUIRED product_id=99083 retry=0
[2026-04-24 14:20:27] FINISHED product_id=104350 status=success
[2026-04-24 14:20:31] STATUS product_id=99083 status=200
[2026-04-24 14:20:31] ACQUIRED product_id=103981 retry=0
[2026-04-24 14:20:31] FINISHED product_id=99083 status=success
[2026-04-24 14:20:35] STATUS product_id=103981 status=403
[2026-04-24 14:20:35] RETRY product_id=103981 reason=status_403 sleep=3.90s
[2026-04-24 14:20:39] QUEUE product_id=103981 retry=1
[2026-04-24 14:20:39] ACQUIRED product_id=103981 retry=1
[2026-04-24 14:20:43] STATUS product_id=103981 status=403
[2026-04-24 14:20:43] FINISHED product_id=103981 status=failed
[2026-04-24 14:20:43] Batch 105: total=3, success=2, error=1, time=22.53s
[2026-04-24 14:20:47] RUNNING batch=106 size=3
[2026-04-24 14:20:47] QUEUE product_id=110952 retry=0
[2026-04-24 14:20:47] ACQUIRED product_id=110952 retry=0
[2026-04-24 14:20:47] QUEUE product_id=85665 retry=0
[2026-04-24 14:20:47] QUEUE product_id=110955 retry=0
[2026-04-24 14:20:53] STATUS product_id=110952 status=200
[2026-04-24 14:20:53] ACQUIRED product_id=85665 retry=0
[2026-04-24 14:20:53] FINISHED product_id=110952 status=success
[2026-04-24 14:20:57] STATUS product_id=85665 status=403
[2026-04-24 14:20:57] RETRY product_id=85665 reason=status_403 sleep=4.21s
[2026-04-24 14:20:57] ACQUIRED product_id=110955 retry=0
[2026-04-24 14:21:02] QUEUE product_id=85665 retry=1
[2026-04-24 14:21:03] STATUS product_id=110955 status=200
[2026-04-24 14:21:03] ACQUIRED product_id=85665 retry=1
[2026-04-24 14:21:03] FINISHED product_id=110955 status=success
[2026-04-24 14:21:06] STATUS product_id=85665 status=403
[2026-04-24 14:21:06] FINISHED product_id=85665 status=failed
[2026-04-24 14:21:06] Batch 106: total=3, success=2, error=1, time=19.04s
[2026-04-24 14:21:10] RUNNING batch=107 size=3
[2026-04-24 14:21:10] QUEUE product_id=110956 retry=0
[2026-04-24 14:21:10] ACQUIRED product_id=110956 retry=0
[2026-04-24 14:21:10] QUEUE product_id=110957 retry=0
[2026-04-24 14:21:10] QUEUE product_id=109658 retry=0
[2026-04-24 14:21:16] STATUS product_id=110956 status=200
[2026-04-24 14:21:16] ACQUIRED product_id=110957 retry=0
[2026-04-24 14:21:16] FINISHED product_id=110956 status=success
[2026-04-24 14:21:20] STATUS product_id=110957 status=403
[2026-04-24 14:21:20] RETRY product_id=110957 reason=status_403 sleep=4.43s
[2026-04-24 14:21:20] ACQUIRED product_id=109658 retry=0
[2026-04-24 14:21:24] STATUS product_id=109658 status=403
[2026-04-24 14:21:24] RETRY product_id=109658 reason=status_403 sleep=3.60s
[2026-04-24 14:21:25] QUEUE product_id=110957 retry=1
[2026-04-24 14:21:25] ACQUIRED product_id=110957 retry=1
[2026-04-24 14:21:28] QUEUE product_id=109658 retry=1
[2026-04-24 14:21:28] STATUS product_id=110957 status=403
[2026-04-24 14:21:28] ACQUIRED product_id=109658 retry=1
[2026-04-24 14:21:28] FINISHED product_id=110957 status=failed
[2026-04-24 14:21:33] STATUS product_id=109658 status=403
[2026-04-24 14:21:33] FINISHED product_id=109658 status=failed
[2026-04-24 14:21:33] Batch 107: total=3, success=1, error=2, time=22.90s
[2026-04-24 14:21:38] RUNNING batch=108 size=3
[2026-04-24 14:21:38] QUEUE product_id=95510 retry=0
[2026-04-24 14:21:38] ACQUIRED product_id=95510 retry=0
[2026-04-24 14:21:38] QUEUE product_id=93514 retry=0
[2026-04-24 14:21:38] QUEUE product_id=109220 retry=0
[2026-04-24 14:21:42] STATUS product_id=95510 status=403
[2026-04-24 14:21:42] RETRY product_id=95510 reason=status_403 sleep=4.10s
[2026-04-24 14:21:42] ACQUIRED product_id=93514 retry=0
[2026-04-24 14:21:45] STATUS product_id=93514 status=403
[2026-04-24 14:21:45] RETRY product_id=93514 reason=status_403 sleep=4.42s
[2026-04-24 14:21:45] ACQUIRED product_id=109220 retry=0
[2026-04-24 14:21:46] QUEUE product_id=95510 retry=1
[2026-04-24 14:21:49] STATUS product_id=109220 status=403
[2026-04-24 14:21:49] RETRY product_id=109220 reason=status_403 sleep=3.50s
[2026-04-24 14:21:49] ACQUIRED product_id=95510 retry=1
[2026-04-24 14:21:50] QUEUE product_id=93514 retry=1
[2026-04-24 14:21:52] STATUS product_id=95510 status=403
[2026-04-24 14:21:52] ACQUIRED product_id=93514 retry=1
[2026-04-24 14:21:52] FINISHED product_id=95510 status=failed
[2026-04-24 14:21:52] QUEUE product_id=109220 retry=1
[2026-04-24 14:21:55] STATUS product_id=93514 status=403
[2026-04-24 14:21:55] ACQUIRED product_id=109220 retry=1
[2026-04-24 14:21:55] FINISHED product_id=93514 status=failed
[2026-04-24 14:21:59] STATUS product_id=109220 status=403
[2026-04-24 14:21:59] FINISHED product_id=109220 status=failed
[2026-04-24 14:21:59] Batch 108: total=3, success=0, error=3, time=20.93s
[2026-04-24 14:22:02] RUNNING batch=109 size=3
[2026-04-24 14:22:02] QUEUE product_id=101928 retry=0
[2026-04-24 14:22:02] ACQUIRED product_id=101928 retry=0
[2026-04-24 14:22:02] QUEUE product_id=110516 retry=0
[2026-04-24 14:22:02] QUEUE product_id=102080 retry=0
[2026-04-24 14:22:08] STATUS product_id=101928 status=200
[2026-04-24 14:22:08] ACQUIRED product_id=110516 retry=0
[2026-04-24 14:22:08] FINISHED product_id=101928 status=success
[2026-04-24 14:22:12] STATUS product_id=110516 status=403
[2026-04-24 14:22:12] RETRY product_id=110516 reason=status_403 sleep=3.96s
[2026-04-24 14:22:12] ACQUIRED product_id=102080 retry=0
[2026-04-24 14:22:16] QUEUE product_id=110516 retry=1
[2026-04-24 14:22:16] STATUS product_id=102080 status=403
[2026-04-24 14:22:16] RETRY product_id=102080 reason=status_403 sleep=3.58s
[2026-04-24 14:22:16] ACQUIRED product_id=110516 retry=1
[2026-04-24 14:22:20] QUEUE product_id=102080 retry=1
[2026-04-24 14:22:21] STATUS product_id=110516 status=403
[2026-04-24 14:22:21] ACQUIRED product_id=102080 retry=1
[2026-04-24 14:22:21] FINISHED product_id=110516 status=failed
[2026-04-24 14:22:27] STATUS product_id=102080 status=200
[2026-04-24 14:22:27] FINISHED product_id=102080 status=success
[2026-04-24 14:22:27] Batch 109: total=3, success=2, error=1, time=25.26s
[2026-04-24 14:22:31] RUNNING batch=110 size=3
[2026-04-24 14:22:31] QUEUE product_id=98124 retry=0
[2026-04-24 14:22:31] ACQUIRED product_id=98124 retry=0
[2026-04-24 14:22:31] QUEUE product_id=85648 retry=0
[2026-04-24 14:22:31] QUEUE product_id=104237 retry=0
[2026-04-24 14:22:35] STATUS product_id=98124 status=403
[2026-04-24 14:22:35] RETRY product_id=98124 reason=status_403 sleep=4.07s
[2026-04-24 14:22:35] ACQUIRED product_id=85648 retry=0
[2026-04-24 14:22:39] QUEUE product_id=98124 retry=1
[2026-04-24 14:22:40] STATUS product_id=85648 status=200
[2026-04-24 14:22:40] ACQUIRED product_id=104237 retry=0
[2026-04-24 14:22:40] FINISHED product_id=85648 status=success
[2026-04-24 14:22:47] STATUS product_id=104237 status=200
[2026-04-24 14:22:47] ACQUIRED product_id=98124 retry=1
[2026-04-24 14:22:47] FINISHED product_id=104237 status=success
[2026-04-24 14:22:52] STATUS product_id=98124 status=200
[2026-04-24 14:22:52] FINISHED product_id=98124 status=success
[2026-04-24 14:22:52] Batch 110: total=3, success=3, error=0, time=21.67s
[2026-04-24 14:22:57] RUNNING batch=111 size=3
[2026-04-24 14:22:57] QUEUE product_id=104704 retry=0
[2026-04-24 14:22:57] ACQUIRED product_id=104704 retry=0
[2026-04-24 14:22:57] QUEUE product_id=96342 retry=0
[2026-04-24 14:22:57] QUEUE product_id=88923 retry=0
[2026-04-24 14:23:00] STATUS product_id=104704 status=403
[2026-04-24 14:23:00] RETRY product_id=104704 reason=status_403 sleep=3.70s
[2026-04-24 14:23:00] ACQUIRED product_id=96342 retry=0
[2026-04-24 14:23:04] STATUS product_id=96342 status=403
[2026-04-24 14:23:04] RETRY product_id=96342 reason=status_403 sleep=3.71s
[2026-04-24 14:23:04] ACQUIRED product_id=88923 retry=0
[2026-04-24 14:23:04] QUEUE product_id=104704 retry=1
[2026-04-24 14:23:07] QUEUE product_id=96342 retry=1
[2026-04-24 14:23:08] STATUS product_id=88923 status=403
[2026-04-24 14:23:08] RETRY product_id=88923 reason=status_403 sleep=3.61s
[2026-04-24 14:23:08] ACQUIRED product_id=104704 retry=1
[2026-04-24 14:23:12] QUEUE product_id=88923 retry=1
[2026-04-24 14:23:13] STATUS product_id=104704 status=403
[2026-04-24 14:23:13] ACQUIRED product_id=96342 retry=1
[2026-04-24 14:23:13] FINISHED product_id=104704 status=failed
[2026-04-24 14:23:18] STATUS product_id=96342 status=403
[2026-04-24 14:23:18] ACQUIRED product_id=88923 retry=1
[2026-04-24 14:23:18] FINISHED product_id=96342 status=failed
[2026-04-24 14:23:23] STATUS product_id=88923 status=404
[2026-04-24 14:23:23] FINISHED product_id=88923 status=failed
[2026-04-24 14:23:23] Batch 111: total=3, success=0, error=3, time=26.41s
[2026-04-24 14:23:28] RUNNING batch=112 size=3
[2026-04-24 14:23:28] QUEUE product_id=104574 retry=0
[2026-04-24 14:23:28] ACQUIRED product_id=104574 retry=0
[2026-04-24 14:23:28] QUEUE product_id=99557 retry=0
[2026-04-24 14:23:28] QUEUE product_id=105381 retry=0
[2026-04-24 14:23:32] STATUS product_id=104574 status=403
[2026-04-24 14:23:32] RETRY product_id=104574 reason=status_403 sleep=3.79s
[2026-04-24 14:23:32] ACQUIRED product_id=99557 retry=0
[2026-04-24 14:23:36] QUEUE product_id=104574 retry=1
[2026-04-24 14:23:38] STATUS product_id=99557 status=200
[2026-04-24 14:23:38] ACQUIRED product_id=105381 retry=0
[2026-04-24 14:23:38] FINISHED product_id=99557 status=success
[2026-04-24 14:23:41] STATUS product_id=105381 status=403
[2026-04-24 14:23:41] RETRY product_id=105381 reason=status_403 sleep=4.05s
[2026-04-24 14:23:41] ACQUIRED product_id=104574 retry=1
[2026-04-24 14:23:45] QUEUE product_id=105381 retry=1
[2026-04-24 14:23:46] STATUS product_id=104574 status=403
[2026-04-24 14:23:46] ACQUIRED product_id=105381 retry=1
[2026-04-24 14:23:46] FINISHED product_id=104574 status=failed
[2026-04-24 14:23:52] STATUS product_id=105381 status=200
[2026-04-24 14:23:52] FINISHED product_id=105381 status=success
[2026-04-24 14:23:52] Batch 112: total=3, success=2, error=1, time=23.99s
[2026-04-24 14:23:55] RUNNING batch=113 size=3
[2026-04-24 14:23:55] QUEUE product_id=102072 retry=0
[2026-04-24 14:23:55] ACQUIRED product_id=102072 retry=0
[2026-04-24 14:23:55] QUEUE product_id=90877 retry=0
[2026-04-24 14:23:55] QUEUE product_id=109561 retry=0
[2026-04-24 14:24:01] STATUS product_id=102072 status=200
[2026-04-24 14:24:01] ACQUIRED product_id=90877 retry=0
[2026-04-24 14:24:01] FINISHED product_id=102072 status=success
[2026-04-24 14:24:06] STATUS product_id=90877 status=200
[2026-04-24 14:24:06] ACQUIRED product_id=109561 retry=0
[2026-04-24 14:24:06] FINISHED product_id=90877 status=success
[2026-04-24 14:24:09] STATUS product_id=109561 status=403
[2026-04-24 14:24:09] RETRY product_id=109561 reason=status_403 sleep=4.40s
[2026-04-24 14:24:13] QUEUE product_id=109561 retry=1
[2026-04-24 14:24:13] ACQUIRED product_id=109561 retry=1
[2026-04-24 14:24:17] STATUS product_id=109561 status=403
[2026-04-24 14:24:17] FINISHED product_id=109561 status=failed
[2026-04-24 14:24:17] Batch 113: total=3, success=2, error=1, time=21.41s
[2026-04-24 14:24:21] RUNNING batch=114 size=3
[2026-04-24 14:24:21] QUEUE product_id=95338 retry=0
[2026-04-24 14:24:21] ACQUIRED product_id=95338 retry=0
[2026-04-24 14:24:21] QUEUE product_id=106121 retry=0
[2026-04-24 14:24:21] QUEUE product_id=101847 retry=0
[2026-04-24 14:24:26] STATUS product_id=95338 status=200
[2026-04-24 14:24:26] ACQUIRED product_id=106121 retry=0
[2026-04-24 14:24:26] FINISHED product_id=95338 status=success
[2026-04-24 14:24:30] STATUS product_id=106121 status=403
[2026-04-24 14:24:30] RETRY product_id=106121 reason=status_403 sleep=3.68s
[2026-04-24 14:24:30] ACQUIRED product_id=101847 retry=0
[2026-04-24 14:24:34] QUEUE product_id=106121 retry=1
[2026-04-24 14:24:36] STATUS product_id=101847 status=200
[2026-04-24 14:24:36] ACQUIRED product_id=106121 retry=1
[2026-04-24 14:24:36] FINISHED product_id=101847 status=success
[2026-04-24 14:24:42] STATUS product_id=106121 status=200
[2026-04-24 14:24:42] FINISHED product_id=106121 status=success
[2026-04-24 14:24:42] Batch 114: total=3, success=3, error=0, time=21.24s
[2026-04-24 14:24:46] RUNNING batch=115 size=3
[2026-04-24 14:24:46] QUEUE product_id=95506 retry=0
[2026-04-24 14:24:46] ACQUIRED product_id=95506 retry=0
[2026-04-24 14:24:46] QUEUE product_id=101733 retry=0
[2026-04-24 14:24:46] QUEUE product_id=102436 retry=0
[2026-04-24 14:24:52] STATUS product_id=95506 status=200
[2026-04-24 14:24:52] ACQUIRED product_id=101733 retry=0
[2026-04-24 14:24:52] FINISHED product_id=95506 status=success
[2026-04-24 14:24:56] STATUS product_id=101733 status=403
[2026-04-24 14:24:56] RETRY product_id=101733 reason=status_403 sleep=4.00s
[2026-04-24 14:24:56] ACQUIRED product_id=102436 retry=0
[2026-04-24 14:25:00] QUEUE product_id=101733 retry=1
[2026-04-24 14:25:00] STATUS product_id=102436 status=404
[2026-04-24 14:25:00] ACQUIRED product_id=101733 retry=1
[2026-04-24 14:25:00] FINISHED product_id=102436 status=failed
[2026-04-24 14:25:05] STATUS product_id=101733 status=403
[2026-04-24 14:25:05] FINISHED product_id=101733 status=failed
[2026-04-24 14:25:05] Batch 115: total=3, success=1, error=2, time=18.26s
[2026-04-24 14:25:09] RUNNING batch=116 size=3
[2026-04-24 14:25:09] QUEUE product_id=105574 retry=0
[2026-04-24 14:25:09] ACQUIRED product_id=105574 retry=0
[2026-04-24 14:25:09] QUEUE product_id=102815 retry=0
[2026-04-24 14:25:09] QUEUE product_id=105517 retry=0
[2026-04-24 14:25:12] STATUS product_id=105574 status=403
[2026-04-24 14:25:12] RETRY product_id=105574 reason=status_403 sleep=3.50s
[2026-04-24 14:25:12] ACQUIRED product_id=102815 retry=0
[2026-04-24 14:25:16] QUEUE product_id=105574 retry=1
[2026-04-24 14:25:17] STATUS product_id=102815 status=403
[2026-04-24 14:25:17] RETRY product_id=102815 reason=status_403 sleep=4.04s
[2026-04-24 14:25:17] ACQUIRED product_id=105517 retry=0
[2026-04-24 14:25:21] QUEUE product_id=102815 retry=1
[2026-04-24 14:25:21] STATUS product_id=105517 status=403
[2026-04-24 14:25:21] RETRY product_id=105517 reason=status_403 sleep=4.32s
[2026-04-24 14:25:21] ACQUIRED product_id=105574 retry=1
[2026-04-24 14:25:25] QUEUE product_id=105517 retry=1
[2026-04-24 14:25:27] STATUS product_id=105574 status=200
[2026-04-24 14:25:27] ACQUIRED product_id=102815 retry=1
[2026-04-24 14:25:27] FINISHED product_id=105574 status=success
[2026-04-24 14:25:33] STATUS product_id=102815 status=200
[2026-04-24 14:25:33] ACQUIRED product_id=105517 retry=1
[2026-04-24 14:25:33] FINISHED product_id=102815 status=success
[2026-04-24 14:25:38] STATUS product_id=105517 status=404
[2026-04-24 14:25:38] FINISHED product_id=105517 status=failed
[2026-04-24 14:25:38] Batch 116: total=3, success=2, error=1, time=29.38s
[2026-04-24 14:25:42] RUNNING batch=117 size=3
[2026-04-24 14:25:42] QUEUE product_id=110408 retry=0
[2026-04-24 14:25:42] ACQUIRED product_id=110408 retry=0
[2026-04-24 14:25:42] QUEUE product_id=109877 retry=0
[2026-04-24 14:25:42] QUEUE product_id=84836 retry=0
[2026-04-24 14:25:45] STATUS product_id=110408 status=403
[2026-04-24 14:25:45] RETRY product_id=110408 reason=status_403 sleep=3.78s
[2026-04-24 14:25:45] ACQUIRED product_id=109877 retry=0
[2026-04-24 14:25:49] QUEUE product_id=110408 retry=1
[2026-04-24 14:25:51] STATUS product_id=109877 status=200
[2026-04-24 14:25:51] ACQUIRED product_id=84836 retry=0
[2026-04-24 14:25:51] FINISHED product_id=109877 status=success
[2026-04-24 14:25:57] STATUS product_id=84836 status=200
[2026-04-24 14:25:57] ACQUIRED product_id=110408 retry=1
[2026-04-24 14:25:57] FINISHED product_id=84836 status=success
[2026-04-24 14:26:01] STATUS product_id=110408 status=403
[2026-04-24 14:26:01] FINISHED product_id=110408 status=failed
[2026-04-24 14:26:01] Batch 117: total=3, success=2, error=1, time=19.36s
[2026-04-24 14:26:06] RUNNING batch=118 size=3
[2026-04-24 14:26:06] QUEUE product_id=109870 retry=0
[2026-04-24 14:26:06] ACQUIRED product_id=109870 retry=0
[2026-04-24 14:26:06] QUEUE product_id=97069 retry=0
[2026-04-24 14:26:06] QUEUE product_id=94857 retry=0
[2026-04-24 14:26:10] STATUS product_id=109870 status=403
[2026-04-24 14:26:10] RETRY product_id=109870 reason=status_403 sleep=3.71s
[2026-04-24 14:26:10] ACQUIRED product_id=97069 retry=0
[2026-04-24 14:26:14] QUEUE product_id=109870 retry=1
[2026-04-24 14:26:14] STATUS product_id=97069 status=403
[2026-04-24 14:26:14] RETRY product_id=97069 reason=status_403 sleep=3.53s
[2026-04-24 14:26:14] ACQUIRED product_id=94857 retry=0
[2026-04-24 14:26:17] QUEUE product_id=97069 retry=1
[2026-04-24 14:26:18] STATUS product_id=94857 status=403
[2026-04-24 14:26:18] RETRY product_id=94857 reason=status_403 sleep=3.54s
[2026-04-24 14:26:18] ACQUIRED product_id=109870 retry=1
[2026-04-24 14:26:22] QUEUE product_id=94857 retry=1
[2026-04-24 14:26:24] STATUS product_id=109870 status=404
[2026-04-24 14:26:24] ACQUIRED product_id=97069 retry=1
[2026-04-24 14:26:24] FINISHED product_id=109870 status=failed
[2026-04-24 14:26:27] STATUS product_id=97069 status=403
[2026-04-24 14:26:27] ACQUIRED product_id=94857 retry=1
[2026-04-24 14:26:27] FINISHED product_id=97069 status=failed
[2026-04-24 14:26:30] STATUS product_id=94857 status=403
[2026-04-24 14:26:30] FINISHED product_id=94857 status=failed
[2026-04-24 14:26:30] Batch 118: total=3, success=0, error=3, time=24.66s
[2026-04-24 14:26:34] RUNNING batch=119 size=3
[2026-04-24 14:26:34] QUEUE product_id=85992 retry=0
[2026-04-24 14:26:34] ACQUIRED product_id=85992 retry=0
[2026-04-24 14:26:34] QUEUE product_id=105581 retry=0
[2026-04-24 14:26:34] QUEUE product_id=90451 retry=0
[2026-04-24 14:26:39] STATUS product_id=85992 status=404
[2026-04-24 14:26:39] ACQUIRED product_id=105581 retry=0
[2026-04-24 14:26:39] FINISHED product_id=85992 status=failed
[2026-04-24 14:26:43] STATUS product_id=105581 status=403
[2026-04-24 14:26:43] RETRY product_id=105581 reason=status_403 sleep=3.89s
[2026-04-24 14:26:43] ACQUIRED product_id=90451 retry=0
[2026-04-24 14:26:46] STATUS product_id=90451 status=403
[2026-04-24 14:26:46] RETRY product_id=90451 reason=status_403 sleep=4.08s
[2026-04-24 14:26:47] QUEUE product_id=105581 retry=1
[2026-04-24 14:26:47] ACQUIRED product_id=105581 retry=1
[2026-04-24 14:26:50] QUEUE product_id=90451 retry=1
[2026-04-24 14:26:51] STATUS product_id=105581 status=403
[2026-04-24 14:26:51] ACQUIRED product_id=90451 retry=1
[2026-04-24 14:26:51] FINISHED product_id=105581 status=failed
[2026-04-24 14:26:56] STATUS product_id=90451 status=403
[2026-04-24 14:26:56] FINISHED product_id=90451 status=failed
[2026-04-24 14:26:56] Batch 119: total=3, success=0, error=3, time=21.62s
[2026-04-24 14:27:00] RUNNING batch=120 size=3
[2026-04-24 14:27:00] QUEUE product_id=110488 retry=0
[2026-04-24 14:27:00] ACQUIRED product_id=110488 retry=0
[2026-04-24 14:27:00] QUEUE product_id=90452 retry=0
[2026-04-24 14:27:00] QUEUE product_id=101560 retry=0
[2026-04-24 14:27:05] STATUS product_id=110488 status=403
[2026-04-24 14:27:05] RETRY product_id=110488 reason=status_403 sleep=4.28s
[2026-04-24 14:27:05] ACQUIRED product_id=90452 retry=0
[2026-04-24 14:27:10] QUEUE product_id=110488 retry=1
[2026-04-24 14:27:10] STATUS product_id=90452 status=403
[2026-04-24 14:27:10] RETRY product_id=90452 reason=status_403 sleep=3.60s
[2026-04-24 14:27:10] ACQUIRED product_id=101560 retry=0
[2026-04-24 14:27:14] QUEUE product_id=90452 retry=1
[2026-04-24 14:27:15] STATUS product_id=101560 status=200
[2026-04-24 14:27:15] ACQUIRED product_id=110488 retry=1
[2026-04-24 14:27:15] FINISHED product_id=101560 status=success
[2026-04-24 14:27:18] STATUS product_id=110488 status=403
[2026-04-24 14:27:18] ACQUIRED product_id=90452 retry=1
[2026-04-24 14:27:18] FINISHED product_id=110488 status=failed
[2026-04-24 14:27:25] STATUS product_id=90452 status=200
[2026-04-24 14:27:25] FINISHED product_id=90452 status=success
[2026-04-24 14:27:25] Batch 120: total=3, success=2, error=1, time=24.28s
[2026-04-24 14:27:29] RUNNING batch=121 size=3
[2026-04-24 14:27:29] QUEUE product_id=85722 retry=0
[2026-04-24 14:27:29] ACQUIRED product_id=85722 retry=0
[2026-04-24 14:27:29] QUEUE product_id=110514 retry=0
[2026-04-24 14:27:29] QUEUE product_id=98492 retry=0
[2026-04-24 14:27:32] STATUS product_id=85722 status=403
[2026-04-24 14:27:32] RETRY product_id=85722 reason=status_403 sleep=4.08s
[2026-04-24 14:27:32] ACQUIRED product_id=110514 retry=0
[2026-04-24 14:27:37] QUEUE product_id=85722 retry=1
[2026-04-24 14:27:37] STATUS product_id=110514 status=403
[2026-04-24 14:27:37] RETRY product_id=110514 reason=status_403 sleep=3.82s
[2026-04-24 14:27:37] ACQUIRED product_id=98492 retry=0
[2026-04-24 14:27:41] QUEUE product_id=110514 retry=1
[2026-04-24 14:27:42] STATUS product_id=98492 status=200
[2026-04-24 14:27:42] ACQUIRED product_id=85722 retry=1
[2026-04-24 14:27:42] FINISHED product_id=98492 status=success
[2026-04-24 14:27:46] STATUS product_id=85722 status=403
[2026-04-24 14:27:46] ACQUIRED product_id=110514 retry=1
[2026-04-24 14:27:46] FINISHED product_id=85722 status=failed
[2026-04-24 14:27:51] STATUS product_id=110514 status=200
[2026-04-24 14:27:51] FINISHED product_id=110514 status=success
[2026-04-24 14:27:51] Batch 121: total=3, success=2, error=1, time=22.62s
[2026-04-24 14:27:55] RUNNING batch=122 size=3
[2026-04-24 14:27:55] QUEUE product_id=91892 retry=0
[2026-04-24 14:27:55] ACQUIRED product_id=91892 retry=0
[2026-04-24 14:27:55] QUEUE product_id=99119 retry=0
[2026-04-24 14:27:55] QUEUE product_id=101195 retry=0
[2026-04-24 14:28:00] STATUS product_id=91892 status=200
[2026-04-24 14:28:00] ACQUIRED product_id=99119 retry=0
[2026-04-24 14:28:00] FINISHED product_id=91892 status=success
[2026-04-24 14:28:04] STATUS product_id=99119 status=403
[2026-04-24 14:28:04] RETRY product_id=99119 reason=status_403 sleep=4.02s
[2026-04-24 14:28:04] ACQUIRED product_id=101195 retry=0
[2026-04-24 14:28:08] QUEUE product_id=99119 retry=1
[2026-04-24 14:28:10] STATUS product_id=101195 status=200
[2026-04-24 14:28:10] ACQUIRED product_id=99119 retry=1
[2026-04-24 14:28:10] FINISHED product_id=101195 status=success
[2026-04-24 14:28:14] STATUS product_id=99119 status=403
[2026-04-24 14:28:14] FINISHED product_id=99119 status=failed
[2026-04-24 14:28:14] Batch 122: total=3, success=2, error=1, time=19.44s
[2026-04-24 14:28:18] RUNNING batch=123 size=3
[2026-04-24 14:28:18] QUEUE product_id=108792 retry=0
[2026-04-24 14:28:18] ACQUIRED product_id=108792 retry=0
[2026-04-24 14:28:18] QUEUE product_id=99475 retry=0
[2026-04-24 14:28:18] QUEUE product_id=110359 retry=0
[2026-04-24 14:28:23] STATUS product_id=108792 status=403
[2026-04-24 14:28:23] RETRY product_id=108792 reason=status_403 sleep=3.59s
[2026-04-24 14:28:23] ACQUIRED product_id=99475 retry=0
[2026-04-24 14:28:27] QUEUE product_id=108792 retry=1
[2026-04-24 14:28:29] STATUS product_id=99475 status=200
[2026-04-24 14:28:29] ACQUIRED product_id=110359 retry=0
[2026-04-24 14:28:29] FINISHED product_id=99475 status=success
[2026-04-24 14:28:34] STATUS product_id=110359 status=403
[2026-04-24 14:28:34] RETRY product_id=110359 reason=status_403 sleep=4.23s
[2026-04-24 14:28:34] ACQUIRED product_id=108792 retry=1
[2026-04-24 14:28:37] STATUS product_id=108792 status=403
[2026-04-24 14:28:37] FINISHED product_id=108792 status=failed
[2026-04-24 14:28:38] QUEUE product_id=110359 retry=1
[2026-04-24 14:28:38] ACQUIRED product_id=110359 retry=1
[2026-04-24 14:28:42] STATUS product_id=110359 status=403
[2026-04-24 14:28:42] FINISHED product_id=110359 status=failed
[2026-04-24 14:28:42] Batch 123: total=3, success=1, error=2, time=23.46s
[2026-04-24 14:28:46] RUNNING batch=124 size=3
[2026-04-24 14:28:46] QUEUE product_id=99374 retry=0
[2026-04-24 14:28:46] ACQUIRED product_id=99374 retry=0
[2026-04-24 14:28:46] QUEUE product_id=99874 retry=0
[2026-04-24 14:28:46] QUEUE product_id=97260 retry=0
[2026-04-24 14:28:49] STATUS product_id=99374 status=403
[2026-04-24 14:28:49] RETRY product_id=99374 reason=status_403 sleep=4.40s
[2026-04-24 14:28:49] ACQUIRED product_id=99874 retry=0
[2026-04-24 14:28:54] QUEUE product_id=99374 retry=1
[2026-04-24 14:28:55] STATUS product_id=99874 status=200
[2026-04-24 14:28:55] ACQUIRED product_id=97260 retry=0
[2026-04-24 14:28:55] FINISHED product_id=99874 status=success
[2026-04-24 14:28:59] STATUS product_id=97260 status=403
[2026-04-24 14:28:59] RETRY product_id=97260 reason=status_403 sleep=4.11s
[2026-04-24 14:28:59] ACQUIRED product_id=99374 retry=1
[2026-04-24 14:29:03] QUEUE product_id=97260 retry=1
[2026-04-24 14:29:04] STATUS product_id=99374 status=200
[2026-04-24 14:29:04] ACQUIRED product_id=97260 retry=1
[2026-04-24 14:29:04] FINISHED product_id=99374 status=success
[2026-04-24 14:29:11] STATUS product_id=97260 status=200
[2026-04-24 14:29:11] FINISHED product_id=97260 status=success
[2026-04-24 14:29:11] Batch 124: total=3, success=3, error=0, time=25.15s
[2026-04-24 14:29:15] RUNNING batch=125 size=3
[2026-04-24 14:29:15] QUEUE product_id=99954 retry=0
[2026-04-24 14:29:15] ACQUIRED product_id=99954 retry=0
[2026-04-24 14:29:15] QUEUE product_id=99922 retry=0
[2026-04-24 14:29:15] QUEUE product_id=110841 retry=0
[2026-04-24 14:29:21] STATUS product_id=99954 status=200
[2026-04-24 14:29:21] ACQUIRED product_id=99922 retry=0
[2026-04-24 14:29:21] FINISHED product_id=99954 status=success
[2026-04-24 14:29:27] STATUS product_id=99922 status=200
[2026-04-24 14:29:27] ACQUIRED product_id=110841 retry=0
[2026-04-24 14:29:27] FINISHED product_id=99922 status=success
[2026-04-24 14:29:33] STATUS product_id=110841 status=200
[2026-04-24 14:29:33] FINISHED product_id=110841 status=success
[2026-04-24 14:29:33] Batch 125: total=3, success=3, error=0, time=17.59s
[2026-04-24 14:29:37] RUNNING batch=126 size=3
[2026-04-24 14:29:37] QUEUE product_id=92457 retry=0
[2026-04-24 14:29:37] ACQUIRED product_id=92457 retry=0
[2026-04-24 14:29:37] QUEUE product_id=99908 retry=0
[2026-04-24 14:29:37] QUEUE product_id=91875 retry=0
[2026-04-24 14:29:42] STATUS product_id=92457 status=200
[2026-04-24 14:29:42] ACQUIRED product_id=99908 retry=0
[2026-04-24 14:29:42] FINISHED product_id=92457 status=success
[2026-04-24 14:29:46] STATUS product_id=99908 status=200
[2026-04-24 14:29:46] ACQUIRED product_id=91875 retry=0
[2026-04-24 14:29:46] FINISHED product_id=99908 status=success
[2026-04-24 14:29:53] STATUS product_id=91875 status=200
[2026-04-24 14:29:53] FINISHED product_id=91875 status=success
[2026-04-24 14:29:53] Batch 126: total=3, success=3, error=0, time=15.95s
[2026-04-24 14:29:57] RUNNING batch=127 size=3
[2026-04-24 14:29:57] QUEUE product_id=87160 retry=0
[2026-04-24 14:29:57] ACQUIRED product_id=87160 retry=0
[2026-04-24 14:29:57] QUEUE product_id=90227 retry=0
[2026-04-24 14:29:57] QUEUE product_id=98189 retry=0
[2026-04-24 14:30:02] STATUS product_id=87160 status=403
[2026-04-24 14:30:02] RETRY product_id=87160 reason=status_403 sleep=4.02s
[2026-04-24 14:30:02] ACQUIRED product_id=90227 retry=0
[2026-04-24 14:30:06] STATUS product_id=90227 status=403
[2026-04-24 14:30:06] RETRY product_id=90227 reason=status_403 sleep=4.30s
[2026-04-24 14:30:06] ACQUIRED product_id=98189 retry=0
[2026-04-24 14:30:06] QUEUE product_id=87160 retry=1
[2026-04-24 14:30:10] STATUS product_id=98189 status=403
[2026-04-24 14:30:10] RETRY product_id=98189 reason=status_403 sleep=3.69s
[2026-04-24 14:30:10] ACQUIRED product_id=87160 retry=1
[2026-04-24 14:30:10] QUEUE product_id=90227 retry=1
[2026-04-24 14:30:13] QUEUE product_id=98189 retry=1
[2026-04-24 14:30:16] STATUS product_id=87160 status=200
[2026-04-24 14:30:16] ACQUIRED product_id=90227 retry=1
[2026-04-24 14:30:16] FINISHED product_id=87160 status=success
[2026-04-24 14:30:20] STATUS product_id=90227 status=403
[2026-04-24 14:30:20] ACQUIRED product_id=98189 retry=1
[2026-04-24 14:30:20] FINISHED product_id=90227 status=failed
[2026-04-24 14:30:25] STATUS product_id=98189 status=200
[2026-04-24 14:30:25] FINISHED product_id=98189 status=success
[2026-04-24 14:30:25] Batch 127: total=3, success=2, error=1, time=27.94s
[2026-04-24 14:30:29] RUNNING batch=128 size=3
[2026-04-24 14:30:29] QUEUE product_id=100315 retry=0
[2026-04-24 14:30:29] ACQUIRED product_id=100315 retry=0
[2026-04-24 14:30:29] QUEUE product_id=97108 retry=0
[2026-04-24 14:30:29] QUEUE product_id=97109 retry=0
[2026-04-24 14:30:34] STATUS product_id=100315 status=200
[2026-04-24 14:30:34] ACQUIRED product_id=97108 retry=0
[2026-04-24 14:30:34] FINISHED product_id=100315 status=success
[2026-04-24 14:30:38] STATUS product_id=97108 status=403
[2026-04-24 14:30:38] RETRY product_id=97108 reason=status_403 sleep=4.30s
[2026-04-24 14:30:38] ACQUIRED product_id=97109 retry=0
[2026-04-24 14:30:42] STATUS product_id=97109 status=403
[2026-04-24 14:30:42] RETRY product_id=97109 reason=status_403 sleep=4.12s
[2026-04-24 14:30:42] QUEUE product_id=97108 retry=1
[2026-04-24 14:30:42] ACQUIRED product_id=97108 retry=1
[2026-04-24 14:30:46] QUEUE product_id=97109 retry=1
[2026-04-24 14:30:47] STATUS product_id=97108 status=200
[2026-04-24 14:30:47] ACQUIRED product_id=97109 retry=1
[2026-04-24 14:30:47] FINISHED product_id=97108 status=success
[2026-04-24 14:30:52] STATUS product_id=97109 status=403
[2026-04-24 14:30:52] FINISHED product_id=97109 status=failed
[2026-04-24 14:30:52] Batch 128: total=3, success=2, error=1, time=23.37s
[2026-04-24 14:30:56] RUNNING batch=129 size=3
[2026-04-24 14:30:56] QUEUE product_id=99185 retry=0
[2026-04-24 14:30:56] ACQUIRED product_id=99185 retry=0
[2026-04-24 14:30:56] QUEUE product_id=97382 retry=0
[2026-04-24 14:30:56] QUEUE product_id=104651 retry=0
[2026-04-24 14:31:00] STATUS product_id=99185 status=404
[2026-04-24 14:31:00] ACQUIRED product_id=97382 retry=0
[2026-04-24 14:31:00] FINISHED product_id=99185 status=failed
[2026-04-24 14:31:05] STATUS product_id=97382 status=403
[2026-04-24 14:31:05] RETRY product_id=97382 reason=status_403 sleep=4.22s
[2026-04-24 14:31:05] ACQUIRED product_id=104651 retry=0
[2026-04-24 14:31:09] QUEUE product_id=97382 retry=1
[2026-04-24 14:31:11] STATUS product_id=104651 status=200
[2026-04-24 14:31:11] ACQUIRED product_id=97382 retry=1
[2026-04-24 14:31:11] FINISHED product_id=104651 status=success
[2026-04-24 14:31:17] STATUS product_id=97382 status=200
[2026-04-24 14:31:17] FINISHED product_id=97382 status=success
[2026-04-24 14:31:17] Batch 129: total=3, success=2, error=1, time=20.69s
[2026-04-24 14:31:21] RUNNING batch=130 size=3
[2026-04-24 14:31:21] QUEUE product_id=100022 retry=0
[2026-04-24 14:31:21] ACQUIRED product_id=100022 retry=0
[2026-04-24 14:31:21] QUEUE product_id=101883 retry=0
[2026-04-24 14:31:21] QUEUE product_id=93049 retry=0
[2026-04-24 14:31:25] STATUS product_id=100022 status=403
[2026-04-24 14:31:25] RETRY product_id=100022 reason=status_403 sleep=3.83s
[2026-04-24 14:31:25] ACQUIRED product_id=101883 retry=0
[2026-04-24 14:31:28] STATUS product_id=101883 status=403
[2026-04-24 14:31:28] RETRY product_id=101883 reason=status_403 sleep=4.43s
[2026-04-24 14:31:28] ACQUIRED product_id=93049 retry=0
[2026-04-24 14:31:28] QUEUE product_id=100022 retry=1
[2026-04-24 14:31:33] QUEUE product_id=101883 retry=1
[2026-04-24 14:31:33] STATUS product_id=93049 status=403
[2026-04-24 14:31:33] RETRY product_id=93049 reason=status_403 sleep=4.11s
[2026-04-24 14:31:33] ACQUIRED product_id=100022 retry=1
[2026-04-24 14:31:37] QUEUE product_id=93049 retry=1
[2026-04-24 14:31:38] STATUS product_id=100022 status=403
[2026-04-24 14:31:38] ACQUIRED product_id=101883 retry=1
[2026-04-24 14:31:38] FINISHED product_id=100022 status=failed
[2026-04-24 14:31:43] STATUS product_id=101883 status=200
[2026-04-24 14:31:43] ACQUIRED product_id=93049 retry=1
[2026-04-24 14:31:43] FINISHED product_id=101883 status=success
[2026-04-24 14:31:48] STATUS product_id=93049 status=200
[2026-04-24 14:31:48] FINISHED product_id=93049 status=success
[2026-04-24 14:31:48] Batch 130: total=3, success=2, error=1, time=27.76s
[2026-04-24 14:31:53] RUNNING batch=131 size=3
[2026-04-24 14:31:53] QUEUE product_id=109693 retry=0
[2026-04-24 14:31:53] ACQUIRED product_id=109693 retry=0
[2026-04-24 14:31:53] QUEUE product_id=98475 retry=0
[2026-04-24 14:31:53] QUEUE product_id=98413 retry=0
[2026-04-24 14:31:58] STATUS product_id=109693 status=200
[2026-04-24 14:31:58] ACQUIRED product_id=98475 retry=0
[2026-04-24 14:31:58] FINISHED product_id=109693 status=success
[2026-04-24 14:32:02] STATUS product_id=98475 status=403
[2026-04-24 14:32:02] RETRY product_id=98475 reason=status_403 sleep=4.38s
[2026-04-24 14:32:02] ACQUIRED product_id=98413 retry=0
[2026-04-24 14:32:06] QUEUE product_id=98475 retry=1
[2026-04-24 14:32:06] STATUS product_id=98413 status=403
[2026-04-24 14:32:06] RETRY product_id=98413 reason=status_403 sleep=3.71s
[2026-04-24 14:32:06] ACQUIRED product_id=98475 retry=1
[2026-04-24 14:32:10] QUEUE product_id=98413 retry=1
[2026-04-24 14:32:10] STATUS product_id=98475 status=403
[2026-04-24 14:32:10] ACQUIRED product_id=98413 retry=1
[2026-04-24 14:32:10] FINISHED product_id=98475 status=failed
[2026-04-24 14:32:15] STATUS product_id=98413 status=403
[2026-04-24 14:32:15] FINISHED product_id=98413 status=failed
[2026-04-24 14:32:15] Batch 131: total=3, success=1, error=2, time=21.98s
[2026-04-24 14:32:18] RUNNING batch=132 size=3
[2026-04-24 14:32:18] QUEUE product_id=100365 retry=0
[2026-04-24 14:32:18] ACQUIRED product_id=100365 retry=0
[2026-04-24 14:32:18] QUEUE product_id=95865 retry=0
[2026-04-24 14:32:18] QUEUE product_id=90415 retry=0
[2026-04-24 14:32:22] STATUS product_id=100365 status=403
[2026-04-24 14:32:22] RETRY product_id=100365 reason=status_403 sleep=4.16s
[2026-04-24 14:32:22] ACQUIRED product_id=95865 retry=0
[2026-04-24 14:32:26] QUEUE product_id=100365 retry=1
[2026-04-24 14:32:28] STATUS product_id=95865 status=200
[2026-04-24 14:32:28] ACQUIRED product_id=90415 retry=0
[2026-04-24 14:32:28] FINISHED product_id=95865 status=success
[2026-04-24 14:32:31] STATUS product_id=90415 status=403
[2026-04-24 14:32:31] RETRY product_id=90415 reason=status_403 sleep=3.63s
[2026-04-24 14:32:31] ACQUIRED product_id=100365 retry=1
[2026-04-24 14:32:35] STATUS product_id=100365 status=403
[2026-04-24 14:32:35] FINISHED product_id=100365 status=failed
[2026-04-24 14:32:35] QUEUE product_id=90415 retry=1
[2026-04-24 14:32:35] ACQUIRED product_id=90415 retry=1
[2026-04-24 14:32:40] STATUS product_id=90415 status=403
[2026-04-24 14:32:40] FINISHED product_id=90415 status=failed
[2026-04-24 14:32:40] Batch 132: total=3, success=1, error=2, time=21.07s
[2026-04-24 14:32:44] RUNNING batch=133 size=3
[2026-04-24 14:32:44] QUEUE product_id=103781 retry=0
[2026-04-24 14:32:44] ACQUIRED product_id=103781 retry=0
[2026-04-24 14:32:44] QUEUE product_id=109663 retry=0
[2026-04-24 14:32:44] QUEUE product_id=91228 retry=0
[2026-04-24 14:32:49] STATUS product_id=103781 status=403
[2026-04-24 14:32:49] RETRY product_id=103781 reason=status_403 sleep=4.39s
[2026-04-24 14:32:49] ACQUIRED product_id=109663 retry=0
[2026-04-24 14:32:53] QUEUE product_id=103781 retry=1
[2026-04-24 14:32:54] STATUS product_id=109663 status=403
[2026-04-24 14:32:54] RETRY product_id=109663 reason=status_403 sleep=3.76s
[2026-04-24 14:32:54] ACQUIRED product_id=91228 retry=0
[2026-04-24 14:32:58] QUEUE product_id=109663 retry=1
[2026-04-24 14:33:00] STATUS product_id=91228 status=200
[2026-04-24 14:33:00] ACQUIRED product_id=103781 retry=1
[2026-04-24 14:33:00] FINISHED product_id=91228 status=success
[2026-04-24 14:33:04] STATUS product_id=103781 status=404
[2026-04-24 14:33:04] ACQUIRED product_id=109663 retry=1
[2026-04-24 14:33:04] FINISHED product_id=103781 status=failed
[2026-04-24 14:33:08] STATUS product_id=109663 status=403
[2026-04-24 14:33:08] FINISHED product_id=109663 status=failed
[2026-04-24 14:33:08] Batch 133: total=3, success=1, error=2, time=23.99s
[2026-04-24 14:33:13] RUNNING batch=134 size=3
[2026-04-24 14:33:13] QUEUE product_id=105459 retry=0
[2026-04-24 14:33:13] ACQUIRED product_id=105459 retry=0
[2026-04-24 14:33:13] QUEUE product_id=95868 retry=0
[2026-04-24 14:33:13] QUEUE product_id=103703 retry=0
[2026-04-24 14:33:20] STATUS product_id=105459 status=200
[2026-04-24 14:33:20] ACQUIRED product_id=95868 retry=0
[2026-04-24 14:33:20] FINISHED product_id=105459 status=success
[2026-04-24 14:33:24] STATUS product_id=95868 status=200
[2026-04-24 14:33:24] ACQUIRED product_id=103703 retry=0
[2026-04-24 14:33:24] FINISHED product_id=95868 status=success
[2026-04-24 14:33:29] STATUS product_id=103703 status=403
[2026-04-24 14:33:29] RETRY product_id=103703 reason=status_403 sleep=4.50s
[2026-04-24 14:33:34] QUEUE product_id=103703 retry=1
[2026-04-24 14:33:34] ACQUIRED product_id=103703 retry=1
[2026-04-24 14:33:37] STATUS product_id=103703 status=403
[2026-04-24 14:33:37] FINISHED product_id=103703 status=failed
[2026-04-24 14:33:37] Batch 134: total=3, success=2, error=1, time=24.03s
[2026-04-24 14:33:41] RUNNING batch=135 size=3
[2026-04-24 14:33:41] QUEUE product_id=98636 retry=0
[2026-04-24 14:33:41] ACQUIRED product_id=98636 retry=0
[2026-04-24 14:33:41] QUEUE product_id=96478 retry=0
[2026-04-24 14:33:41] QUEUE product_id=111281 retry=0
[2026-04-24 14:33:46] STATUS product_id=98636 status=403
[2026-04-24 14:33:46] RETRY product_id=98636 reason=status_403 sleep=4.50s
[2026-04-24 14:33:46] ACQUIRED product_id=96478 retry=0
[2026-04-24 14:33:50] QUEUE product_id=98636 retry=1
[2026-04-24 14:33:51] STATUS product_id=96478 status=403
[2026-04-24 14:33:51] RETRY product_id=96478 reason=status_403 sleep=3.83s
[2026-04-24 14:33:51] ACQUIRED product_id=111281 retry=0
[2026-04-24 14:33:54] QUEUE product_id=96478 retry=1
[2026-04-24 14:33:55] STATUS product_id=111281 status=403
[2026-04-24 14:33:55] RETRY product_id=111281 reason=status_403 sleep=3.93s
[2026-04-24 14:33:55] ACQUIRED product_id=98636 retry=1
[2026-04-24 14:33:59] STATUS product_id=98636 status=403
[2026-04-24 14:33:59] ACQUIRED product_id=96478 retry=1
[2026-04-24 14:33:59] FINISHED product_id=98636 status=failed
[2026-04-24 14:33:59] QUEUE product_id=111281 retry=1
[2026-04-24 14:34:04] STATUS product_id=96478 status=200
[2026-04-24 14:34:04] ACQUIRED product_id=111281 retry=1
[2026-04-24 14:34:04] FINISHED product_id=96478 status=success
[2026-04-24 14:34:07] STATUS product_id=111281 status=403
[2026-04-24 14:34:07] FINISHED product_id=111281 status=failed
[2026-04-24 14:34:07] Batch 135: total=3, success=1, error=2, time=26.05s
[2026-04-24 14:34:11] RUNNING batch=136 size=3
[2026-04-24 14:34:11] QUEUE product_id=109720 retry=0
[2026-04-24 14:34:11] ACQUIRED product_id=109720 retry=0
[2026-04-24 14:34:11] QUEUE product_id=111311 retry=0
[2026-04-24 14:34:11] QUEUE product_id=111319 retry=0
[2026-04-24 14:34:18] STATUS product_id=109720 status=200
[2026-04-24 14:34:18] ACQUIRED product_id=111311 retry=0
[2026-04-24 14:34:18] FINISHED product_id=109720 status=success
[2026-04-24 14:34:24] STATUS product_id=111311 status=200
[2026-04-24 14:34:24] ACQUIRED product_id=111319 retry=0
[2026-04-24 14:34:24] FINISHED product_id=111311 status=success
[2026-04-24 14:34:28] STATUS product_id=111319 status=403
[2026-04-24 14:34:28] RETRY product_id=111319 reason=status_403 sleep=3.78s
[2026-04-24 14:34:32] QUEUE product_id=111319 retry=1
[2026-04-24 14:34:32] ACQUIRED product_id=111319 retry=1
[2026-04-24 14:34:37] STATUS product_id=111319 status=200
[2026-04-24 14:34:37] FINISHED product_id=111319 status=success
[2026-04-24 14:34:37] Batch 136: total=3, success=3, error=0, time=25.84s
[2026-04-24 14:34:41] RUNNING batch=137 size=3
[2026-04-24 14:34:41] QUEUE product_id=109711 retry=0
[2026-04-24 14:34:41] ACQUIRED product_id=109711 retry=0
[2026-04-24 14:34:41] QUEUE product_id=95829 retry=0
[2026-04-24 14:34:41] QUEUE product_id=90428 retry=0
[2026-04-24 14:34:45] STATUS product_id=109711 status=403
[2026-04-24 14:34:45] RETRY product_id=109711 reason=status_403 sleep=3.52s
[2026-04-24 14:34:45] ACQUIRED product_id=95829 retry=0
[2026-04-24 14:34:49] QUEUE product_id=109711 retry=1
[2026-04-24 14:34:52] STATUS product_id=95829 status=200
[2026-04-24 14:34:52] ACQUIRED product_id=90428 retry=0
[2026-04-24 14:34:52] FINISHED product_id=95829 status=success
[2026-04-24 14:34:57] STATUS product_id=90428 status=200
[2026-04-24 14:34:57] ACQUIRED product_id=109711 retry=1
[2026-04-24 14:34:57] FINISHED product_id=90428 status=success
[2026-04-24 14:35:01] STATUS product_id=109711 status=404
[2026-04-24 14:35:01] FINISHED product_id=109711 status=failed
[2026-04-24 14:35:01] Batch 137: total=3, success=2, error=1, time=19.31s
[2026-04-24 14:35:05] RUNNING batch=138 size=3
[2026-04-24 14:35:05] QUEUE product_id=96151 retry=0
[2026-04-24 14:35:05] ACQUIRED product_id=96151 retry=0
[2026-04-24 14:35:05] QUEUE product_id=96584 retry=0
[2026-04-24 14:35:05] QUEUE product_id=105919 retry=0
[2026-04-24 14:35:09] STATUS product_id=96151 status=403
[2026-04-24 14:35:09] RETRY product_id=96151 reason=status_403 sleep=4.37s
[2026-04-24 14:35:09] ACQUIRED product_id=96584 retry=0
[2026-04-24 14:35:13] STATUS product_id=96584 status=403
[2026-04-24 14:35:13] RETRY product_id=96584 reason=status_403 sleep=4.29s
[2026-04-24 14:35:13] ACQUIRED product_id=105919 retry=0
[2026-04-24 14:35:13] QUEUE product_id=96151 retry=1
[2026-04-24 14:35:17] QUEUE product_id=96584 retry=1
[2026-04-24 14:35:19] STATUS product_id=105919 status=200
[2026-04-24 14:35:19] ACQUIRED product_id=96151 retry=1
[2026-04-24 14:35:19] FINISHED product_id=105919 status=success
[2026-04-24 14:35:23] STATUS product_id=96151 status=403
[2026-04-24 14:35:23] ACQUIRED product_id=96584 retry=1
[2026-04-24 14:35:23] FINISHED product_id=96151 status=failed
[2026-04-24 14:35:27] STATUS product_id=96584 status=403
[2026-04-24 14:35:27] FINISHED product_id=96584 status=failed
[2026-04-24 14:35:27] Batch 138: total=3, success=1, error=2, time=22.49s
[2026-04-24 14:35:32] RUNNING batch=139 size=3
[2026-04-24 14:35:32] QUEUE product_id=90558 retry=0
[2026-04-24 14:35:32] ACQUIRED product_id=90558 retry=0
[2026-04-24 14:35:32] QUEUE product_id=97214 retry=0
[2026-04-24 14:35:32] QUEUE product_id=88855 retry=0
[2026-04-24 14:35:35] STATUS product_id=90558 status=403
[2026-04-24 14:35:35] RETRY product_id=90558 reason=status_403 sleep=4.11s
[2026-04-24 14:35:35] ACQUIRED product_id=97214 retry=0
[2026-04-24 14:35:39] STATUS product_id=97214 status=403
[2026-04-24 14:35:39] RETRY product_id=97214 reason=status_403 sleep=4.20s
[2026-04-24 14:35:39] ACQUIRED product_id=88855 retry=0
[2026-04-24 14:35:39] QUEUE product_id=90558 retry=1
[2026-04-24 14:35:43] QUEUE product_id=97214 retry=1
[2026-04-24 14:35:44] STATUS product_id=88855 status=200
[2026-04-24 14:35:44] ACQUIRED product_id=90558 retry=1
[2026-04-24 14:35:44] FINISHED product_id=88855 status=success
[2026-04-24 14:35:49] STATUS product_id=90558 status=403
[2026-04-24 14:35:49] ACQUIRED product_id=97214 retry=1
[2026-04-24 14:35:49] FINISHED product_id=90558 status=failed
[2026-04-24 14:35:55] STATUS product_id=97214 status=200
[2026-04-24 14:35:55] FINISHED product_id=97214 status=success
[2026-04-24 14:35:55] Batch 139: total=3, success=2, error=1, time=22.82s
[2026-04-24 14:35:59] RUNNING batch=140 size=3
[2026-04-24 14:35:59] QUEUE product_id=80413 retry=0
[2026-04-24 14:35:59] ACQUIRED product_id=80413 retry=0
[2026-04-24 14:35:59] QUEUE product_id=97373 retry=0
[2026-04-24 14:35:59] QUEUE product_id=98137 retry=0
[2026-04-24 14:36:03] STATUS product_id=80413 status=403
[2026-04-24 14:36:03] RETRY product_id=80413 reason=status_403 sleep=4.44s
[2026-04-24 14:36:03] ACQUIRED product_id=97373 retry=0
[2026-04-24 14:36:08] QUEUE product_id=80413 retry=1
[2026-04-24 14:36:08] STATUS product_id=97373 status=200
[2026-04-24 14:36:08] ACQUIRED product_id=98137 retry=0
[2026-04-24 14:36:08] FINISHED product_id=97373 status=success
[2026-04-24 14:36:12] STATUS product_id=98137 status=403
[2026-04-24 14:36:12] RETRY product_id=98137 reason=status_403 sleep=3.67s
[2026-04-24 14:36:12] ACQUIRED product_id=80413 retry=1
[2026-04-24 14:36:16] QUEUE product_id=98137 retry=1
[2026-04-24 14:36:17] STATUS product_id=80413 status=200
[2026-04-24 14:36:17] ACQUIRED product_id=98137 retry=1
[2026-04-24 14:36:17] FINISHED product_id=80413 status=success
[2026-04-24 14:36:22] STATUS product_id=98137 status=200
[2026-04-24 14:36:22] FINISHED product_id=98137 status=success
[2026-04-24 14:36:22] Batch 140: total=3, success=3, error=0, time=23.27s
[2026-04-24 14:36:26] RUNNING batch=141 size=3
[2026-04-24 14:36:26] QUEUE product_id=99896 retry=0
[2026-04-24 14:36:26] ACQUIRED product_id=99896 retry=0
[2026-04-24 14:36:26] QUEUE product_id=104170 retry=0
[2026-04-24 14:36:26] QUEUE product_id=95588 retry=0
[2026-04-24 14:36:30] STATUS product_id=99896 status=403
[2026-04-24 14:36:30] RETRY product_id=99896 reason=status_403 sleep=4.13s
[2026-04-24 14:36:30] ACQUIRED product_id=104170 retry=0
[2026-04-24 14:36:33] STATUS product_id=104170 status=403
[2026-04-24 14:36:33] RETRY product_id=104170 reason=status_403 sleep=4.02s
[2026-04-24 14:36:33] ACQUIRED product_id=95588 retry=0
[2026-04-24 14:36:34] QUEUE product_id=99896 retry=1
[2026-04-24 14:36:37] STATUS product_id=95588 status=403
[2026-04-24 14:36:37] RETRY product_id=95588 reason=status_403 sleep=3.67s
[2026-04-24 14:36:37] ACQUIRED product_id=99896 retry=1
[2026-04-24 14:36:37] QUEUE product_id=104170 retry=1
[2026-04-24 14:36:40] QUEUE product_id=95588 retry=1
[2026-04-24 14:36:42] STATUS product_id=99896 status=200
[2026-04-24 14:36:42] ACQUIRED product_id=104170 retry=1
[2026-04-24 14:36:42] FINISHED product_id=99896 status=success
[2026-04-24 14:36:47] STATUS product_id=104170 status=403
[2026-04-24 14:36:47] ACQUIRED product_id=95588 retry=1
[2026-04-24 14:36:47] FINISHED product_id=104170 status=failed
[2026-04-24 14:36:50] STATUS product_id=95588 status=403
[2026-04-24 14:36:50] FINISHED product_id=95588 status=failed
[2026-04-24 14:36:50] Batch 141: total=3, success=1, error=2, time=24.68s
[2026-04-24 14:36:54] RUNNING batch=142 size=3
[2026-04-24 14:36:54] QUEUE product_id=93289 retry=0
[2026-04-24 14:36:54] ACQUIRED product_id=93289 retry=0
[2026-04-24 14:36:54] QUEUE product_id=100000 retry=0
[2026-04-24 14:36:54] QUEUE product_id=110873 retry=0
[2026-04-24 14:37:01] STATUS product_id=93289 status=200
[2026-04-24 14:37:01] ACQUIRED product_id=100000 retry=0
[2026-04-24 14:37:01] FINISHED product_id=93289 status=success
[2026-04-24 14:37:04] STATUS product_id=100000 status=200
[2026-04-24 14:37:04] ACQUIRED product_id=110873 retry=0
[2026-04-24 14:37:04] FINISHED product_id=100000 status=success
[2026-04-24 14:37:09] STATUS product_id=110873 status=200
[2026-04-24 14:37:09] FINISHED product_id=110873 status=success
[2026-04-24 14:37:09] Batch 142: total=3, success=3, error=0, time=14.22s
[2026-04-24 14:37:13] RUNNING batch=143 size=3
[2026-04-24 14:37:13] QUEUE product_id=100629 retry=0
[2026-04-24 14:37:13] ACQUIRED product_id=100629 retry=0
[2026-04-24 14:37:13] QUEUE product_id=109620 retry=0
[2026-04-24 14:37:13] QUEUE product_id=95576 retry=0
[2026-04-24 14:37:18] STATUS product_id=100629 status=403
[2026-04-24 14:37:18] RETRY product_id=100629 reason=status_403 sleep=3.62s
[2026-04-24 14:37:18] ACQUIRED product_id=109620 retry=0
[2026-04-24 14:37:21] QUEUE product_id=100629 retry=1
[2026-04-24 14:37:22] STATUS product_id=109620 status=403
[2026-04-24 14:37:22] RETRY product_id=109620 reason=status_403 sleep=4.07s
[2026-04-24 14:37:22] ACQUIRED product_id=95576 retry=0
[2026-04-24 14:37:26] QUEUE product_id=109620 retry=1
[2026-04-24 14:37:29] STATUS product_id=95576 status=200
[2026-04-24 14:37:29] ACQUIRED product_id=100629 retry=1
[2026-04-24 14:37:29] FINISHED product_id=95576 status=success
[2026-04-24 14:37:32] STATUS product_id=100629 status=403
[2026-04-24 14:37:32] ACQUIRED product_id=109620 retry=1
[2026-04-24 14:37:32] FINISHED product_id=100629 status=failed
[2026-04-24 14:37:38] STATUS product_id=109620 status=200
[2026-04-24 14:37:38] FINISHED product_id=109620 status=success
[2026-04-24 14:37:38] Batch 143: total=3, success=2, error=1, time=25.21s
[2026-04-24 14:37:42] RUNNING batch=144 size=3
[2026-04-24 14:37:42] QUEUE product_id=111084 retry=0
[2026-04-24 14:37:42] ACQUIRED product_id=111084 retry=0
[2026-04-24 14:37:42] QUEUE product_id=110538 retry=0
[2026-04-24 14:37:42] QUEUE product_id=106983 retry=0
[2026-04-24 14:37:47] STATUS product_id=111084 status=404
[2026-04-24 14:37:47] ACQUIRED product_id=110538 retry=0
[2026-04-24 14:37:47] FINISHED product_id=111084 status=failed
[2026-04-24 14:37:53] STATUS product_id=110538 status=200
[2026-04-24 14:37:53] ACQUIRED product_id=106983 retry=0
[2026-04-24 14:37:53] FINISHED product_id=110538 status=success
[2026-04-24 14:37:58] STATUS product_id=106983 status=200
[2026-04-24 14:37:58] FINISHED product_id=106983 status=success
[2026-04-24 14:37:58] Batch 144: total=3, success=2, error=1, time=16.14s
[2026-04-24 14:38:01] RUNNING batch=145 size=3
[2026-04-24 14:38:01] QUEUE product_id=106361 retry=0
[2026-04-24 14:38:01] ACQUIRED product_id=106361 retry=0
[2026-04-24 14:38:01] QUEUE product_id=104966 retry=0
[2026-04-24 14:38:01] QUEUE product_id=111251 retry=0
[2026-04-24 14:38:07] STATUS product_id=106361 status=200
[2026-04-24 14:38:07] ACQUIRED product_id=104966 retry=0
[2026-04-24 14:38:07] FINISHED product_id=106361 status=success
[2026-04-24 14:38:12] STATUS product_id=104966 status=200
[2026-04-24 14:38:12] ACQUIRED product_id=111251 retry=0
[2026-04-24 14:38:12] FINISHED product_id=104966 status=success
[2026-04-24 14:38:16] STATUS product_id=111251 status=403
[2026-04-24 14:38:16] RETRY product_id=111251 reason=status_403 sleep=3.67s
[2026-04-24 14:38:19] QUEUE product_id=111251 retry=1
[2026-04-24 14:38:19] ACQUIRED product_id=111251 retry=1
[2026-04-24 14:38:25] STATUS product_id=111251 status=200
[2026-04-24 14:38:25] FINISHED product_id=111251 status=success
[2026-04-24 14:38:25] Batch 145: total=3, success=3, error=0, time=23.67s
[2026-04-24 14:38:29] RUNNING batch=146 size=3
[2026-04-24 14:38:29] QUEUE product_id=106962 retry=0
[2026-04-24 14:38:29] ACQUIRED product_id=106962 retry=0
[2026-04-24 14:38:29] QUEUE product_id=110033 retry=0
[2026-04-24 14:38:29] QUEUE product_id=106958 retry=0
[2026-04-24 14:38:32] STATUS product_id=106962 status=403
[2026-04-24 14:38:32] RETRY product_id=106962 reason=status_403 sleep=3.60s
[2026-04-24 14:38:32] ACQUIRED product_id=110033 retry=0
[2026-04-24 14:38:36] STATUS product_id=110033 status=403
[2026-04-24 14:38:36] RETRY product_id=110033 reason=status_403 sleep=4.06s
[2026-04-24 14:38:36] ACQUIRED product_id=106958 retry=0
[2026-04-24 14:38:36] QUEUE product_id=106962 retry=1
[2026-04-24 14:38:40] QUEUE product_id=110033 retry=1
[2026-04-24 14:38:41] STATUS product_id=106958 status=403
[2026-04-24 14:38:41] RETRY product_id=106958 reason=status_403 sleep=4.04s
[2026-04-24 14:38:41] ACQUIRED product_id=106962 retry=1
[2026-04-24 14:38:45] QUEUE product_id=106958 retry=1
[2026-04-24 14:38:46] STATUS product_id=106962 status=403
[2026-04-24 14:38:46] ACQUIRED product_id=110033 retry=1
[2026-04-24 14:38:46] FINISHED product_id=106962 status=failed
[2026-04-24 14:38:49] STATUS product_id=110033 status=403
[2026-04-24 14:38:49] ACQUIRED product_id=106958 retry=1
[2026-04-24 14:38:49] FINISHED product_id=110033 status=failed
[2026-04-24 14:38:54] STATUS product_id=106958 status=403
[2026-04-24 14:38:54] FINISHED product_id=106958 status=failed
[2026-04-24 14:38:54] Batch 146: total=3, success=0, error=3, time=24.93s
[2026-04-24 14:38:58] RUNNING batch=147 size=3
[2026-04-24 14:38:58] QUEUE product_id=102535 retry=0
[2026-04-24 14:38:58] ACQUIRED product_id=102535 retry=0
[2026-04-24 14:38:58] QUEUE product_id=97539 retry=0
[2026-04-24 14:38:58] QUEUE product_id=97103 retry=0
[2026-04-24 14:39:02] STATUS product_id=102535 status=403
[2026-04-24 14:39:02] RETRY product_id=102535 reason=status_403 sleep=4.06s
[2026-04-24 14:39:02] ACQUIRED product_id=97539 retry=0
[2026-04-24 14:39:06] QUEUE product_id=102535 retry=1
[2026-04-24 14:39:08] STATUS product_id=97539 status=200
[2026-04-24 14:39:08] ACQUIRED product_id=97103 retry=0
[2026-04-24 14:39:08] FINISHED product_id=97539 status=success
[2026-04-24 14:39:13] STATUS product_id=97103 status=403
[2026-04-24 14:39:13] RETRY product_id=97103 reason=status_403 sleep=3.99s
[2026-04-24 14:39:13] ACQUIRED product_id=102535 retry=1
[2026-04-24 14:39:17] QUEUE product_id=97103 retry=1
[2026-04-24 14:39:18] STATUS product_id=102535 status=403
[2026-04-24 14:39:18] ACQUIRED product_id=97103 retry=1
[2026-04-24 14:39:18] FINISHED product_id=102535 status=failed
[2026-04-24 14:39:21] STATUS product_id=97103 status=403
[2026-04-24 14:39:21] FINISHED product_id=97103 status=failed
[2026-04-24 14:39:21] Batch 147: total=3, success=1, error=2, time=23.39s
[2026-04-24 14:39:25] RUNNING batch=148 size=3
[2026-04-24 14:39:25] QUEUE product_id=108296 retry=0
[2026-04-24 14:39:25] ACQUIRED product_id=108296 retry=0
[2026-04-24 14:39:25] QUEUE product_id=106964 retry=0
[2026-04-24 14:39:25] QUEUE product_id=99734 retry=0
[2026-04-24 14:39:29] STATUS product_id=108296 status=403
[2026-04-24 14:39:29] RETRY product_id=108296 reason=status_403 sleep=3.96s
[2026-04-24 14:39:29] ACQUIRED product_id=106964 retry=0
[2026-04-24 14:39:33] QUEUE product_id=108296 retry=1
[2026-04-24 14:39:34] STATUS product_id=106964 status=403
[2026-04-24 14:39:34] RETRY product_id=106964 reason=status_403 sleep=3.86s
[2026-04-24 14:39:34] ACQUIRED product_id=99734 retry=0
[2026-04-24 14:39:37] STATUS product_id=99734 status=403
[2026-04-24 14:39:37] RETRY product_id=99734 reason=status_403 sleep=4.00s
[2026-04-24 14:39:37] ACQUIRED product_id=108296 retry=1
[2026-04-24 14:39:37] QUEUE product_id=106964 retry=1
[2026-04-24 14:39:40] STATUS product_id=108296 status=403
[2026-04-24 14:39:40] ACQUIRED product_id=106964 retry=1
[2026-04-24 14:39:40] FINISHED product_id=108296 status=failed
[2026-04-24 14:39:41] QUEUE product_id=99734 retry=1
[2026-04-24 14:39:44] STATUS product_id=106964 status=403
[2026-04-24 14:39:44] ACQUIRED product_id=99734 retry=1
[2026-04-24 14:39:44] FINISHED product_id=106964 status=failed
[2026-04-24 14:39:48] STATUS product_id=99734 status=403
[2026-04-24 14:39:48] FINISHED product_id=99734 status=failed
[2026-04-24 14:39:48] Batch 148: total=3, success=0, error=3, time=23.40s
[2026-04-24 14:39:53] RUNNING batch=149 size=3
[2026-04-24 14:39:53] QUEUE product_id=106960 retry=0
[2026-04-24 14:39:53] ACQUIRED product_id=106960 retry=0
[2026-04-24 14:39:53] QUEUE product_id=101377 retry=0
[2026-04-24 14:39:53] QUEUE product_id=96861 retry=0
[2026-04-24 14:39:57] STATUS product_id=106960 status=404
[2026-04-24 14:39:57] ACQUIRED product_id=101377 retry=0
[2026-04-24 14:39:57] FINISHED product_id=106960 status=failed
[2026-04-24 14:40:01] STATUS product_id=101377 status=403
[2026-04-24 14:40:01] RETRY product_id=101377 reason=status_403 sleep=3.50s
[2026-04-24 14:40:01] ACQUIRED product_id=96861 retry=0
[2026-04-24 14:40:04] QUEUE product_id=101377 retry=1
[2026-04-24 14:40:06] STATUS product_id=96861 status=200
[2026-04-24 14:40:06] ACQUIRED product_id=101377 retry=1
[2026-04-24 14:40:06] FINISHED product_id=96861 status=success
[2026-04-24 14:40:10] STATUS product_id=101377 status=403
[2026-04-24 14:40:10] FINISHED product_id=101377 status=failed
[2026-04-24 14:40:10] Batch 149: total=3, success=1, error=2, time=17.10s
[2026-04-24 14:40:14] RUNNING batch=150 size=3
[2026-04-24 14:40:14] QUEUE product_id=96851 retry=0
[2026-04-24 14:40:14] ACQUIRED product_id=96851 retry=0
[2026-04-24 14:40:14] QUEUE product_id=96855 retry=0
[2026-04-24 14:40:14] QUEUE product_id=108213 retry=0
[2026-04-24 14:40:18] STATUS product_id=96851 status=403
[2026-04-24 14:40:18] RETRY product_id=96851 reason=status_403 sleep=3.85s
[2026-04-24 14:40:18] ACQUIRED product_id=96855 retry=0
[2026-04-24 14:40:21] QUEUE product_id=96851 retry=1
[2026-04-24 14:40:23] STATUS product_id=96855 status=403
[2026-04-24 14:40:23] RETRY product_id=96855 reason=status_403 sleep=3.86s
[2026-04-24 14:40:23] ACQUIRED product_id=108213 retry=0
[2026-04-24 14:40:26] QUEUE product_id=96855 retry=1
[2026-04-24 14:40:28] STATUS product_id=108213 status=200
[2026-04-24 14:40:28] ACQUIRED product_id=96851 retry=1
[2026-04-24 14:40:28] FINISHED product_id=108213 status=success
[2026-04-24 14:40:34] STATUS product_id=96851 status=200
[2026-04-24 14:40:34] ACQUIRED product_id=96855 retry=1
[2026-04-24 14:40:34] FINISHED product_id=96851 status=success
[2026-04-24 14:40:38] STATUS product_id=96855 status=403
[2026-04-24 14:40:38] FINISHED product_id=96855 status=failed
[2026-04-24 14:40:38] Batch 150: total=3, success=2, error=1, time=23.82s
[2026-04-24 14:40:43] RUNNING batch=151 size=3
[2026-04-24 14:40:43] QUEUE product_id=91995 retry=0
[2026-04-24 14:40:43] ACQUIRED product_id=91995 retry=0
[2026-04-24 14:40:43] QUEUE product_id=99373 retry=0
[2026-04-24 14:40:43] QUEUE product_id=99507 retry=0
[2026-04-24 14:40:48] STATUS product_id=91995 status=200
[2026-04-24 14:40:48] ACQUIRED product_id=99373 retry=0
[2026-04-24 14:40:48] FINISHED product_id=91995 status=success
[2026-04-24 14:40:54] STATUS product_id=99373 status=200
[2026-04-24 14:40:54] ACQUIRED product_id=99507 retry=0
[2026-04-24 14:40:54] FINISHED product_id=99373 status=success
[2026-04-24 14:40:58] STATUS product_id=99507 status=403
[2026-04-24 14:40:58] RETRY product_id=99507 reason=status_403 sleep=3.66s
[2026-04-24 14:41:02] QUEUE product_id=99507 retry=1
[2026-04-24 14:41:02] ACQUIRED product_id=99507 retry=1
[2026-04-24 14:41:08] STATUS product_id=99507 status=200
[2026-04-24 14:41:08] FINISHED product_id=99507 status=success
[2026-04-24 14:41:08] Batch 151: total=3, success=3, error=0, time=25.41s
[2026-04-24 14:41:12] RUNNING batch=152 size=3
[2026-04-24 14:41:12] QUEUE product_id=96435 retry=0
[2026-04-24 14:41:12] ACQUIRED product_id=96435 retry=0
[2026-04-24 14:41:12] QUEUE product_id=96547 retry=0
[2026-04-24 14:41:12] QUEUE product_id=99406 retry=0
[2026-04-24 14:41:16] STATUS product_id=96435 status=403
[2026-04-24 14:41:16] RETRY product_id=96435 reason=status_403 sleep=3.99s
[2026-04-24 14:41:16] ACQUIRED product_id=96547 retry=0
[2026-04-24 14:41:20] QUEUE product_id=96435 retry=1
[2026-04-24 14:41:21] STATUS product_id=96547 status=200
[2026-04-24 14:41:21] ACQUIRED product_id=99406 retry=0
[2026-04-24 14:41:21] FINISHED product_id=96547 status=success
[2026-04-24 14:41:25] STATUS product_id=99406 status=403
[2026-04-24 14:41:25] RETRY product_id=99406 reason=status_403 sleep=4.11s
[2026-04-24 14:41:25] ACQUIRED product_id=96435 retry=1
[2026-04-24 14:41:29] QUEUE product_id=99406 retry=1
[2026-04-24 14:41:31] STATUS product_id=96435 status=200
[2026-04-24 14:41:31] ACQUIRED product_id=99406 retry=1
[2026-04-24 14:41:31] FINISHED product_id=96435 status=success
[2026-04-24 14:41:34] STATUS product_id=99406 status=403
[2026-04-24 14:41:34] FINISHED product_id=99406 status=failed
[2026-04-24 14:41:34] Batch 152: total=3, success=2, error=1, time=22.43s
[2026-04-24 14:41:39] RUNNING batch=153 size=3
[2026-04-24 14:41:39] QUEUE product_id=97551 retry=0
[2026-04-24 14:41:39] ACQUIRED product_id=97551 retry=0
[2026-04-24 14:41:39] QUEUE product_id=91773 retry=0
[2026-04-24 14:41:39] QUEUE product_id=91828 retry=0
[2026-04-24 14:41:42] STATUS product_id=97551 status=403
[2026-04-24 14:41:42] RETRY product_id=97551 reason=status_403 sleep=3.96s
[2026-04-24 14:41:42] ACQUIRED product_id=91773 retry=0
[2026-04-24 14:41:46] QUEUE product_id=97551 retry=1
[2026-04-24 14:41:47] STATUS product_id=91773 status=200
[2026-04-24 14:41:47] ACQUIRED product_id=91828 retry=0
[2026-04-24 14:41:47] FINISHED product_id=91773 status=success
[2026-04-24 14:41:51] STATUS product_id=91828 status=403
[2026-04-24 14:41:51] RETRY product_id=91828 reason=status_403 sleep=4.12s
[2026-04-24 14:41:51] ACQUIRED product_id=97551 retry=1
[2026-04-24 14:41:55] STATUS product_id=97551 status=403
[2026-04-24 14:41:55] FINISHED product_id=97551 status=failed
[2026-04-24 14:41:55] QUEUE product_id=91828 retry=1
[2026-04-24 14:41:55] ACQUIRED product_id=91828 retry=1
[2026-04-24 14:41:59] STATUS product_id=91828 status=403
[2026-04-24 14:41:59] FINISHED product_id=91828 status=failed
[2026-04-24 14:41:59] Batch 153: total=3, success=1, error=2, time=20.34s
[2026-04-24 14:42:04] RUNNING batch=154 size=3
[2026-04-24 14:42:04] QUEUE product_id=97194 retry=0
[2026-04-24 14:42:04] ACQUIRED product_id=97194 retry=0
[2026-04-24 14:42:04] QUEUE product_id=104373 retry=0
[2026-04-24 14:42:04] QUEUE product_id=103164 retry=0
[2026-04-24 14:42:09] STATUS product_id=97194 status=200
[2026-04-24 14:42:09] ACQUIRED product_id=104373 retry=0
[2026-04-24 14:42:09] FINISHED product_id=97194 status=success
[2026-04-24 14:42:15] STATUS product_id=104373 status=200
[2026-04-24 14:42:15] ACQUIRED product_id=103164 retry=0
[2026-04-24 14:42:15] FINISHED product_id=104373 status=success
[2026-04-24 14:42:20] STATUS product_id=103164 status=403
[2026-04-24 14:42:20] RETRY product_id=103164 reason=status_403 sleep=3.73s
[2026-04-24 14:42:24] QUEUE product_id=103164 retry=1
[2026-04-24 14:42:24] ACQUIRED product_id=103164 retry=1
[2026-04-24 14:42:29] STATUS product_id=103164 status=200
[2026-04-24 14:42:29] FINISHED product_id=103164 status=success
[2026-04-24 14:42:29] Batch 154: total=3, success=3, error=0, time=24.98s
[2026-04-24 14:42:32] RUNNING batch=155 size=3
[2026-04-24 14:42:32] QUEUE product_id=102550 retry=0
[2026-04-24 14:42:32] ACQUIRED product_id=102550 retry=0
[2026-04-24 14:42:32] QUEUE product_id=102549 retry=0
[2026-04-24 14:42:32] QUEUE product_id=102613 retry=0
[2026-04-24 14:42:36] STATUS product_id=102550 status=403
[2026-04-24 14:42:36] RETRY product_id=102550 reason=status_403 sleep=4.35s
[2026-04-24 14:42:36] ACQUIRED product_id=102549 retry=0
[2026-04-24 14:42:40] QUEUE product_id=102550 retry=1
[2026-04-24 14:42:40] STATUS product_id=102549 status=404
[2026-04-24 14:42:40] ACQUIRED product_id=102613 retry=0
[2026-04-24 14:42:40] FINISHED product_id=102549 status=failed
[2026-04-24 14:42:46] STATUS product_id=102613 status=404
[2026-04-24 14:42:46] ACQUIRED product_id=102550 retry=1
[2026-04-24 14:42:46] FINISHED product_id=102613 status=failed
[2026-04-24 14:42:49] STATUS product_id=102550 status=403
[2026-04-24 14:42:49] FINISHED product_id=102550 status=failed
[2026-04-24 14:42:49] Batch 155: total=3, success=0, error=3, time=16.92s
[2026-04-24 14:42:53] RUNNING batch=156 size=3
[2026-04-24 14:42:53] QUEUE product_id=98917 retry=0
[2026-04-24 14:42:53] ACQUIRED product_id=98917 retry=0
[2026-04-24 14:42:53] QUEUE product_id=100133 retry=0
[2026-04-24 14:42:53] QUEUE product_id=99347 retry=0
[2026-04-24 14:42:59] STATUS product_id=98917 status=200
[2026-04-24 14:42:59] ACQUIRED product_id=100133 retry=0
[2026-04-24 14:42:59] FINISHED product_id=98917 status=success
[2026-04-24 14:43:04] STATUS product_id=100133 status=403
[2026-04-24 14:43:04] RETRY product_id=100133 reason=status_403 sleep=3.76s
[2026-04-24 14:43:04] ACQUIRED product_id=99347 retry=0
[2026-04-24 14:43:07] QUEUE product_id=100133 retry=1
[2026-04-24 14:43:09] STATUS product_id=99347 status=200
[2026-04-24 14:43:09] ACQUIRED product_id=100133 retry=1
[2026-04-24 14:43:09] FINISHED product_id=99347 status=success
[2026-04-24 14:43:14] STATUS product_id=100133 status=403
[2026-04-24 14:43:14] FINISHED product_id=100133 status=failed
[2026-04-24 14:43:14] Batch 156: total=3, success=2, error=1, time=20.56s
[2026-04-24 14:43:17] RUNNING batch=157 size=3
[2026-04-24 14:43:17] QUEUE product_id=93178 retry=0
[2026-04-24 14:43:17] ACQUIRED product_id=93178 retry=0
[2026-04-24 14:43:17] QUEUE product_id=98145 retry=0
[2026-04-24 14:43:17] QUEUE product_id=96908 retry=0
[2026-04-24 14:43:23] STATUS product_id=93178 status=200
[2026-04-24 14:43:23] ACQUIRED product_id=98145 retry=0
[2026-04-24 14:43:23] FINISHED product_id=93178 status=success
[2026-04-24 14:43:28] STATUS product_id=98145 status=403
[2026-04-24 14:43:28] RETRY product_id=98145 reason=status_403 sleep=3.69s
[2026-04-24 14:43:28] ACQUIRED product_id=96908 retry=0
[2026-04-24 14:43:31] QUEUE product_id=98145 retry=1
[2026-04-24 14:43:32] STATUS product_id=96908 status=403
[2026-04-24 14:43:32] RETRY product_id=96908 reason=status_403 sleep=3.87s
[2026-04-24 14:43:32] ACQUIRED product_id=98145 retry=1
[2026-04-24 14:43:36] QUEUE product_id=96908 retry=1
[2026-04-24 14:43:37] STATUS product_id=98145 status=200
[2026-04-24 14:43:37] ACQUIRED product_id=96908 retry=1
[2026-04-24 14:43:37] FINISHED product_id=98145 status=success
[2026-04-24 14:43:42] STATUS product_id=96908 status=403
[2026-04-24 14:43:42] FINISHED product_id=96908 status=failed
[2026-04-24 14:43:42] Batch 157: total=3, success=2, error=1, time=25.07s
[2026-04-24 14:43:47] RUNNING batch=158 size=3
[2026-04-24 14:43:47] QUEUE product_id=100134 retry=0
[2026-04-24 14:43:47] ACQUIRED product_id=100134 retry=0
[2026-04-24 14:43:47] QUEUE product_id=101092 retry=0
[2026-04-24 14:43:47] QUEUE product_id=96965 retry=0
[2026-04-24 14:43:51] STATUS product_id=100134 status=200
[2026-04-24 14:43:51] ACQUIRED product_id=101092 retry=0
[2026-04-24 14:43:51] FINISHED product_id=100134 status=success
[2026-04-24 14:43:57] STATUS product_id=101092 status=200
[2026-04-24 14:43:57] ACQUIRED product_id=96965 retry=0
[2026-04-24 14:43:57] FINISHED product_id=101092 status=success
[2026-04-24 14:44:02] STATUS product_id=96965 status=200
[2026-04-24 14:44:02] FINISHED product_id=96965 status=success
[2026-04-24 14:44:02] Batch 158: total=3, success=3, error=0, time=15.49s
[2026-04-24 14:44:06] RUNNING batch=159 size=3
[2026-04-24 14:44:06] QUEUE product_id=102541 retry=0
[2026-04-24 14:44:06] ACQUIRED product_id=102541 retry=0
[2026-04-24 14:44:06] QUEUE product_id=99016 retry=0
[2026-04-24 14:44:06] QUEUE product_id=110596 retry=0
[2026-04-24 14:44:12] STATUS product_id=102541 status=404
[2026-04-24 14:44:12] ACQUIRED product_id=99016 retry=0
[2026-04-24 14:44:12] FINISHED product_id=102541 status=failed
[2026-04-24 14:44:17] STATUS product_id=99016 status=200
[2026-04-24 14:44:17] ACQUIRED product_id=110596 retry=0
[2026-04-24 14:44:17] FINISHED product_id=99016 status=success
[2026-04-24 14:44:20] STATUS product_id=110596 status=403
[2026-04-24 14:44:20] RETRY product_id=110596 reason=status_403 sleep=4.20s
[2026-04-24 14:44:24] QUEUE product_id=110596 retry=1
[2026-04-24 14:44:24] ACQUIRED product_id=110596 retry=1
[2026-04-24 14:44:29] STATUS product_id=110596 status=200
[2026-04-24 14:44:29] FINISHED product_id=110596 status=success
[2026-04-24 14:44:29] Batch 159: total=3, success=2, error=1, time=22.58s
[2026-04-24 14:44:32] RUNNING batch=160 size=3
[2026-04-24 14:44:32] QUEUE product_id=99833 retry=0
[2026-04-24 14:44:32] ACQUIRED product_id=99833 retry=0
[2026-04-24 14:44:32] QUEUE product_id=109290 retry=0
[2026-04-24 14:44:32] QUEUE product_id=99018 retry=0
[2026-04-24 14:44:37] STATUS product_id=99833 status=200
[2026-04-24 14:44:37] ACQUIRED product_id=109290 retry=0
[2026-04-24 14:44:37] FINISHED product_id=99833 status=success
[2026-04-24 14:44:43] STATUS product_id=109290 status=200
[2026-04-24 14:44:43] ACQUIRED product_id=99018 retry=0
[2026-04-24 14:44:43] FINISHED product_id=109290 status=success
[2026-04-24 14:44:48] STATUS product_id=99018 status=403
[2026-04-24 14:44:48] RETRY product_id=99018 reason=status_403 sleep=4.16s
[2026-04-24 14:44:52] QUEUE product_id=99018 retry=1
[2026-04-24 14:44:52] ACQUIRED product_id=99018 retry=1
[2026-04-24 14:44:56] STATUS product_id=99018 status=403
[2026-04-24 14:44:56] FINISHED product_id=99018 status=failed
[2026-04-24 14:44:56] Batch 160: total=3, success=2, error=1, time=24.31s
[2026-04-24 14:45:00] RUNNING batch=161 size=3
[2026-04-24 14:45:00] QUEUE product_id=94775 retry=0
[2026-04-24 14:45:00] ACQUIRED product_id=94775 retry=0
[2026-04-24 14:45:00] QUEUE product_id=90504 retry=0
[2026-04-24 14:45:00] QUEUE product_id=110333 retry=0
[2026-04-24 14:45:05] STATUS product_id=94775 status=403
[2026-04-24 14:45:05] RETRY product_id=94775 reason=status_403 sleep=4.24s
[2026-04-24 14:45:05] ACQUIRED product_id=90504 retry=0
[2026-04-24 14:45:09] QUEUE product_id=94775 retry=1
[2026-04-24 14:45:10] STATUS product_id=90504 status=200
[2026-04-24 14:45:10] ACQUIRED product_id=110333 retry=0
[2026-04-24 14:45:10] FINISHED product_id=90504 status=success
[2026-04-24 14:45:13] STATUS product_id=110333 status=403
[2026-04-24 14:45:13] RETRY product_id=110333 reason=status_403 sleep=4.16s
[2026-04-24 14:45:13] ACQUIRED product_id=94775 retry=1
[2026-04-24 14:45:16] STATUS product_id=94775 status=403
[2026-04-24 14:45:16] FINISHED product_id=94775 status=failed
[2026-04-24 14:45:17] QUEUE product_id=110333 retry=1
[2026-04-24 14:45:17] ACQUIRED product_id=110333 retry=1
[2026-04-24 14:45:22] STATUS product_id=110333 status=200
[2026-04-24 14:45:22] FINISHED product_id=110333 status=success
[2026-04-24 14:45:22] Batch 161: total=3, success=2, error=1, time=22.09s
[2026-04-24 14:45:25] RUNNING batch=162 size=3
[2026-04-24 14:45:25] QUEUE product_id=106444 retry=0
[2026-04-24 14:45:25] ACQUIRED product_id=106444 retry=0
[2026-04-24 14:45:25] QUEUE product_id=106117 retry=0
[2026-04-24 14:45:25] QUEUE product_id=102049 retry=0
[2026-04-24 14:45:29] STATUS product_id=106444 status=403
[2026-04-24 14:45:29] RETRY product_id=106444 reason=status_403 sleep=4.43s
[2026-04-24 14:45:29] ACQUIRED product_id=106117 retry=0
[2026-04-24 14:45:34] QUEUE product_id=106444 retry=1
[2026-04-24 14:45:36] STATUS product_id=106117 status=200
[2026-04-24 14:45:36] ACQUIRED product_id=102049 retry=0
[2026-04-24 14:45:36] FINISHED product_id=106117 status=success
[2026-04-24 14:45:41] STATUS product_id=102049 status=403
[2026-04-24 14:45:41] RETRY product_id=102049 reason=status_403 sleep=4.47s
[2026-04-24 14:45:41] ACQUIRED product_id=106444 retry=1
[2026-04-24 14:45:45] STATUS product_id=106444 status=403
[2026-04-24 14:45:45] FINISHED product_id=106444 status=failed
[2026-04-24 14:45:45] QUEUE product_id=102049 retry=1
[2026-04-24 14:45:45] ACQUIRED product_id=102049 retry=1
[2026-04-24 14:45:50] STATUS product_id=102049 status=200
[2026-04-24 14:45:50] FINISHED product_id=102049 status=success
[2026-04-24 14:45:50] Batch 162: total=3, success=2, error=1, time=24.82s
[2026-04-24 14:45:54] RUNNING batch=163 size=3
[2026-04-24 14:45:54] QUEUE product_id=102997 retry=0
[2026-04-24 14:45:54] ACQUIRED product_id=102997 retry=0
[2026-04-24 14:45:54] QUEUE product_id=92505 retry=0
[2026-04-24 14:45:54] QUEUE product_id=96398 retry=0
[2026-04-24 14:45:59] STATUS product_id=102997 status=403
[2026-04-24 14:45:59] RETRY product_id=102997 reason=status_403 sleep=4.28s
[2026-04-24 14:45:59] ACQUIRED product_id=92505 retry=0
[2026-04-24 14:46:03] QUEUE product_id=102997 retry=1
[2026-04-24 14:46:04] STATUS product_id=92505 status=404
[2026-04-24 14:46:04] ACQUIRED product_id=96398 retry=0
[2026-04-24 14:46:04] FINISHED product_id=92505 status=failed
[2026-04-24 14:46:08] STATUS product_id=96398 status=403
[2026-04-24 14:46:08] RETRY product_id=96398 reason=status_403 sleep=4.05s
[2026-04-24 14:46:08] ACQUIRED product_id=102997 retry=1
[2026-04-24 14:46:11] STATUS product_id=102997 status=403
[2026-04-24 14:46:11] FINISHED product_id=102997 status=failed
[2026-04-24 14:46:12] QUEUE product_id=96398 retry=1
[2026-04-24 14:46:12] ACQUIRED product_id=96398 retry=1
[2026-04-24 14:46:17] STATUS product_id=96398 status=403
[2026-04-24 14:46:17] FINISHED product_id=96398 status=failed
[2026-04-24 14:46:17] Batch 163: total=3, success=0, error=3, time=22.28s
[2026-04-24 14:46:20] RUNNING batch=164 size=3
[2026-04-24 14:46:20] QUEUE product_id=102973 retry=0
[2026-04-24 14:46:20] ACQUIRED product_id=102973 retry=0
[2026-04-24 14:46:20] QUEUE product_id=106123 retry=0
[2026-04-24 14:46:20] QUEUE product_id=101471 retry=0
[2026-04-24 14:46:24] STATUS product_id=102973 status=403
[2026-04-24 14:46:24] RETRY product_id=102973 reason=status_403 sleep=3.77s
[2026-04-24 14:46:24] ACQUIRED product_id=106123 retry=0
[2026-04-24 14:46:27] STATUS product_id=106123 status=403
[2026-04-24 14:46:27] RETRY product_id=106123 reason=status_403 sleep=4.01s
[2026-04-24 14:46:27] ACQUIRED product_id=101471 retry=0
[2026-04-24 14:46:27] QUEUE product_id=102973 retry=1
[2026-04-24 14:46:30] STATUS product_id=101471 status=403
[2026-04-24 14:46:30] RETRY product_id=101471 reason=status_403 sleep=3.87s
[2026-04-24 14:46:30] ACQUIRED product_id=102973 retry=1
[2026-04-24 14:46:31] QUEUE product_id=106123 retry=1
[2026-04-24 14:46:34] QUEUE product_id=101471 retry=1
[2026-04-24 14:46:34] STATUS product_id=102973 status=403
[2026-04-24 14:46:34] ACQUIRED product_id=106123 retry=1
[2026-04-24 14:46:34] FINISHED product_id=102973 status=failed
[2026-04-24 14:46:40] STATUS product_id=106123 status=200
[2026-04-24 14:46:40] ACQUIRED product_id=101471 retry=1
[2026-04-24 14:46:40] FINISHED product_id=106123 status=success
[2026-04-24 14:46:45] STATUS product_id=101471 status=200
[2026-04-24 14:46:45] FINISHED product_id=101471 status=success
[2026-04-24 14:46:45] Batch 164: total=3, success=2, error=1, time=25.66s
[2026-04-24 14:46:49] RUNNING batch=165 size=3
[2026-04-24 14:46:49] QUEUE product_id=91827 retry=0
[2026-04-24 14:46:49] ACQUIRED product_id=91827 retry=0
[2026-04-24 14:46:49] QUEUE product_id=99138 retry=0
[2026-04-24 14:46:49] QUEUE product_id=95208 retry=0
[2026-04-24 14:46:54] STATUS product_id=91827 status=403
[2026-04-24 14:46:54] RETRY product_id=91827 reason=status_403 sleep=3.68s
[2026-04-24 14:46:54] ACQUIRED product_id=99138 retry=0
[2026-04-24 14:46:58] QUEUE product_id=91827 retry=1
[2026-04-24 14:46:59] STATUS product_id=99138 status=403
[2026-04-24 14:46:59] RETRY product_id=99138 reason=status_403 sleep=3.80s
[2026-04-24 14:46:59] ACQUIRED product_id=95208 retry=0
[2026-04-24 14:47:02] QUEUE product_id=99138 retry=1
[2026-04-24 14:47:05] STATUS product_id=95208 status=200
[2026-04-24 14:47:05] ACQUIRED product_id=91827 retry=1
[2026-04-24 14:47:05] FINISHED product_id=95208 status=success
[2026-04-24 14:47:08] STATUS product_id=91827 status=403
[2026-04-24 14:47:08] ACQUIRED product_id=99138 retry=1
[2026-04-24 14:47:08] FINISHED product_id=91827 status=failed
[2026-04-24 14:47:12] STATUS product_id=99138 status=403
[2026-04-24 14:47:12] FINISHED product_id=99138 status=failed
[2026-04-24 14:47:12] Batch 165: total=3, success=1, error=2, time=22.67s
[2026-04-24 14:47:15] RUNNING batch=166 size=3
[2026-04-24 14:47:15] QUEUE product_id=101753 retry=0
[2026-04-24 14:47:15] ACQUIRED product_id=101753 retry=0
[2026-04-24 14:47:15] QUEUE product_id=100185 retry=0
[2026-04-24 14:47:15] QUEUE product_id=98388 retry=0
[2026-04-24 14:47:19] STATUS product_id=101753 status=403
[2026-04-24 14:47:19] RETRY product_id=101753 reason=status_403 sleep=4.00s
[2026-04-24 14:47:19] ACQUIRED product_id=100185 retry=0
[2026-04-24 14:47:23] QUEUE product_id=101753 retry=1
[2026-04-24 14:47:23] STATUS product_id=100185 status=403
[2026-04-24 14:47:23] RETRY product_id=100185 reason=status_403 sleep=4.41s
[2026-04-24 14:47:23] ACQUIRED product_id=98388 retry=0
[2026-04-24 14:47:27] QUEUE product_id=100185 retry=1
[2026-04-24 14:47:29] STATUS product_id=98388 status=200
[2026-04-24 14:47:29] ACQUIRED product_id=101753 retry=1
[2026-04-24 14:47:29] FINISHED product_id=98388 status=success
[2026-04-24 14:47:33] STATUS product_id=101753 status=404
[2026-04-24 14:47:33] ACQUIRED product_id=100185 retry=1
[2026-04-24 14:47:33] FINISHED product_id=101753 status=failed
[2026-04-24 14:47:37] STATUS product_id=100185 status=403
[2026-04-24 14:47:37] FINISHED product_id=100185 status=failed
[2026-04-24 14:47:37] Batch 166: total=3, success=1, error=2, time=22.07s
[2026-04-24 14:47:41] RUNNING batch=167 size=3
[2026-04-24 14:47:41] QUEUE product_id=110282 retry=0
[2026-04-24 14:47:41] ACQUIRED product_id=110282 retry=0
[2026-04-24 14:47:41] QUEUE product_id=106551 retry=0
[2026-04-24 14:47:41] QUEUE product_id=91316 retry=0
[2026-04-24 14:47:45] STATUS product_id=110282 status=403
[2026-04-24 14:47:45] RETRY product_id=110282 reason=status_403 sleep=3.86s
[2026-04-24 14:47:45] ACQUIRED product_id=106551 retry=0
[2026-04-24 14:47:49] QUEUE product_id=110282 retry=1
[2026-04-24 14:47:50] STATUS product_id=106551 status=200
[2026-04-24 14:47:50] ACQUIRED product_id=91316 retry=0
[2026-04-24 14:47:50] FINISHED product_id=106551 status=success
[2026-04-24 14:47:54] STATUS product_id=91316 status=403
[2026-04-24 14:47:54] RETRY product_id=91316 reason=status_403 sleep=4.00s
[2026-04-24 14:47:54] ACQUIRED product_id=110282 retry=1
[2026-04-24 14:47:58] QUEUE product_id=91316 retry=1
[2026-04-24 14:47:58] STATUS product_id=110282 status=404
[2026-04-24 14:47:58] ACQUIRED product_id=91316 retry=1
[2026-04-24 14:47:58] FINISHED product_id=110282 status=failed
[2026-04-24 14:48:01] STATUS product_id=91316 status=403
[2026-04-24 14:48:01] FINISHED product_id=91316 status=failed
[2026-04-24 14:48:01] Batch 167: total=3, success=1, error=2, time=20.37s
[2026-04-24 14:48:05] RUNNING batch=168 size=3
[2026-04-24 14:48:05] QUEUE product_id=110309 retry=0
[2026-04-24 14:48:05] ACQUIRED product_id=110309 retry=0
[2026-04-24 14:48:05] QUEUE product_id=101428 retry=0
[2026-04-24 14:48:05] QUEUE product_id=100420 retry=0
[2026-04-24 14:48:10] STATUS product_id=110309 status=404
[2026-04-24 14:48:10] ACQUIRED product_id=101428 retry=0
[2026-04-24 14:48:10] FINISHED product_id=110309 status=failed
[2026-04-24 14:48:15] STATUS product_id=101428 status=200
[2026-04-24 14:48:15] ACQUIRED product_id=100420 retry=0
[2026-04-24 14:48:15] FINISHED product_id=101428 status=success
[2026-04-24 14:48:19] STATUS product_id=100420 status=403
[2026-04-24 14:48:19] RETRY product_id=100420 reason=status_403 sleep=3.99s
[2026-04-24 14:48:23] QUEUE product_id=100420 retry=1
[2026-04-24 14:48:23] ACQUIRED product_id=100420 retry=1
[2026-04-24 14:48:26] STATUS product_id=100420 status=403
[2026-04-24 14:48:26] FINISHED product_id=100420 status=failed
[2026-04-24 14:48:26] Batch 168: total=3, success=1, error=2, time=21.54s
[2026-04-24 14:48:31] RUNNING batch=169 size=3
[2026-04-24 14:48:31] QUEUE product_id=98960 retry=0
[2026-04-24 14:48:31] ACQUIRED product_id=98960 retry=0
[2026-04-24 14:48:31] QUEUE product_id=91359 retry=0
[2026-04-24 14:48:31] QUEUE product_id=110272 retry=0
[2026-04-24 14:48:35] STATUS product_id=98960 status=403
[2026-04-24 14:48:35] RETRY product_id=98960 reason=status_403 sleep=3.74s
[2026-04-24 14:48:35] ACQUIRED product_id=91359 retry=0
[2026-04-24 14:48:39] QUEUE product_id=98960 retry=1
[2026-04-24 14:48:40] STATUS product_id=91359 status=200
[2026-04-24 14:48:40] ACQUIRED product_id=110272 retry=0
[2026-04-24 14:48:40] FINISHED product_id=91359 status=success
[2026-04-24 14:48:45] STATUS product_id=110272 status=404
[2026-04-24 14:48:45] ACQUIRED product_id=98960 retry=1
[2026-04-24 14:48:45] FINISHED product_id=110272 status=failed
[2026-04-24 14:48:51] STATUS product_id=98960 status=200
[2026-04-24 14:48:51] FINISHED product_id=98960 status=success
[2026-04-24 14:48:51] Batch 169: total=3, success=2, error=1, time=19.42s
[2026-04-24 14:48:55] RUNNING batch=170 size=3
[2026-04-24 14:48:55] QUEUE product_id=95707 retry=0
[2026-04-24 14:48:55] ACQUIRED product_id=95707 retry=0
[2026-04-24 14:48:55] QUEUE product_id=110329 retry=0
[2026-04-24 14:48:55] QUEUE product_id=111362 retry=0
[2026-04-24 14:48:58] STATUS product_id=95707 status=403
[2026-04-24 14:48:58] RETRY product_id=95707 reason=status_403 sleep=4.14s
[2026-04-24 14:48:58] ACQUIRED product_id=110329 retry=0
[2026-04-24 14:49:02] QUEUE product_id=95707 retry=1
[2026-04-24 14:49:03] STATUS product_id=110329 status=403
[2026-04-24 14:49:03] RETRY product_id=110329 reason=status_403 sleep=4.25s
[2026-04-24 14:49:03] ACQUIRED product_id=111362 retry=0
[2026-04-24 14:49:07] QUEUE product_id=110329 retry=1
[2026-04-24 14:49:09] STATUS product_id=111362 status=200
[2026-04-24 14:49:09] ACQUIRED product_id=95707 retry=1
[2026-04-24 14:49:09] FINISHED product_id=111362 status=success
[2026-04-24 14:49:13] STATUS product_id=95707 status=200
[2026-04-24 14:49:13] ACQUIRED product_id=110329 retry=1
[2026-04-24 14:49:13] FINISHED product_id=95707 status=success
[2026-04-24 14:49:18] STATUS product_id=110329 status=404
[2026-04-24 14:49:18] FINISHED product_id=110329 status=failed
[2026-04-24 14:49:18] Batch 170: total=3, success=2, error=1, time=23.01s
[2026-04-24 14:49:21] RUNNING batch=171 size=3
[2026-04-24 14:49:21] QUEUE product_id=103677 retry=0
[2026-04-24 14:49:21] ACQUIRED product_id=103677 retry=0
[2026-04-24 14:49:21] QUEUE product_id=99194 retry=0
[2026-04-24 14:49:21] QUEUE product_id=98293 retry=0
[2026-04-24 14:49:25] STATUS product_id=103677 status=403
[2026-04-24 14:49:25] RETRY product_id=103677 reason=status_403 sleep=4.49s
[2026-04-24 14:49:25] ACQUIRED product_id=99194 retry=0
[2026-04-24 14:49:29] STATUS product_id=99194 status=403
[2026-04-24 14:49:29] RETRY product_id=99194 reason=status_403 sleep=3.87s
[2026-04-24 14:49:29] ACQUIRED product_id=98293 retry=0
[2026-04-24 14:49:30] QUEUE product_id=103677 retry=1
[2026-04-24 14:49:33] QUEUE product_id=99194 retry=1
[2026-04-24 14:49:34] STATUS product_id=98293 status=200
[2026-04-24 14:49:34] ACQUIRED product_id=103677 retry=1
[2026-04-24 14:49:34] FINISHED product_id=98293 status=success
[2026-04-24 14:49:41] STATUS product_id=103677 status=200
[2026-04-24 14:49:41] ACQUIRED product_id=99194 retry=1
[2026-04-24 14:49:41] FINISHED product_id=103677 status=success
[2026-04-24 14:49:45] STATUS product_id=99194 status=403
[2026-04-24 14:49:45] FINISHED product_id=99194 status=failed
[2026-04-24 14:49:45] Batch 171: total=3, success=2, error=1, time=23.91s
[2026-04-24 14:49:49] RUNNING batch=172 size=3
[2026-04-24 14:49:49] QUEUE product_id=99872 retry=0
[2026-04-24 14:49:49] ACQUIRED product_id=99872 retry=0
[2026-04-24 14:49:49] QUEUE product_id=96217 retry=0
[2026-04-24 14:49:49] QUEUE product_id=88931 retry=0
[2026-04-24 14:49:55] STATUS product_id=99872 status=200
[2026-04-24 14:49:55] ACQUIRED product_id=96217 retry=0
[2026-04-24 14:49:55] FINISHED product_id=99872 status=success
[2026-04-24 14:49:58] STATUS product_id=96217 status=403
[2026-04-24 14:49:58] RETRY product_id=96217 reason=status_403 sleep=3.51s
[2026-04-24 14:49:58] ACQUIRED product_id=88931 retry=0
[2026-04-24 14:50:02] STATUS product_id=88931 status=403
[2026-04-24 14:50:02] RETRY product_id=88931 reason=status_403 sleep=3.61s
[2026-04-24 14:50:02] QUEUE product_id=96217 retry=1
[2026-04-24 14:50:02] ACQUIRED product_id=96217 retry=1
[2026-04-24 14:50:05] QUEUE product_id=88931 retry=1
[2026-04-24 14:50:07] STATUS product_id=96217 status=403
[2026-04-24 14:50:07] ACQUIRED product_id=88931 retry=1
[2026-04-24 14:50:07] FINISHED product_id=96217 status=failed
[2026-04-24 14:50:11] STATUS product_id=88931 status=403
[2026-04-24 14:50:11] FINISHED product_id=88931 status=failed
[2026-04-24 14:50:11] Batch 172: total=3, success=1, error=2, time=21.35s
[2026-04-24 14:50:14] RUNNING batch=173 size=3
[2026-04-24 14:50:14] QUEUE product_id=92925 retry=0
[2026-04-24 14:50:14] ACQUIRED product_id=92925 retry=0
[2026-04-24 14:50:14] QUEUE product_id=110323 retry=0
[2026-04-24 14:50:14] QUEUE product_id=97938 retry=0
[2026-04-24 14:50:18] STATUS product_id=92925 status=403
[2026-04-24 14:50:18] RETRY product_id=92925 reason=status_403 sleep=4.23s
[2026-04-24 14:50:18] ACQUIRED product_id=110323 retry=0
[2026-04-24 14:50:22] QUEUE product_id=92925 retry=1
[2026-04-24 14:50:23] STATUS product_id=110323 status=404
[2026-04-24 14:50:23] ACQUIRED product_id=97938 retry=0
[2026-04-24 14:50:23] FINISHED product_id=110323 status=failed
[2026-04-24 14:50:28] STATUS product_id=97938 status=200
[2026-04-24 14:50:28] ACQUIRED product_id=92925 retry=1
[2026-04-24 14:50:28] FINISHED product_id=97938 status=success
[2026-04-24 14:50:33] STATUS product_id=92925 status=200
[2026-04-24 14:50:33] FINISHED product_id=92925 status=success
[2026-04-24 14:50:33] Batch 173: total=3, success=2, error=1, time=18.39s
[2026-04-24 14:50:36] RUNNING batch=174 size=3
[2026-04-24 14:50:36] QUEUE product_id=109528 retry=0
[2026-04-24 14:50:36] ACQUIRED product_id=109528 retry=0
[2026-04-24 14:50:36] QUEUE product_id=99364 retry=0
[2026-04-24 14:50:36] QUEUE product_id=111390 retry=0
[2026-04-24 14:50:42] STATUS product_id=109528 status=200
[2026-04-24 14:50:42] ACQUIRED product_id=99364 retry=0
[2026-04-24 14:50:42] FINISHED product_id=109528 status=success
[2026-04-24 14:50:48] STATUS product_id=99364 status=200
[2026-04-24 14:50:48] ACQUIRED product_id=111390 retry=0
[2026-04-24 14:50:48] FINISHED product_id=99364 status=success
[2026-04-24 14:50:51] STATUS product_id=111390 status=403
[2026-04-24 14:50:51] RETRY product_id=111390 reason=status_403 sleep=4.33s
[2026-04-24 14:50:55] QUEUE product_id=111390 retry=1
[2026-04-24 14:50:55] ACQUIRED product_id=111390 retry=1
[2026-04-24 14:51:00] STATUS product_id=111390 status=403
[2026-04-24 14:51:00] FINISHED product_id=111390 status=failed
[2026-04-24 14:51:00] Batch 174: total=3, success=2, error=1, time=23.56s
[2026-04-24 14:51:04] RUNNING batch=175 size=3
[2026-04-24 14:51:04] QUEUE product_id=104182 retry=0
[2026-04-24 14:51:04] ACQUIRED product_id=104182 retry=0
[2026-04-24 14:51:04] QUEUE product_id=91759 retry=0
[2026-04-24 14:51:04] QUEUE product_id=102555 retry=0
[2026-04-24 14:51:09] STATUS product_id=104182 status=200
[2026-04-24 14:51:09] ACQUIRED product_id=91759 retry=0
[2026-04-24 14:51:09] FINISHED product_id=104182 status=success
[2026-04-24 14:51:14] STATUS product_id=91759 status=403
[2026-04-24 14:51:14] RETRY product_id=91759 reason=status_403 sleep=3.73s
[2026-04-24 14:51:14] ACQUIRED product_id=102555 retry=0
[2026-04-24 14:51:17] STATUS product_id=102555 status=403
[2026-04-24 14:51:17] RETRY product_id=102555 reason=status_403 sleep=3.89s
[2026-04-24 14:51:18] QUEUE product_id=91759 retry=1
[2026-04-24 14:51:18] ACQUIRED product_id=91759 retry=1
[2026-04-24 14:51:21] QUEUE product_id=102555 retry=1
[2026-04-24 14:51:23] STATUS product_id=91759 status=200
[2026-04-24 14:51:23] ACQUIRED product_id=102555 retry=1
[2026-04-24 14:51:23] FINISHED product_id=91759 status=success
[2026-04-24 14:51:26] STATUS product_id=102555 status=403
[2026-04-24 14:51:26] FINISHED product_id=102555 status=failed
[2026-04-24 14:51:26] Batch 175: total=3, success=2, error=1, time=22.94s
[2026-04-24 14:51:31] RUNNING batch=176 size=3
[2026-04-24 14:51:31] QUEUE product_id=93439 retry=0
[2026-04-24 14:51:31] ACQUIRED product_id=93439 retry=0
[2026-04-24 14:51:31] QUEUE product_id=102843 retry=0
[2026-04-24 14:51:31] QUEUE product_id=101629 retry=0
[2026-04-24 14:51:36] STATUS product_id=93439 status=403
[2026-04-24 14:51:36] RETRY product_id=93439 reason=status_403 sleep=3.68s
[2026-04-24 14:51:36] ACQUIRED product_id=102843 retry=0
[2026-04-24 14:51:39] QUEUE product_id=93439 retry=1
[2026-04-24 14:51:42] STATUS product_id=102843 status=200
[2026-04-24 14:51:42] ACQUIRED product_id=101629 retry=0
[2026-04-24 14:51:42] FINISHED product_id=102843 status=success
[2026-04-24 14:51:45] STATUS product_id=101629 status=403
[2026-04-24 14:51:45] RETRY product_id=101629 reason=status_403 sleep=3.68s
[2026-04-24 14:51:45] ACQUIRED product_id=93439 retry=1
[2026-04-24 14:51:49] STATUS product_id=93439 status=403
[2026-04-24 14:51:49] FINISHED product_id=93439 status=failed
[2026-04-24 14:51:49] QUEUE product_id=101629 retry=1
[2026-04-24 14:51:49] ACQUIRED product_id=101629 retry=1
[2026-04-24 14:51:52] STATUS product_id=101629 status=403
[2026-04-24 14:51:52] FINISHED product_id=101629 status=failed
[2026-04-24 14:51:52] Batch 176: total=3, success=1, error=2, time=21.50s
[2026-04-24 14:51:56] RUNNING batch=177 size=3
[2026-04-24 14:51:56] QUEUE product_id=102499 retry=0
[2026-04-24 14:51:56] ACQUIRED product_id=102499 retry=0
[2026-04-24 14:51:56] QUEUE product_id=110324 retry=0
[2026-04-24 14:51:56] QUEUE product_id=85702 retry=0
[2026-04-24 14:52:00] STATUS product_id=102499 status=403
[2026-04-24 14:52:00] RETRY product_id=102499 reason=status_403 sleep=4.19s
[2026-04-24 14:52:00] ACQUIRED product_id=110324 retry=0
[2026-04-24 14:52:04] QUEUE product_id=102499 retry=1
[2026-04-24 14:52:04] STATUS product_id=110324 status=403
[2026-04-24 14:52:04] RETRY product_id=110324 reason=status_403 sleep=3.99s
[2026-04-24 14:52:04] ACQUIRED product_id=85702 retry=0
[2026-04-24 14:52:08] QUEUE product_id=110324 retry=1
[2026-04-24 14:52:09] STATUS product_id=85702 status=403
[2026-04-24 14:52:09] RETRY product_id=85702 reason=status_403 sleep=4.08s
[2026-04-24 14:52:09] ACQUIRED product_id=102499 retry=1
[2026-04-24 14:52:13] STATUS product_id=102499 status=403
[2026-04-24 14:52:13] ACQUIRED product_id=110324 retry=1
[2026-04-24 14:52:13] FINISHED product_id=102499 status=failed
[2026-04-24 14:52:13] QUEUE product_id=85702 retry=1
[2026-04-24 14:52:18] STATUS product_id=110324 status=404
[2026-04-24 14:52:18] ACQUIRED product_id=85702 retry=1
[2026-04-24 14:52:18] FINISHED product_id=110324 status=failed
[2026-04-24 14:52:21] STATUS product_id=85702 status=403
[2026-04-24 14:52:21] FINISHED product_id=85702 status=failed
[2026-04-24 14:52:21] Batch 177: total=3, success=0, error=3, time=25.35s
[2026-04-24 14:52:26] RUNNING batch=178 size=3
[2026-04-24 14:52:26] QUEUE product_id=93236 retry=0
[2026-04-24 14:52:26] ACQUIRED product_id=93236 retry=0
[2026-04-24 14:52:26] QUEUE product_id=104017 retry=0
[2026-04-24 14:52:26] QUEUE product_id=96846 retry=0
[2026-04-24 14:52:30] STATUS product_id=93236 status=403
[2026-04-24 14:52:30] RETRY product_id=93236 reason=status_403 sleep=3.54s
[2026-04-24 14:52:30] ACQUIRED product_id=104017 retry=0
[2026-04-24 14:52:33] QUEUE product_id=93236 retry=1
[2026-04-24 14:52:35] STATUS product_id=104017 status=403
[2026-04-24 14:52:35] RETRY product_id=104017 reason=status_403 sleep=4.19s
[2026-04-24 14:52:35] ACQUIRED product_id=96846 retry=0
[2026-04-24 14:52:39] QUEUE product_id=104017 retry=1
[2026-04-24 14:52:40] STATUS product_id=96846 status=403
[2026-04-24 14:52:40] RETRY product_id=96846 reason=status_403 sleep=4.13s
[2026-04-24 14:52:40] ACQUIRED product_id=93236 retry=1
[2026-04-24 14:52:44] QUEUE product_id=96846 retry=1
[2026-04-24 14:52:47] STATUS product_id=93236 status=200
[2026-04-24 14:52:47] ACQUIRED product_id=104017 retry=1
[2026-04-24 14:52:47] FINISHED product_id=93236 status=success
[2026-04-24 14:52:52] STATUS product_id=104017 status=200
[2026-04-24 14:52:52] ACQUIRED product_id=96846 retry=1
[2026-04-24 14:52:52] FINISHED product_id=104017 status=success
[2026-04-24 14:52:57] STATUS product_id=96846 status=200
[2026-04-24 14:52:57] FINISHED product_id=96846 status=success
[2026-04-24 14:52:57] Batch 178: total=3, success=3, error=0, time=31.01s
[2026-04-24 14:53:02] RUNNING batch=179 size=3
[2026-04-24 14:53:02] QUEUE product_id=107921 retry=0
[2026-04-24 14:53:02] ACQUIRED product_id=107921 retry=0
[2026-04-24 14:53:02] QUEUE product_id=102609 retry=0
[2026-04-24 14:53:02] QUEUE product_id=101931 retry=0
[2026-04-24 14:53:06] STATUS product_id=107921 status=403
[2026-04-24 14:53:06] RETRY product_id=107921 reason=status_403 sleep=3.85s
[2026-04-24 14:53:06] ACQUIRED product_id=102609 retry=0
[2026-04-24 14:53:10] QUEUE product_id=107921 retry=1
[2026-04-24 14:53:12] STATUS product_id=102609 status=404
[2026-04-24 14:53:12] ACQUIRED product_id=101931 retry=0
[2026-04-24 14:53:12] FINISHED product_id=102609 status=failed
[2026-04-24 14:53:17] STATUS product_id=101931 status=200
[2026-04-24 14:53:17] ACQUIRED product_id=107921 retry=1
[2026-04-24 14:53:17] FINISHED product_id=101931 status=success
[2026-04-24 14:53:21] STATUS product_id=107921 status=403
[2026-04-24 14:53:21] FINISHED product_id=107921 status=failed
[2026-04-24 14:53:21] Batch 179: total=3, success=1, error=2, time=19.44s
[2026-04-24 14:53:26] RUNNING batch=180 size=3
[2026-04-24 14:53:26] QUEUE product_id=101418 retry=0
[2026-04-24 14:53:26] ACQUIRED product_id=101418 retry=0
[2026-04-24 14:53:26] QUEUE product_id=99053 retry=0
[2026-04-24 14:53:26] QUEUE product_id=99205 retry=0
[2026-04-24 14:53:31] STATUS product_id=101418 status=200
[2026-04-24 14:53:31] ACQUIRED product_id=99053 retry=0
[2026-04-24 14:53:31] FINISHED product_id=101418 status=success
[2026-04-24 14:53:36] STATUS product_id=99053 status=404
[2026-04-24 14:53:36] ACQUIRED product_id=99205 retry=0
[2026-04-24 14:53:36] FINISHED product_id=99053 status=failed
[2026-04-24 14:53:40] STATUS product_id=99205 status=403
[2026-04-24 14:53:40] RETRY product_id=99205 reason=status_403 sleep=4.18s
[2026-04-24 14:53:44] QUEUE product_id=99205 retry=1
[2026-04-24 14:53:44] ACQUIRED product_id=99205 retry=1
[2026-04-24 14:53:49] STATUS product_id=99205 status=403
[2026-04-24 14:53:49] FINISHED product_id=99205 status=failed
[2026-04-24 14:53:49] Batch 180: total=3, success=1, error=2, time=23.57s
[2026-04-24 14:53:53] RUNNING batch=181 size=3
[2026-04-24 14:53:53] QUEUE product_id=93542 retry=0
[2026-04-24 14:53:53] ACQUIRED product_id=93542 retry=0
[2026-04-24 14:53:53] QUEUE product_id=97618 retry=0
[2026-04-24 14:53:53] QUEUE product_id=99139 retry=0
[2026-04-24 14:53:56] STATUS product_id=93542 status=403
[2026-04-24 14:53:56] RETRY product_id=93542 reason=status_403 sleep=3.63s
[2026-04-24 14:53:56] ACQUIRED product_id=97618 retry=0
[2026-04-24 14:54:00] QUEUE product_id=93542 retry=1
[2026-04-24 14:54:01] STATUS product_id=97618 status=403
[2026-04-24 14:54:01] RETRY product_id=97618 reason=status_403 sleep=3.83s
[2026-04-24 14:54:01] ACQUIRED product_id=99139 retry=0
[2026-04-24 14:54:05] QUEUE product_id=97618 retry=1
[2026-04-24 14:54:05] STATUS product_id=99139 status=403
[2026-04-24 14:54:05] RETRY product_id=99139 reason=status_403 sleep=4.42s
[2026-04-24 14:54:05] ACQUIRED product_id=93542 retry=1
[2026-04-24 14:54:10] QUEUE product_id=99139 retry=1
[2026-04-24 14:54:12] STATUS product_id=93542 status=200
[2026-04-24 14:54:12] ACQUIRED product_id=97618 retry=1
[2026-04-24 14:54:12] FINISHED product_id=93542 status=success
[2026-04-24 14:54:15] STATUS product_id=97618 status=403
[2026-04-24 14:54:15] ACQUIRED product_id=99139 retry=1
[2026-04-24 14:54:15] FINISHED product_id=97618 status=failed
[2026-04-24 14:54:20] STATUS product_id=99139 status=403
[2026-04-24 14:54:20] FINISHED product_id=99139 status=failed
[2026-04-24 14:54:20] Batch 181: total=3, success=1, error=2, time=27.27s
[2026-04-24 14:54:24] RUNNING batch=182 size=3
[2026-04-24 14:54:24] QUEUE product_id=104951 retry=0
[2026-04-24 14:54:24] ACQUIRED product_id=104951 retry=0
[2026-04-24 14:54:24] QUEUE product_id=103831 retry=0
[2026-04-24 14:54:24] QUEUE product_id=99204 retry=0
[2026-04-24 14:54:29] STATUS product_id=104951 status=403
[2026-04-24 14:54:29] RETRY product_id=104951 reason=status_403 sleep=4.31s
[2026-04-24 14:54:29] ACQUIRED product_id=103831 retry=0
[2026-04-24 14:54:33] QUEUE product_id=104951 retry=1
[2026-04-24 14:54:33] STATUS product_id=103831 status=403
[2026-04-24 14:54:33] RETRY product_id=103831 reason=status_403 sleep=4.44s
[2026-04-24 14:54:33] ACQUIRED product_id=99204 retry=0
[2026-04-24 14:54:37] STATUS product_id=99204 status=404
[2026-04-24 14:54:37] ACQUIRED product_id=104951 retry=1
[2026-04-24 14:54:37] FINISHED product_id=99204 status=failed
[2026-04-24 14:54:37] QUEUE product_id=103831 retry=1
[2026-04-24 14:54:42] STATUS product_id=104951 status=403
[2026-04-24 14:54:42] ACQUIRED product_id=103831 retry=1
[2026-04-24 14:54:42] FINISHED product_id=104951 status=failed
[2026-04-24 14:54:47] STATUS product_id=103831 status=200
[2026-04-24 14:54:47] FINISHED product_id=103831 status=success
[2026-04-24 14:54:47] Batch 182: total=3, success=1, error=2, time=23.09s
[2026-04-24 14:54:51] RUNNING batch=183 size=3
[2026-04-24 14:54:51] QUEUE product_id=108262 retry=0
[2026-04-24 14:54:51] ACQUIRED product_id=108262 retry=0
[2026-04-24 14:54:51] QUEUE product_id=97891 retry=0
[2026-04-24 14:54:51] QUEUE product_id=108570 retry=0
[2026-04-24 14:54:55] STATUS product_id=108262 status=403
[2026-04-24 14:54:55] RETRY product_id=108262 reason=status_403 sleep=3.81s
[2026-04-24 14:54:55] ACQUIRED product_id=97891 retry=0
[2026-04-24 14:54:58] STATUS product_id=97891 status=403
[2026-04-24 14:54:58] RETRY product_id=97891 reason=status_403 sleep=3.67s
[2026-04-24 14:54:58] ACQUIRED product_id=108570 retry=0
[2026-04-24 14:54:59] QUEUE product_id=108262 retry=1
[2026-04-24 14:55:02] QUEUE product_id=97891 retry=1
[2026-04-24 14:55:02] STATUS product_id=108570 status=403
[2026-04-24 14:55:02] RETRY product_id=108570 reason=status_403 sleep=3.95s
[2026-04-24 14:55:02] ACQUIRED product_id=108262 retry=1
[2026-04-24 14:55:06] QUEUE product_id=108570 retry=1
[2026-04-24 14:55:06] STATUS product_id=108262 status=403
[2026-04-24 14:55:06] ACQUIRED product_id=97891 retry=1
[2026-04-24 14:55:06] FINISHED product_id=108262 status=failed
[2026-04-24 14:55:10] STATUS product_id=97891 status=403
[2026-04-24 14:55:10] ACQUIRED product_id=108570 retry=1
[2026-04-24 14:55:10] FINISHED product_id=97891 status=failed
[2026-04-24 14:55:17] STATUS product_id=108570 status=200
[2026-04-24 14:55:17] FINISHED product_id=108570 status=success
[2026-04-24 14:55:17] Batch 183: total=3, success=1, error=2, time=25.68s
[2026-04-24 14:55:20] RUNNING batch=184 size=3
[2026-04-24 14:55:20] QUEUE product_id=86190 retry=0
[2026-04-24 14:55:20] ACQUIRED product_id=86190 retry=0
[2026-04-24 14:55:20] QUEUE product_id=99496 retry=0
[2026-04-24 14:55:20] QUEUE product_id=92416 retry=0
[2026-04-24 14:55:25] STATUS product_id=86190 status=200
[2026-04-24 14:55:25] ACQUIRED product_id=99496 retry=0
[2026-04-24 14:55:25] FINISHED product_id=86190 status=success
[2026-04-24 14:55:31] STATUS product_id=99496 status=200
[2026-04-24 14:55:31] ACQUIRED product_id=92416 retry=0
[2026-04-24 14:55:31] FINISHED product_id=99496 status=success
[2026-04-24 14:55:37] STATUS product_id=92416 status=200
[2026-04-24 14:55:37] FINISHED product_id=92416 status=success
[2026-04-24 14:55:37] Batch 184: total=3, success=3, error=0, time=17.37s
[2026-04-24 14:55:41] RUNNING batch=185 size=3
[2026-04-24 14:55:41] QUEUE product_id=100261 retry=0
[2026-04-24 14:55:41] ACQUIRED product_id=100261 retry=0
[2026-04-24 14:55:41] QUEUE product_id=97085 retry=0
[2026-04-24 14:55:41] QUEUE product_id=105132 retry=0
[2026-04-24 14:55:45] STATUS product_id=100261 status=403
[2026-04-24 14:55:45] RETRY product_id=100261 reason=status_403 sleep=3.58s
[2026-04-24 14:55:45] ACQUIRED product_id=97085 retry=0
[2026-04-24 14:55:48] QUEUE product_id=100261 retry=1
[2026-04-24 14:55:49] STATUS product_id=97085 status=403
[2026-04-24 14:55:49] RETRY product_id=97085 reason=status_403 sleep=3.50s
[2026-04-24 14:55:49] ACQUIRED product_id=105132 retry=0
[2026-04-24 14:55:52] QUEUE product_id=97085 retry=1
[2026-04-24 14:55:53] STATUS product_id=105132 status=403
[2026-04-24 14:55:53] RETRY product_id=105132 reason=status_403 sleep=4.44s
[2026-04-24 14:55:53] ACQUIRED product_id=100261 retry=1
[2026-04-24 14:55:56] STATUS product_id=100261 status=403
[2026-04-24 14:55:56] ACQUIRED product_id=97085 retry=1
[2026-04-24 14:55:56] FINISHED product_id=100261 status=failed
[2026-04-24 14:55:57] QUEUE product_id=105132 retry=1
[2026-04-24 14:56:01] STATUS product_id=97085 status=200
[2026-04-24 14:56:01] ACQUIRED product_id=105132 retry=1
[2026-04-24 14:56:01] FINISHED product_id=97085 status=success
[2026-04-24 14:56:06] STATUS product_id=105132 status=200
[2026-04-24 14:56:06] FINISHED product_id=105132 status=success
[2026-04-24 14:56:06] Batch 185: total=3, success=2, error=1, time=24.84s
[2026-04-24 14:56:10] RUNNING batch=186 size=3
[2026-04-24 14:56:10] QUEUE product_id=106393 retry=0
[2026-04-24 14:56:10] ACQUIRED product_id=106393 retry=0
[2026-04-24 14:56:10] QUEUE product_id=94988 retry=0
[2026-04-24 14:56:10] QUEUE product_id=87645 retry=0
[2026-04-24 14:56:15] STATUS product_id=106393 status=403
[2026-04-24 14:56:15] RETRY product_id=106393 reason=status_403 sleep=3.83s
[2026-04-24 14:56:15] ACQUIRED product_id=94988 retry=0
[2026-04-24 14:56:19] QUEUE product_id=106393 retry=1
[2026-04-24 14:56:20] STATUS product_id=94988 status=403
[2026-04-24 14:56:20] RETRY product_id=94988 reason=status_403 sleep=3.96s
[2026-04-24 14:56:20] ACQUIRED product_id=87645 retry=0
[2026-04-24 14:56:24] QUEUE product_id=94988 retry=1
[2026-04-24 14:56:25] STATUS product_id=87645 status=200
[2026-04-24 14:56:25] ACQUIRED product_id=106393 retry=1
[2026-04-24 14:56:25] FINISHED product_id=87645 status=success
[2026-04-24 14:56:30] STATUS product_id=106393 status=403
[2026-04-24 14:56:30] ACQUIRED product_id=94988 retry=1
[2026-04-24 14:56:30] FINISHED product_id=106393 status=failed
[2026-04-24 14:56:35] STATUS product_id=94988 status=200
[2026-04-24 14:56:35] FINISHED product_id=94988 status=success
[2026-04-24 14:56:35] Batch 186: total=3, success=2, error=1, time=25.38s
[2026-04-24 14:56:39] RUNNING batch=187 size=3
[2026-04-24 14:56:39] QUEUE product_id=97262 retry=0
[2026-04-24 14:56:39] ACQUIRED product_id=97262 retry=0
[2026-04-24 14:56:39] QUEUE product_id=110306 retry=0
[2026-04-24 14:56:39] QUEUE product_id=110319 retry=0
[2026-04-24 14:56:45] STATUS product_id=97262 status=200
[2026-04-24 14:56:45] ACQUIRED product_id=110306 retry=0
[2026-04-24 14:56:45] FINISHED product_id=97262 status=success
[2026-04-24 14:56:49] STATUS product_id=110306 status=404
[2026-04-24 14:56:49] ACQUIRED product_id=110319 retry=0
[2026-04-24 14:56:49] FINISHED product_id=110306 status=failed
[2026-04-24 14:56:53] STATUS product_id=110319 status=403
[2026-04-24 14:56:53] RETRY product_id=110319 reason=status_403 sleep=3.70s
[2026-04-24 14:56:57] QUEUE product_id=110319 retry=1
[2026-04-24 14:56:57] ACQUIRED product_id=110319 retry=1
[2026-04-24 14:57:01] STATUS product_id=110319 status=403
[2026-04-24 14:57:01] FINISHED product_id=110319 status=failed
[2026-04-24 14:57:01] Batch 187: total=3, success=1, error=2, time=22.43s
[2026-04-24 14:57:06] RUNNING batch=188 size=3
[2026-04-24 14:57:06] QUEUE product_id=103177 retry=0
[2026-04-24 14:57:06] ACQUIRED product_id=103177 retry=0
[2026-04-24 14:57:06] QUEUE product_id=110544 retry=0
[2026-04-24 14:57:06] QUEUE product_id=89540 retry=0
[2026-04-24 14:57:10] STATUS product_id=103177 status=403
[2026-04-24 14:57:10] RETRY product_id=103177 reason=status_403 sleep=3.90s
[2026-04-24 14:57:10] ACQUIRED product_id=110544 retry=0
[2026-04-24 14:57:14] QUEUE product_id=103177 retry=1
[2026-04-24 14:57:15] STATUS product_id=110544 status=404
[2026-04-24 14:57:15] ACQUIRED product_id=89540 retry=0
[2026-04-24 14:57:15] FINISHED product_id=110544 status=failed
[2026-04-24 14:57:21] STATUS product_id=89540 status=200
[2026-04-24 14:57:21] ACQUIRED product_id=103177 retry=1
[2026-04-24 14:57:21] FINISHED product_id=89540 status=success
[2026-04-24 14:57:25] STATUS product_id=103177 status=403
[2026-04-24 14:57:25] FINISHED product_id=103177 status=failed
[2026-04-24 14:57:25] Batch 188: total=3, success=1, error=2, time=19.53s
[2026-04-24 14:57:29] RUNNING batch=189 size=3
[2026-04-24 14:57:29] QUEUE product_id=105515 retry=0
[2026-04-24 14:57:29] ACQUIRED product_id=105515 retry=0
[2026-04-24 14:57:29] QUEUE product_id=111108 retry=0
[2026-04-24 14:57:29] QUEUE product_id=103658 retry=0
[2026-04-24 14:57:33] STATUS product_id=105515 status=403
[2026-04-24 14:57:33] RETRY product_id=105515 reason=status_403 sleep=3.83s
[2026-04-24 14:57:33] ACQUIRED product_id=111108 retry=0
[2026-04-24 14:57:37] QUEUE product_id=105515 retry=1
[2026-04-24 14:57:39] STATUS product_id=111108 status=200
[2026-04-24 14:57:39] ACQUIRED product_id=103658 retry=0
[2026-04-24 14:57:39] FINISHED product_id=111108 status=success
[2026-04-24 14:57:43] STATUS product_id=103658 status=403
[2026-04-24 14:57:43] RETRY product_id=103658 reason=status_403 sleep=3.79s
[2026-04-24 14:57:43] ACQUIRED product_id=105515 retry=1
[2026-04-24 14:57:47] QUEUE product_id=103658 retry=1
[2026-04-24 14:57:48] STATUS product_id=105515 status=403
[2026-04-24 14:57:48] ACQUIRED product_id=103658 retry=1
[2026-04-24 14:57:48] FINISHED product_id=105515 status=failed
[2026-04-24 14:57:53] STATUS product_id=103658 status=200
[2026-04-24 14:57:53] FINISHED product_id=103658 status=success
[2026-04-24 14:57:53] Batch 189: total=3, success=2, error=1, time=24.56s
[2026-04-24 14:57:57] RUNNING batch=190 size=3
[2026-04-24 14:57:57] QUEUE product_id=97615 retry=0
[2026-04-24 14:57:57] ACQUIRED product_id=97615 retry=0
[2026-04-24 14:57:57] QUEUE product_id=110362 retry=0
[2026-04-24 14:57:57] QUEUE product_id=110208 retry=0
[2026-04-24 14:58:02] STATUS product_id=97615 status=403
[2026-04-24 14:58:02] RETRY product_id=97615 reason=status_403 sleep=3.89s
[2026-04-24 14:58:02] ACQUIRED product_id=110362 retry=0
[2026-04-24 14:58:05] QUEUE product_id=97615 retry=1
[2026-04-24 14:58:07] STATUS product_id=110362 status=200
[2026-04-24 14:58:07] ACQUIRED product_id=110208 retry=0
[2026-04-24 14:58:07] FINISHED product_id=110362 status=success
[2026-04-24 14:58:11] STATUS product_id=110208 status=403
[2026-04-24 14:58:11] RETRY product_id=110208 reason=status_403 sleep=3.78s
[2026-04-24 14:58:11] ACQUIRED product_id=97615 retry=1
[2026-04-24 14:58:15] QUEUE product_id=110208 retry=1
[2026-04-24 14:58:18] STATUS product_id=97615 status=200
[2026-04-24 14:58:18] ACQUIRED product_id=110208 retry=1
[2026-04-24 14:58:18] FINISHED product_id=97615 status=success
[2026-04-24 14:58:21] STATUS product_id=110208 status=403
[2026-04-24 14:58:21] FINISHED product_id=110208 status=failed
[2026-04-24 14:58:21] Batch 190: total=3, success=2, error=1, time=24.55s
[2026-04-24 14:58:26] RUNNING batch=191 size=3
[2026-04-24 14:58:26] QUEUE product_id=105511 retry=0
[2026-04-24 14:58:26] ACQUIRED product_id=105511 retry=0
[2026-04-24 14:58:26] QUEUE product_id=104430 retry=0
[2026-04-24 14:58:26] QUEUE product_id=107932 retry=0
[2026-04-24 14:58:31] STATUS product_id=105511 status=404
[2026-04-24 14:58:31] ACQUIRED product_id=104430 retry=0
[2026-04-24 14:58:31] FINISHED product_id=105511 status=failed
[2026-04-24 14:58:34] STATUS product_id=104430 status=403
[2026-04-24 14:58:34] RETRY product_id=104430 reason=status_403 sleep=3.61s
[2026-04-24 14:58:34] ACQUIRED product_id=107932 retry=0
[2026-04-24 14:58:38] QUEUE product_id=104430 retry=1
[2026-04-24 14:58:38] STATUS product_id=107932 status=403
[2026-04-24 14:58:38] RETRY product_id=107932 reason=status_403 sleep=3.75s
[2026-04-24 14:58:38] ACQUIRED product_id=104430 retry=1
[2026-04-24 14:58:42] QUEUE product_id=107932 retry=1
[2026-04-24 14:58:44] STATUS product_id=104430 status=200
[2026-04-24 14:58:44] ACQUIRED product_id=107932 retry=1
[2026-04-24 14:58:44] FINISHED product_id=104430 status=success
[2026-04-24 14:58:49] STATUS product_id=107932 status=403
[2026-04-24 14:58:49] FINISHED product_id=107932 status=failed
[2026-04-24 14:58:49] Batch 191: total=3, success=1, error=2, time=23.04s
[2026-04-24 14:58:54] RUNNING batch=192 size=3
[2026-04-24 14:58:54] QUEUE product_id=101732 retry=0
[2026-04-24 14:58:54] ACQUIRED product_id=101732 retry=0
[2026-04-24 14:58:54] QUEUE product_id=108649 retry=0
[2026-04-24 14:58:54] QUEUE product_id=110698 retry=0
[2026-04-24 14:58:58] STATUS product_id=101732 status=403
[2026-04-24 14:58:58] RETRY product_id=101732 reason=status_403 sleep=3.60s
[2026-04-24 14:58:58] ACQUIRED product_id=108649 retry=0
[2026-04-24 14:59:02] QUEUE product_id=101732 retry=1
[2026-04-24 14:59:02] STATUS product_id=108649 status=404
[2026-04-24 14:59:02] ACQUIRED product_id=110698 retry=0
[2026-04-24 14:59:02] FINISHED product_id=108649 status=failed
[2026-04-24 14:59:06] STATUS product_id=110698 status=403
[2026-04-24 14:59:06] RETRY product_id=110698 reason=status_403 sleep=4.09s
[2026-04-24 14:59:06] ACQUIRED product_id=101732 retry=1
[2026-04-24 14:59:10] QUEUE product_id=110698 retry=1
[2026-04-24 14:59:10] STATUS product_id=101732 status=200
[2026-04-24 14:59:11] ACQUIRED product_id=110698 retry=1
[2026-04-24 14:59:11] FINISHED product_id=101732 status=success
[2026-04-24 14:59:15] STATUS product_id=110698 status=403
[2026-04-24 14:59:15] FINISHED product_id=110698 status=failed
[2026-04-24 14:59:15] Batch 192: total=3, success=1, error=2, time=20.73s
[2026-04-24 14:59:18] RUNNING batch=193 size=3
[2026-04-24 14:59:18] QUEUE product_id=102544 retry=0
[2026-04-24 14:59:18] ACQUIRED product_id=102544 retry=0
[2026-04-24 14:59:18] QUEUE product_id=98222 retry=0
[2026-04-24 14:59:18] QUEUE product_id=102539 retry=0
[2026-04-24 14:59:21] STATUS product_id=102544 status=403
[2026-04-24 14:59:21] RETRY product_id=102544 reason=status_403 sleep=4.03s
[2026-04-24 14:59:21] ACQUIRED product_id=98222 retry=0
[2026-04-24 14:59:25] QUEUE product_id=102544 retry=1
[2026-04-24 14:59:26] STATUS product_id=98222 status=404
[2026-04-24 14:59:26] ACQUIRED product_id=102539 retry=0
[2026-04-24 14:59:26] FINISHED product_id=98222 status=failed
[2026-04-24 14:59:30] STATUS product_id=102539 status=403
[2026-04-24 14:59:30] RETRY product_id=102539 reason=status_403 sleep=4.22s
[2026-04-24 14:59:30] ACQUIRED product_id=102544 retry=1
[2026-04-24 14:59:35] QUEUE product_id=102539 retry=1
[2026-04-24 14:59:35] STATUS product_id=102544 status=403
[2026-04-24 14:59:35] ACQUIRED product_id=102539 retry=1
[2026-04-24 14:59:35] FINISHED product_id=102544 status=failed
[2026-04-24 14:59:40] STATUS product_id=102539 status=404
[2026-04-24 14:59:40] FINISHED product_id=102539 status=failed
[2026-04-24 14:59:40] Batch 193: total=3, success=0, error=3, time=22.23s
[2026-04-24 14:59:43] RUNNING batch=194 size=3
[2026-04-24 14:59:43] QUEUE product_id=98712 retry=0
[2026-04-24 14:59:43] ACQUIRED product_id=98712 retry=0
[2026-04-24 14:59:43] QUEUE product_id=99409 retry=0
[2026-04-24 14:59:43] QUEUE product_id=95481 retry=0
[2026-04-24 14:59:47] STATUS product_id=98712 status=403
[2026-04-24 14:59:47] RETRY product_id=98712 reason=status_403 sleep=4.06s
[2026-04-24 14:59:47] ACQUIRED product_id=99409 retry=0
[2026-04-24 14:59:52] QUEUE product_id=98712 retry=1
[2026-04-24 14:59:53] STATUS product_id=99409 status=200
[2026-04-24 14:59:53] ACQUIRED product_id=95481 retry=0
[2026-04-24 14:59:53] FINISHED product_id=99409 status=success
[2026-04-24 14:59:59] STATUS product_id=95481 status=200
[2026-04-24 14:59:59] ACQUIRED product_id=98712 retry=1
[2026-04-24 14:59:59] FINISHED product_id=95481 status=success
[2026-04-24 15:00:03] STATUS product_id=98712 status=403
[2026-04-24 15:00:03] FINISHED product_id=98712 status=failed
[2026-04-24 15:00:03] Batch 194: total=3, success=2, error=1, time=19.74s
[2026-04-24 15:00:07] RUNNING batch=195 size=3
[2026-04-24 15:00:07] QUEUE product_id=102540 retry=0
[2026-04-24 15:00:07] ACQUIRED product_id=102540 retry=0
[2026-04-24 15:00:07] QUEUE product_id=103269 retry=0
[2026-04-24 15:00:07] QUEUE product_id=104132 retry=0
[2026-04-24 15:00:11] STATUS product_id=102540 status=403
[2026-04-24 15:00:11] RETRY product_id=102540 reason=status_403 sleep=4.25s
[2026-04-24 15:00:11] ACQUIRED product_id=103269 retry=0
[2026-04-24 15:00:15] QUEUE product_id=102540 retry=1
[2026-04-24 15:00:17] STATUS product_id=103269 status=200
[2026-04-24 15:00:17] ACQUIRED product_id=104132 retry=0
[2026-04-24 15:00:17] FINISHED product_id=103269 status=success
[2026-04-24 15:00:21] STATUS product_id=104132 status=403
[2026-04-24 15:00:21] RETRY product_id=104132 reason=status_403 sleep=4.18s
[2026-04-24 15:00:21] ACQUIRED product_id=102540 retry=1
[2026-04-24 15:00:26] QUEUE product_id=104132 retry=1
[2026-04-24 15:00:27] STATUS product_id=102540 status=404
[2026-04-24 15:00:27] ACQUIRED product_id=104132 retry=1
[2026-04-24 15:00:27] FINISHED product_id=102540 status=failed
[2026-04-24 15:00:31] STATUS product_id=104132 status=404
[2026-04-24 15:00:31] FINISHED product_id=104132 status=failed
[2026-04-24 15:00:31] Batch 195: total=3, success=1, error=2, time=24.18s
[2026-04-24 15:00:35] RUNNING batch=196 size=3
[2026-04-24 15:00:35] QUEUE product_id=88927 retry=0
[2026-04-24 15:00:35] ACQUIRED product_id=88927 retry=0
[2026-04-24 15:00:35] QUEUE product_id=96848 retry=0
[2026-04-24 15:00:35] QUEUE product_id=103559 retry=0
[2026-04-24 15:00:39] STATUS product_id=88927 status=404
[2026-04-24 15:00:39] ACQUIRED product_id=96848 retry=0
[2026-04-24 15:00:39] FINISHED product_id=88927 status=failed
[2026-04-24 15:00:45] STATUS product_id=96848 status=200
[2026-04-24 15:00:45] ACQUIRED product_id=103559 retry=0
[2026-04-24 15:00:45] FINISHED product_id=96848 status=success
[2026-04-24 15:00:49] STATUS product_id=103559 status=403
[2026-04-24 15:00:49] RETRY product_id=103559 reason=status_403 sleep=4.44s
[2026-04-24 15:00:53] QUEUE product_id=103559 retry=1
[2026-04-24 15:00:53] ACQUIRED product_id=103559 retry=1
[2026-04-24 15:00:57] STATUS product_id=103559 status=403
[2026-04-24 15:00:57] FINISHED product_id=103559 status=failed
[2026-04-24 15:00:57] Batch 196: total=3, success=1, error=2, time=22.04s
[2026-04-24 15:01:01] RUNNING batch=197 size=3
[2026-04-24 15:01:01] QUEUE product_id=101116 retry=0
[2026-04-24 15:01:01] ACQUIRED product_id=101116 retry=0
[2026-04-24 15:01:01] QUEUE product_id=99616 retry=0
[2026-04-24 15:01:01] QUEUE product_id=101434 retry=0
[2026-04-24 15:01:05] STATUS product_id=101116 status=403
[2026-04-24 15:01:05] RETRY product_id=101116 reason=status_403 sleep=4.48s
[2026-04-24 15:01:05] ACQUIRED product_id=99616 retry=0
[2026-04-24 15:01:09] STATUS product_id=99616 status=403
[2026-04-24 15:01:09] RETRY product_id=99616 reason=status_403 sleep=4.36s
[2026-04-24 15:01:09] ACQUIRED product_id=101434 retry=0
[2026-04-24 15:01:10] QUEUE product_id=101116 retry=1
[2026-04-24 15:01:13] QUEUE product_id=99616 retry=1
[2026-04-24 15:01:13] STATUS product_id=101434 status=404
[2026-04-24 15:01:13] ACQUIRED product_id=101116 retry=1
[2026-04-24 15:01:13] FINISHED product_id=101434 status=failed
[2026-04-24 15:01:16] STATUS product_id=101116 status=403
[2026-04-24 15:01:16] ACQUIRED product_id=99616 retry=1
[2026-04-24 15:01:16] FINISHED product_id=101116 status=failed
[2026-04-24 15:01:21] STATUS product_id=99616 status=403
[2026-04-24 15:01:21] FINISHED product_id=99616 status=failed
[2026-04-24 15:01:21] Batch 197: total=3, success=0, error=3, time=19.68s
[2026-04-24 15:01:25] RUNNING batch=198 size=3
[2026-04-24 15:01:25] QUEUE product_id=86913 retry=0
[2026-04-24 15:01:25] ACQUIRED product_id=86913 retry=0
[2026-04-24 15:01:25] QUEUE product_id=96420 retry=0
[2026-04-24 15:01:25] QUEUE product_id=92699 retry=0
[2026-04-24 15:01:30] STATUS product_id=86913 status=403
[2026-04-24 15:01:30] RETRY product_id=86913 reason=status_403 sleep=4.18s
[2026-04-24 15:01:30] ACQUIRED product_id=96420 retry=0
[2026-04-24 15:01:34] STATUS product_id=96420 status=403
[2026-04-24 15:01:34] RETRY product_id=96420 reason=status_403 sleep=4.41s
[2026-04-24 15:01:34] ACQUIRED product_id=92699 retry=0
[2026-04-24 15:01:34] QUEUE product_id=86913 retry=1
[2026-04-24 15:01:38] QUEUE product_id=96420 retry=1
[2026-04-24 15:01:38] STATUS product_id=92699 status=403
[2026-04-24 15:01:38] RETRY product_id=92699 reason=status_403 sleep=4.45s
[2026-04-24 15:01:38] ACQUIRED product_id=86913 retry=1
[2026-04-24 15:01:42] STATUS product_id=86913 status=403
[2026-04-24 15:01:42] ACQUIRED product_id=96420 retry=1
[2026-04-24 15:01:42] FINISHED product_id=86913 status=failed
[2026-04-24 15:01:43] QUEUE product_id=92699 retry=1
[2026-04-24 15:01:46] STATUS product_id=96420 status=403
[2026-04-24 15:01:46] ACQUIRED product_id=92699 retry=1
[2026-04-24 15:01:46] FINISHED product_id=96420 status=failed
[2026-04-24 15:01:52] STATUS product_id=92699 status=200
[2026-04-24 15:01:52] FINISHED product_id=92699 status=success
[2026-04-24 15:01:52] Batch 198: total=3, success=1, error=2, time=26.75s
[2026-04-24 15:01:57] RUNNING batch=199 size=3
[2026-04-24 15:01:57] QUEUE product_id=110446 retry=0
[2026-04-24 15:01:57] ACQUIRED product_id=110446 retry=0
[2026-04-24 15:01:57] QUEUE product_id=98484 retry=0
[2026-04-24 15:01:57] QUEUE product_id=95907 retry=0
[2026-04-24 15:02:02] STATUS product_id=110446 status=403
[2026-04-24 15:02:02] RETRY product_id=110446 reason=status_403 sleep=3.69s
[2026-04-24 15:02:02] ACQUIRED product_id=98484 retry=0
[2026-04-24 15:02:05] QUEUE product_id=110446 retry=1
[2026-04-24 15:02:06] STATUS product_id=98484 status=403
[2026-04-24 15:02:06] RETRY product_id=98484 reason=status_403 sleep=4.49s
[2026-04-24 15:02:06] ACQUIRED product_id=95907 retry=0
[2026-04-24 15:02:10] QUEUE product_id=98484 retry=1
[2026-04-24 15:02:11] STATUS product_id=95907 status=200
[2026-04-24 15:02:11] ACQUIRED product_id=110446 retry=1
[2026-04-24 15:02:11] FINISHED product_id=95907 status=success
[2026-04-24 15:02:16] STATUS product_id=110446 status=200
[2026-04-24 15:02:16] ACQUIRED product_id=98484 retry=1
[2026-04-24 15:02:16] FINISHED product_id=110446 status=success
[2026-04-24 15:02:21] STATUS product_id=98484 status=403
[2026-04-24 15:02:21] FINISHED product_id=98484 status=failed
[2026-04-24 15:02:21] Batch 199: total=3, success=2, error=1, time=23.72s
[2026-04-24 15:02:25] RUNNING batch=200 size=3
[2026-04-24 15:02:25] QUEUE product_id=87142 retry=0
[2026-04-24 15:02:25] ACQUIRED product_id=87142 retry=0
[2026-04-24 15:02:25] QUEUE product_id=93171 retry=0
[2026-04-24 15:02:25] QUEUE product_id=95021 retry=0
[2026-04-24 15:02:28] STATUS product_id=87142 status=403
[2026-04-24 15:02:28] RETRY product_id=87142 reason=status_403 sleep=3.87s
[2026-04-24 15:02:28] ACQUIRED product_id=93171 retry=0
[2026-04-24 15:02:32] QUEUE product_id=87142 retry=1
[2026-04-24 15:02:35] STATUS product_id=93171 status=200
[2026-04-24 15:02:35] ACQUIRED product_id=95021 retry=0
[2026-04-24 15:02:35] FINISHED product_id=93171 status=success
[2026-04-24 15:02:39] STATUS product_id=95021 status=403
[2026-04-24 15:02:39] RETRY product_id=95021 reason=status_403 sleep=4.09s
[2026-04-24 15:02:39] ACQUIRED product_id=87142 retry=1
[2026-04-24 15:02:43] QUEUE product_id=95021 retry=1
[2026-04-24 15:02:44] STATUS product_id=87142 status=403
[2026-04-24 15:02:44] ACQUIRED product_id=95021 retry=1
[2026-04-24 15:02:44] FINISHED product_id=87142 status=failed
[2026-04-24 15:02:50] STATUS product_id=95021 status=200
[2026-04-24 15:02:50] FINISHED product_id=95021 status=success
[2026-04-24 15:02:50] Batch 200: total=3, success=2, error=1, time=24.82s
[2026-04-24 15:02:55] RUNNING batch=201 size=3
[2026-04-24 15:02:55] QUEUE product_id=91100 retry=0
[2026-04-24 15:02:55] ACQUIRED product_id=91100 retry=0
[2026-04-24 15:02:55] QUEUE product_id=89410 retry=0
[2026-04-24 15:02:55] QUEUE product_id=98949 retry=0
[2026-04-24 15:02:59] STATUS product_id=91100 status=403
[2026-04-24 15:02:59] RETRY product_id=91100 reason=status_403 sleep=4.16s
[2026-04-24 15:02:59] ACQUIRED product_id=89410 retry=0
[2026-04-24 15:03:02] STATUS product_id=89410 status=403
[2026-04-24 15:03:02] RETRY product_id=89410 reason=status_403 sleep=3.70s
[2026-04-24 15:03:02] ACQUIRED product_id=98949 retry=0
[2026-04-24 15:03:03] QUEUE product_id=91100 retry=1
[2026-04-24 15:03:06] QUEUE product_id=89410 retry=1
[2026-04-24 15:03:08] STATUS product_id=98949 status=200
[2026-04-24 15:03:08] ACQUIRED product_id=91100 retry=1
[2026-04-24 15:03:08] FINISHED product_id=98949 status=success
[2026-04-24 15:03:13] STATUS product_id=91100 status=200
[2026-04-24 15:03:13] ACQUIRED product_id=89410 retry=1
[2026-04-24 15:03:13] FINISHED product_id=91100 status=success
[2026-04-24 15:03:18] STATUS product_id=89410 status=200
[2026-04-24 15:03:18] FINISHED product_id=89410 status=success
[2026-04-24 15:03:18] Batch 201: total=3, success=3, error=0, time=23.11s
[2026-04-24 15:03:22] RUNNING batch=202 size=3
[2026-04-24 15:03:22] QUEUE product_id=92960 retry=0
[2026-04-24 15:03:22] ACQUIRED product_id=92960 retry=0
[2026-04-24 15:03:22] QUEUE product_id=100023 retry=0
[2026-04-24 15:03:22] QUEUE product_id=92238 retry=0
[2026-04-24 15:03:28] STATUS product_id=92960 status=200
[2026-04-24 15:03:28] ACQUIRED product_id=100023 retry=0
[2026-04-24 15:03:28] FINISHED product_id=92960 status=success
[2026-04-24 15:03:34] STATUS product_id=100023 status=200
[2026-04-24 15:03:34] ACQUIRED product_id=92238 retry=0
[2026-04-24 15:03:34] FINISHED product_id=100023 status=success
[2026-04-24 15:03:38] STATUS product_id=92238 status=403
[2026-04-24 15:03:38] RETRY product_id=92238 reason=status_403 sleep=4.15s
[2026-04-24 15:03:42] QUEUE product_id=92238 retry=1
[2026-04-24 15:03:42] ACQUIRED product_id=92238 retry=1
[2026-04-24 15:03:47] STATUS product_id=92238 status=403
[2026-04-24 15:03:47] FINISHED product_id=92238 status=failed
[2026-04-24 15:03:47] Batch 202: total=3, success=2, error=1, time=25.07s
[2026-04-24 15:03:52] RUNNING batch=203 size=3
[2026-04-24 15:03:52] QUEUE product_id=95482 retry=0
[2026-04-24 15:03:52] ACQUIRED product_id=95482 retry=0
[2026-04-24 15:03:52] QUEUE product_id=104271 retry=0
[2026-04-24 15:03:52] QUEUE product_id=91918 retry=0
[2026-04-24 15:03:57] STATUS product_id=95482 status=200
[2026-04-24 15:03:57] ACQUIRED product_id=104271 retry=0
[2026-04-24 15:03:57] FINISHED product_id=95482 status=success
[2026-04-24 15:04:01] STATUS product_id=104271 status=403
[2026-04-24 15:04:01] RETRY product_id=104271 reason=status_403 sleep=3.81s
[2026-04-24 15:04:01] ACQUIRED product_id=91918 retry=0
[2026-04-24 15:04:05] QUEUE product_id=104271 retry=1
[2026-04-24 15:04:06] STATUS product_id=91918 status=403
[2026-04-24 15:04:06] RETRY product_id=91918 reason=status_403 sleep=4.39s
[2026-04-24 15:04:06] ACQUIRED product_id=104271 retry=1
[2026-04-24 15:04:10] STATUS product_id=104271 status=403
[2026-04-24 15:04:10] FINISHED product_id=104271 status=failed
[2026-04-24 15:04:10] QUEUE product_id=91918 retry=1
[2026-04-24 15:04:10] ACQUIRED product_id=91918 retry=1
[2026-04-24 15:04:16] STATUS product_id=91918 status=200
[2026-04-24 15:04:16] FINISHED product_id=91918 status=success
[2026-04-24 15:04:16] Batch 203: total=3, success=2, error=1, time=24.34s
[2026-04-24 15:04:21] RUNNING batch=204 size=3
[2026-04-24 15:04:21] QUEUE product_id=91985 retry=0
[2026-04-24 15:04:21] ACQUIRED product_id=91985 retry=0
[2026-04-24 15:04:21] QUEUE product_id=100864 retry=0
[2026-04-24 15:04:21] QUEUE product_id=106749 retry=0
[2026-04-24 15:04:24] STATUS product_id=91985 status=403
[2026-04-24 15:04:24] RETRY product_id=91985 reason=status_403 sleep=3.95s
[2026-04-24 15:04:24] ACQUIRED product_id=100864 retry=0
[2026-04-24 15:04:28] QUEUE product_id=91985 retry=1
[2026-04-24 15:04:29] STATUS product_id=100864 status=403
[2026-04-24 15:04:29] RETRY product_id=100864 reason=status_403 sleep=4.13s
[2026-04-24 15:04:29] ACQUIRED product_id=106749 retry=0
[2026-04-24 15:04:34] STATUS product_id=106749 status=403
[2026-04-24 15:04:34] RETRY product_id=106749 reason=status_403 sleep=3.59s
[2026-04-24 15:04:34] ACQUIRED product_id=91985 retry=1
[2026-04-24 15:04:34] QUEUE product_id=100864 retry=1
[2026-04-24 15:04:37] QUEUE product_id=106749 retry=1
[2026-04-24 15:04:38] STATUS product_id=91985 status=200
[2026-04-24 15:04:38] ACQUIRED product_id=100864 retry=1
[2026-04-24 15:04:38] FINISHED product_id=91985 status=success
[2026-04-24 15:04:41] STATUS product_id=100864 status=403
[2026-04-24 15:04:41] ACQUIRED product_id=106749 retry=1
[2026-04-24 15:04:41] FINISHED product_id=100864 status=failed
[2026-04-24 15:04:46] STATUS product_id=106749 status=403
[2026-04-24 15:04:46] FINISHED product_id=106749 status=failed
[2026-04-24 15:04:46] Batch 204: total=3, success=1, error=2, time=24.27s
[2026-04-24 15:04:49] RUNNING batch=205 size=3
[2026-04-24 15:04:49] QUEUE product_id=102537 retry=0
[2026-04-24 15:04:49] ACQUIRED product_id=102537 retry=0
[2026-04-24 15:04:49] QUEUE product_id=95001 retry=0
[2026-04-24 15:04:49] QUEUE product_id=102536 retry=0
[2026-04-24 15:04:54] STATUS product_id=102537 status=404
[2026-04-24 15:04:54] ACQUIRED product_id=95001 retry=0
[2026-04-24 15:04:54] FINISHED product_id=102537 status=failed
[2026-04-24 15:04:59] STATUS product_id=95001 status=200
[2026-04-24 15:04:59] ACQUIRED product_id=102536 retry=0
[2026-04-24 15:04:59] FINISHED product_id=95001 status=success
[2026-04-24 15:05:03] STATUS product_id=102536 status=403
[2026-04-24 15:05:03] RETRY product_id=102536 reason=status_403 sleep=3.57s
[2026-04-24 15:05:07] QUEUE product_id=102536 retry=1
[2026-04-24 15:05:07] ACQUIRED product_id=102536 retry=1
[2026-04-24 15:05:12] STATUS product_id=102536 status=404
[2026-04-24 15:05:12] FINISHED product_id=102536 status=failed
[2026-04-24 15:05:12] Batch 205: total=3, success=1, error=2, time=23.38s
[2026-04-24 15:05:16] RUNNING batch=206 size=3
[2026-04-24 15:05:16] QUEUE product_id=99062 retry=0
[2026-04-24 15:05:16] ACQUIRED product_id=99062 retry=0
[2026-04-24 15:05:16] QUEUE product_id=97043 retry=0
[2026-04-24 15:05:16] QUEUE product_id=102820 retry=0
[2026-04-24 15:05:20] STATUS product_id=99062 status=403
[2026-04-24 15:05:20] RETRY product_id=99062 reason=status_403 sleep=4.32s
[2026-04-24 15:05:20] ACQUIRED product_id=97043 retry=0
[2026-04-24 15:05:24] QUEUE product_id=99062 retry=1
[2026-04-24 15:05:26] STATUS product_id=97043 status=200
[2026-04-24 15:05:26] ACQUIRED product_id=102820 retry=0
[2026-04-24 15:05:26] FINISHED product_id=97043 status=success
[2026-04-24 15:05:32] STATUS product_id=102820 status=200
[2026-04-24 15:05:32] ACQUIRED product_id=99062 retry=1
[2026-04-24 15:05:32] FINISHED product_id=102820 status=success
[2026-04-24 15:05:36] STATUS product_id=99062 status=404
[2026-04-24 15:05:36] FINISHED product_id=99062 status=failed
[2026-04-24 15:05:36] Batch 206: total=3, success=2, error=1, time=20.52s
[2026-04-24 15:05:39] RUNNING batch=207 size=3
[2026-04-24 15:05:39] QUEUE product_id=100399 retry=0
[2026-04-24 15:05:39] ACQUIRED product_id=100399 retry=0
[2026-04-24 15:05:39] QUEUE product_id=106019 retry=0
[2026-04-24 15:05:39] QUEUE product_id=96407 retry=0
[2026-04-24 15:05:42] STATUS product_id=100399 status=403
[2026-04-24 15:05:42] RETRY product_id=100399 reason=status_403 sleep=3.60s
[2026-04-24 15:05:42] ACQUIRED product_id=106019 retry=0
[2026-04-24 15:05:46] QUEUE product_id=100399 retry=1
[2026-04-24 15:05:47] STATUS product_id=106019 status=200
[2026-04-24 15:05:47] ACQUIRED product_id=96407 retry=0
[2026-04-24 15:05:47] FINISHED product_id=106019 status=success
[2026-04-24 15:05:52] STATUS product_id=96407 status=200
[2026-04-24 15:05:52] ACQUIRED product_id=100399 retry=1
[2026-04-24 15:05:52] FINISHED product_id=96407 status=success
[2026-04-24 15:05:58] STATUS product_id=100399 status=404
[2026-04-24 15:05:58] FINISHED product_id=100399 status=failed
[2026-04-24 15:05:58] Batch 207: total=3, success=2, error=1, time=18.64s
[2026-04-24 15:06:02] RUNNING batch=208 size=3
[2026-04-24 15:06:02] QUEUE product_id=106053 retry=0
[2026-04-24 15:06:02] ACQUIRED product_id=106053 retry=0
[2026-04-24 15:06:02] QUEUE product_id=98937 retry=0
[2026-04-24 15:06:02] QUEUE product_id=95521 retry=0
[2026-04-24 15:06:07] STATUS product_id=106053 status=200
[2026-04-24 15:06:07] ACQUIRED product_id=98937 retry=0
[2026-04-24 15:06:07] FINISHED product_id=106053 status=success
[2026-04-24 15:06:12] STATUS product_id=98937 status=200
[2026-04-24 15:06:12] ACQUIRED product_id=95521 retry=0
[2026-04-24 15:06:12] FINISHED product_id=98937 status=success
[2026-04-24 15:06:18] STATUS product_id=95521 status=200
[2026-04-24 15:06:18] FINISHED product_id=95521 status=success
[2026-04-24 15:06:18] Batch 208: total=3, success=3, error=0, time=15.59s
[2026-04-24 15:06:22] RUNNING batch=209 size=3
[2026-04-24 15:06:22] QUEUE product_id=95895 retry=0
[2026-04-24 15:06:22] ACQUIRED product_id=95895 retry=0
[2026-04-24 15:06:22] QUEUE product_id=97956 retry=0
[2026-04-24 15:06:22] QUEUE product_id=102618 retry=0
[2026-04-24 15:06:26] STATUS product_id=95895 status=403
[2026-04-24 15:06:26] RETRY product_id=95895 reason=status_403 sleep=4.34s
[2026-04-24 15:06:26] ACQUIRED product_id=97956 retry=0
[2026-04-24 15:06:30] QUEUE product_id=95895 retry=1
[2026-04-24 15:06:32] STATUS product_id=97956 status=200
[2026-04-24 15:06:32] ACQUIRED product_id=102618 retry=0
[2026-04-24 15:06:32] FINISHED product_id=97956 status=success
[2026-04-24 15:06:37] STATUS product_id=102618 status=403
[2026-04-24 15:06:37] RETRY product_id=102618 reason=status_403 sleep=4.25s
[2026-04-24 15:06:37] ACQUIRED product_id=95895 retry=1
[2026-04-24 15:06:41] QUEUE product_id=102618 retry=1
[2026-04-24 15:06:44] STATUS product_id=95895 status=200
[2026-04-24 15:06:44] ACQUIRED product_id=102618 retry=1
[2026-04-24 15:06:44] FINISHED product_id=95895 status=success
[2026-04-24 15:06:48] STATUS product_id=102618 status=403
[2026-04-24 15:06:48] FINISHED product_id=102618 status=failed
[2026-04-24 15:06:48] Batch 209: total=3, success=2, error=1, time=25.96s
[2026-04-24 15:06:53] RUNNING batch=210 size=3
[2026-04-24 15:06:53] QUEUE product_id=110313 retry=0
[2026-04-24 15:06:53] ACQUIRED product_id=110313 retry=0
[2026-04-24 15:06:53] QUEUE product_id=95899 retry=0
[2026-04-24 15:06:53] QUEUE product_id=85104 retry=0
[2026-04-24 15:06:58] STATUS product_id=110313 status=404
[2026-04-24 15:06:58] ACQUIRED product_id=95899 retry=0
[2026-04-24 15:06:58] FINISHED product_id=110313 status=failed
[2026-04-24 15:07:01] STATUS product_id=95899 status=403
[2026-04-24 15:07:01] RETRY product_id=95899 reason=status_403 sleep=4.37s
[2026-04-24 15:07:01] ACQUIRED product_id=85104 retry=0
[2026-04-24 15:07:06] QUEUE product_id=95899 retry=1
[2026-04-24 15:07:07] STATUS product_id=85104 status=200
[2026-04-24 15:07:07] ACQUIRED product_id=95899 retry=1
[2026-04-24 15:07:07] FINISHED product_id=85104 status=success
[2026-04-24 15:07:14] STATUS product_id=95899 status=200
[2026-04-24 15:07:14] FINISHED product_id=95899 status=success
[2026-04-24 15:07:14] Batch 210: total=3, success=2, error=1, time=20.92s
[2026-04-24 15:07:17] RUNNING batch=211 size=3
[2026-04-24 15:07:17] QUEUE product_id=106438 retry=0
[2026-04-24 15:07:17] ACQUIRED product_id=106438 retry=0
[2026-04-24 15:07:17] QUEUE product_id=105113 retry=0
[2026-04-24 15:07:17] QUEUE product_id=88901 retry=0
[2026-04-24 15:07:22] STATUS product_id=106438 status=403
[2026-04-24 15:07:22] RETRY product_id=106438 reason=status_403 sleep=3.54s
[2026-04-24 15:07:22] ACQUIRED product_id=105113 retry=0
[2026-04-24 15:07:26] QUEUE product_id=106438 retry=1
[2026-04-24 15:07:26] STATUS product_id=105113 status=403
[2026-04-24 15:07:26] RETRY product_id=105113 reason=status_403 sleep=4.12s
[2026-04-24 15:07:26] ACQUIRED product_id=88901 retry=0
[2026-04-24 15:07:30] QUEUE product_id=105113 retry=1
[2026-04-24 15:07:31] STATUS product_id=88901 status=404
[2026-04-24 15:07:31] ACQUIRED product_id=106438 retry=1
[2026-04-24 15:07:31] FINISHED product_id=88901 status=failed
[2026-04-24 15:07:35] STATUS product_id=106438 status=403
[2026-04-24 15:07:35] ACQUIRED product_id=105113 retry=1
[2026-04-24 15:07:35] FINISHED product_id=106438 status=failed
[2026-04-24 15:07:40] STATUS product_id=105113 status=200
[2026-04-24 15:07:40] FINISHED product_id=105113 status=success
[2026-04-24 15:07:40] Batch 211: total=3, success=1, error=2, time=23.11s
[2026-04-24 15:07:45] RUNNING batch=212 size=3
[2026-04-24 15:07:45] QUEUE product_id=110283 retry=0
[2026-04-24 15:07:45] ACQUIRED product_id=110283 retry=0
[2026-04-24 15:07:45] QUEUE product_id=110918 retry=0
[2026-04-24 15:07:45] QUEUE product_id=102452 retry=0
[2026-04-24 15:07:50] STATUS product_id=110283 status=403
[2026-04-24 15:07:50] RETRY product_id=110283 reason=status_403 sleep=4.44s
[2026-04-24 15:07:50] ACQUIRED product_id=110918 retry=0
[2026-04-24 15:07:54] STATUS product_id=110918 status=403
[2026-04-24 15:07:54] RETRY product_id=110918 reason=status_403 sleep=3.94s
[2026-04-24 15:07:54] ACQUIRED product_id=102452 retry=0
[2026-04-24 15:07:54] QUEUE product_id=110283 retry=1
[2026-04-24 15:07:58] QUEUE product_id=110918 retry=1
[2026-04-24 15:08:00] STATUS product_id=102452 status=200
[2026-04-24 15:08:00] ACQUIRED product_id=110283 retry=1
[2026-04-24 15:08:00] FINISHED product_id=102452 status=success
[2026-04-24 15:08:03] STATUS product_id=110283 status=404
[2026-04-24 15:08:03] ACQUIRED product_id=110918 retry=1
[2026-04-24 15:08:03] FINISHED product_id=110283 status=failed
[2026-04-24 15:08:08] STATUS product_id=110918 status=403
[2026-04-24 15:08:08] FINISHED product_id=110918 status=failed
[2026-04-24 15:08:08] Batch 212: total=3, success=1, error=2, time=23.32s
[2026-04-24 15:08:12] RUNNING batch=213 size=3
[2026-04-24 15:08:12] QUEUE product_id=96599 retry=0
[2026-04-24 15:08:12] ACQUIRED product_id=96599 retry=0
[2026-04-24 15:08:12] QUEUE product_id=101109 retry=0
[2026-04-24 15:08:12] QUEUE product_id=97858 retry=0
[2026-04-24 15:08:16] STATUS product_id=96599 status=403
[2026-04-24 15:08:16] RETRY product_id=96599 reason=status_403 sleep=4.37s
[2026-04-24 15:08:16] ACQUIRED product_id=101109 retry=0
[2026-04-24 15:08:20] QUEUE product_id=96599 retry=1
[2026-04-24 15:08:20] STATUS product_id=101109 status=403
[2026-04-24 15:08:20] RETRY product_id=101109 reason=status_403 sleep=4.23s
[2026-04-24 15:08:20] ACQUIRED product_id=97858 retry=0
[2026-04-24 15:08:24] STATUS product_id=97858 status=403
[2026-04-24 15:08:24] RETRY product_id=97858 reason=status_403 sleep=3.73s
[2026-04-24 15:08:24] ACQUIRED product_id=96599 retry=1
[2026-04-24 15:08:25] QUEUE product_id=101109 retry=1
[2026-04-24 15:08:28] QUEUE product_id=97858 retry=1
[2026-04-24 15:08:29] STATUS product_id=96599 status=403
[2026-04-24 15:08:29] ACQUIRED product_id=101109 retry=1
[2026-04-24 15:08:29] FINISHED product_id=96599 status=failed
[2026-04-24 15:08:35] STATUS product_id=101109 status=200
[2026-04-24 15:08:35] ACQUIRED product_id=97858 retry=1
[2026-04-24 15:08:35] FINISHED product_id=101109 status=success
[2026-04-24 15:08:38] STATUS product_id=97858 status=403
[2026-04-24 15:08:38] FINISHED product_id=97858 status=failed
[2026-04-24 15:08:38] Batch 213: total=3, success=1, error=2, time=25.85s
[2026-04-24 15:08:41] RUNNING batch=214 size=3
[2026-04-24 15:08:41] QUEUE product_id=106052 retry=0
[2026-04-24 15:08:41] ACQUIRED product_id=106052 retry=0
[2026-04-24 15:08:41] QUEUE product_id=97435 retry=0
[2026-04-24 15:08:41] QUEUE product_id=109411 retry=0
[2026-04-24 15:08:46] STATUS product_id=106052 status=200
[2026-04-24 15:08:46] ACQUIRED product_id=97435 retry=0
[2026-04-24 15:08:46] FINISHED product_id=106052 status=success
[2026-04-24 15:08:52] STATUS product_id=97435 status=404
[2026-04-24 15:08:52] ACQUIRED product_id=109411 retry=0
[2026-04-24 15:08:52] FINISHED product_id=97435 status=failed
[2026-04-24 15:08:56] STATUS product_id=109411 status=403
[2026-04-24 15:08:56] RETRY product_id=109411 reason=status_403 sleep=4.30s
[2026-04-24 15:09:00] QUEUE product_id=109411 retry=1
[2026-04-24 15:09:00] ACQUIRED product_id=109411 retry=1
[2026-04-24 15:09:06] STATUS product_id=109411 status=200
[2026-04-24 15:09:06] FINISHED product_id=109411 status=success
[2026-04-24 15:09:06] Batch 214: total=3, success=2, error=1, time=24.70s
[2026-04-24 15:09:10] RUNNING batch=215 size=3
[2026-04-24 15:09:10] QUEUE product_id=89567 retry=0
[2026-04-24 15:09:10] ACQUIRED product_id=89567 retry=0
[2026-04-24 15:09:10] QUEUE product_id=103160 retry=0
[2026-04-24 15:09:10] QUEUE product_id=100994 retry=0
[2026-04-24 15:09:15] STATUS product_id=89567 status=403
[2026-04-24 15:09:15] RETRY product_id=89567 reason=status_403 sleep=4.26s
[2026-04-24 15:09:15] ACQUIRED product_id=103160 retry=0
[2026-04-24 15:09:19] STATUS product_id=103160 status=403
[2026-04-24 15:09:19] RETRY product_id=103160 reason=status_403 sleep=3.80s
[2026-04-24 15:09:19] ACQUIRED product_id=100994 retry=0
[2026-04-24 15:09:19] QUEUE product_id=89567 retry=1
[2026-04-24 15:09:22] STATUS product_id=100994 status=403
[2026-04-24 15:09:22] RETRY product_id=100994 reason=status_403 sleep=4.39s
[2026-04-24 15:09:22] ACQUIRED product_id=89567 retry=1
[2026-04-24 15:09:23] QUEUE product_id=103160 retry=1
[2026-04-24 15:09:27] QUEUE product_id=100994 retry=1
[2026-04-24 15:09:27] STATUS product_id=89567 status=200
[2026-04-24 15:09:27] ACQUIRED product_id=103160 retry=1
[2026-04-24 15:09:27] FINISHED product_id=89567 status=success
[2026-04-24 15:09:30] STATUS product_id=103160 status=403
[2026-04-24 15:09:30] ACQUIRED product_id=100994 retry=1
[2026-04-24 15:09:30] FINISHED product_id=103160 status=failed
[2026-04-24 15:09:34] STATUS product_id=100994 status=200
[2026-04-24 15:09:34] FINISHED product_id=100994 status=success
[2026-04-24 15:09:34] Batch 215: total=3, success=2, error=1, time=24.14s
[2026-04-24 15:09:38] RUNNING batch=216 size=3
[2026-04-24 15:09:38] QUEUE product_id=100801 retry=0
[2026-04-24 15:09:38] ACQUIRED product_id=100801 retry=0
[2026-04-24 15:09:38] QUEUE product_id=105533 retry=0
[2026-04-24 15:09:38] QUEUE product_id=110246 retry=0
[2026-04-24 15:09:43] STATUS product_id=100801 status=200
[2026-04-24 15:09:43] ACQUIRED product_id=105533 retry=0
[2026-04-24 15:09:43] FINISHED product_id=100801 status=success
[2026-04-24 15:09:48] STATUS product_id=105533 status=403
[2026-04-24 15:09:48] RETRY product_id=105533 reason=status_403 sleep=4.17s
[2026-04-24 15:09:48] ACQUIRED product_id=110246 retry=0
[2026-04-24 15:09:52] QUEUE product_id=105533 retry=1
[2026-04-24 15:09:53] STATUS product_id=110246 status=404
[2026-04-24 15:09:53] ACQUIRED product_id=105533 retry=1
[2026-04-24 15:09:53] FINISHED product_id=110246 status=failed
[2026-04-24 15:09:57] STATUS product_id=105533 status=403
[2026-04-24 15:09:57] FINISHED product_id=105533 status=failed
[2026-04-24 15:09:57] Batch 216: total=3, success=1, error=2, time=18.78s
[2026-04-24 15:10:01] RUNNING batch=217 size=3
[2026-04-24 15:10:01] QUEUE product_id=108392 retry=0
[2026-04-24 15:10:01] ACQUIRED product_id=108392 retry=0
[2026-04-24 15:10:01] QUEUE product_id=103359 retry=0
[2026-04-24 15:10:01] QUEUE product_id=97231 retry=0
[2026-04-24 15:10:06] STATUS product_id=108392 status=403
[2026-04-24 15:10:06] RETRY product_id=108392 reason=status_403 sleep=4.12s
[2026-04-24 15:10:06] ACQUIRED product_id=103359 retry=0
[2026-04-24 15:10:10] QUEUE product_id=108392 retry=1
[2026-04-24 15:10:10] STATUS product_id=103359 status=403
[2026-04-24 15:10:10] RETRY product_id=103359 reason=status_403 sleep=4.02s
[2026-04-24 15:10:10] ACQUIRED product_id=97231 retry=0
[2026-04-24 15:10:14] QUEUE product_id=103359 retry=1
[2026-04-24 15:10:15] STATUS product_id=97231 status=403
[2026-04-24 15:10:15] RETRY product_id=97231 reason=status_403 sleep=3.91s
[2026-04-24 15:10:15] ACQUIRED product_id=108392 retry=1
[2026-04-24 15:10:19] STATUS product_id=108392 status=403
[2026-04-24 15:10:19] ACQUIRED product_id=103359 retry=1
[2026-04-24 15:10:19] FINISHED product_id=108392 status=failed
[2026-04-24 15:10:19] QUEUE product_id=97231 retry=1
[2026-04-24 15:10:24] STATUS product_id=103359 status=200
[2026-04-24 15:10:24] ACQUIRED product_id=97231 retry=1
[2026-04-24 15:10:24] FINISHED product_id=103359 status=success
[2026-04-24 15:10:28] STATUS product_id=97231 status=403
[2026-04-24 15:10:28] FINISHED product_id=97231 status=failed
[2026-04-24 15:10:28] Batch 217: total=3, success=1, error=2, time=26.43s
[2026-04-24 15:10:31] RUNNING batch=218 size=3
[2026-04-24 15:10:31] QUEUE product_id=96199 retry=0
[2026-04-24 15:10:31] ACQUIRED product_id=96199 retry=0
[2026-04-24 15:10:31] QUEUE product_id=110308 retry=0
[2026-04-24 15:10:31] QUEUE product_id=91182 retry=0
[2026-04-24 15:10:35] STATUS product_id=96199 status=403
[2026-04-24 15:10:35] RETRY product_id=96199 reason=status_403 sleep=3.57s
[2026-04-24 15:10:35] ACQUIRED product_id=110308 retry=0
[2026-04-24 15:10:39] QUEUE product_id=96199 retry=1
[2026-04-24 15:10:40] STATUS product_id=110308 status=403
[2026-04-24 15:10:40] RETRY product_id=110308 reason=status_403 sleep=3.85s
[2026-04-24 15:10:40] ACQUIRED product_id=91182 retry=0
[2026-04-24 15:10:44] QUEUE product_id=110308 retry=1
[2026-04-24 15:10:45] STATUS product_id=91182 status=200
[2026-04-24 15:10:45] ACQUIRED product_id=96199 retry=1
[2026-04-24 15:10:45] FINISHED product_id=91182 status=success
[2026-04-24 15:10:49] STATUS product_id=96199 status=403
[2026-04-24 15:10:49] ACQUIRED product_id=110308 retry=1
[2026-04-24 15:10:49] FINISHED product_id=96199 status=failed
[2026-04-24 15:10:53] STATUS product_id=110308 status=403
[2026-04-24 15:10:53] FINISHED product_id=110308 status=failed
[2026-04-24 15:10:53] Batch 218: total=3, success=1, error=2, time=21.54s
[2026-04-24 15:10:57] RUNNING batch=219 size=3
[2026-04-24 15:10:57] QUEUE product_id=106382 retry=0
[2026-04-24 15:10:57] ACQUIRED product_id=106382 retry=0
[2026-04-24 15:10:57] QUEUE product_id=98225 retry=0
[2026-04-24 15:10:57] QUEUE product_id=98943 retry=0
[2026-04-24 15:11:03] STATUS product_id=106382 status=200
[2026-04-24 15:11:04] ACQUIRED product_id=98225 retry=0
[2026-04-24 15:11:04] FINISHED product_id=106382 status=success
[2026-04-24 15:11:08] STATUS product_id=98225 status=404
[2026-04-24 15:11:08] ACQUIRED product_id=98943 retry=0
[2026-04-24 15:11:08] FINISHED product_id=98225 status=failed
[2026-04-24 15:11:12] STATUS product_id=98943 status=403
[2026-04-24 15:11:12] RETRY product_id=98943 reason=status_403 sleep=3.77s
[2026-04-24 15:11:16] QUEUE product_id=98943 retry=1
[2026-04-24 15:11:16] ACQUIRED product_id=98943 retry=1
[2026-04-24 15:11:19] STATUS product_id=98943 status=403
[2026-04-24 15:11:19] FINISHED product_id=98943 status=failed
[2026-04-24 15:11:19] Batch 219: total=3, success=1, error=2, time=22.36s
[2026-04-24 15:11:23] RUNNING batch=220 size=3
[2026-04-24 15:11:23] QUEUE product_id=110374 retry=0
[2026-04-24 15:11:23] ACQUIRED product_id=110374 retry=0
[2026-04-24 15:11:23] QUEUE product_id=110432 retry=0
[2026-04-24 15:11:23] QUEUE product_id=110198 retry=0
[2026-04-24 15:11:29] STATUS product_id=110374 status=200
[2026-04-24 15:11:29] ACQUIRED product_id=110432 retry=0
[2026-04-24 15:11:29] FINISHED product_id=110374 status=success
[2026-04-24 15:11:33] STATUS product_id=110432 status=403
[2026-04-24 15:11:33] RETRY product_id=110432 reason=status_403 sleep=3.62s
[2026-04-24 15:11:33] ACQUIRED product_id=110198 retry=0
[2026-04-24 15:11:36] QUEUE product_id=110432 retry=1
[2026-04-24 15:11:38] STATUS product_id=110198 status=403
[2026-04-24 15:11:38] RETRY product_id=110198 reason=status_403 sleep=3.98s
[2026-04-24 15:11:38] ACQUIRED product_id=110432 retry=1
[2026-04-24 15:11:42] QUEUE product_id=110198 retry=1
[2026-04-24 15:11:42] STATUS product_id=110432 status=403
[2026-04-24 15:11:42] ACQUIRED product_id=110198 retry=1
[2026-04-24 15:11:42] FINISHED product_id=110432 status=failed
[2026-04-24 15:11:46] STATUS product_id=110198 status=403
[2026-04-24 15:11:46] FINISHED product_id=110198 status=failed
[2026-04-24 15:11:46] Batch 220: total=3, success=1, error=2, time=23.69s
[2026-04-24 15:11:50] RUNNING batch=221 size=3
[2026-04-24 15:11:50] QUEUE product_id=110215 retry=0
[2026-04-24 15:11:50] ACQUIRED product_id=110215 retry=0
[2026-04-24 15:11:50] QUEUE product_id=110205 retry=0
[2026-04-24 15:11:50] QUEUE product_id=110193 retry=0
[2026-04-24 15:11:55] STATUS product_id=110215 status=403
[2026-04-24 15:11:55] RETRY product_id=110215 reason=status_403 sleep=3.53s
[2026-04-24 15:11:55] ACQUIRED product_id=110205 retry=0
[2026-04-24 15:11:58] QUEUE product_id=110215 retry=1
[2026-04-24 15:11:59] STATUS product_id=110205 status=200
[2026-04-24 15:11:59] ACQUIRED product_id=110193 retry=0
[2026-04-24 15:11:59] FINISHED product_id=110205 status=success
[2026-04-24 15:12:04] STATUS product_id=110193 status=200
[2026-04-24 15:12:04] ACQUIRED product_id=110215 retry=1
[2026-04-24 15:12:04] FINISHED product_id=110193 status=success
[2026-04-24 15:12:09] STATUS product_id=110215 status=200
[2026-04-24 15:12:09] FINISHED product_id=110215 status=success
[2026-04-24 15:12:09] Batch 221: total=3, success=3, error=0, time=18.58s
[2026-04-24 15:12:13] RUNNING batch=222 size=3
[2026-04-24 15:12:13] QUEUE product_id=110188 retry=0
[2026-04-24 15:12:13] ACQUIRED product_id=110188 retry=0
[2026-04-24 15:12:13] QUEUE product_id=98945 retry=0
[2026-04-24 15:12:13] QUEUE product_id=86702 retry=0
[2026-04-24 15:12:18] STATUS product_id=110188 status=403
[2026-04-24 15:12:18] RETRY product_id=110188 reason=status_403 sleep=3.98s
[2026-04-24 15:12:18] ACQUIRED product_id=98945 retry=0
[2026-04-24 15:12:22] QUEUE product_id=110188 retry=1
[2026-04-24 15:12:22] STATUS product_id=98945 status=403
[2026-04-24 15:12:22] RETRY product_id=98945 reason=status_403 sleep=4.31s
[2026-04-24 15:12:22] ACQUIRED product_id=86702 retry=0
[2026-04-24 15:12:27] QUEUE product_id=98945 retry=1
[2026-04-24 15:12:27] STATUS product_id=86702 status=403
[2026-04-24 15:12:27] RETRY product_id=86702 reason=status_403 sleep=4.02s
[2026-04-24 15:12:27] ACQUIRED product_id=110188 retry=1
[2026-04-24 15:12:31] QUEUE product_id=86702 retry=1
[2026-04-24 15:12:32] STATUS product_id=110188 status=200
[2026-04-24 15:12:32] ACQUIRED product_id=98945 retry=1
[2026-04-24 15:12:32] FINISHED product_id=110188 status=success
[2026-04-24 15:12:38] STATUS product_id=98945 status=200
[2026-04-24 15:12:38] ACQUIRED product_id=86702 retry=1
[2026-04-24 15:12:38] FINISHED product_id=98945 status=success
[2026-04-24 15:12:42] STATUS product_id=86702 status=200
[2026-04-24 15:12:42] FINISHED product_id=86702 status=success
[2026-04-24 15:12:42] Batch 222: total=3, success=3, error=0, time=29.19s
[2026-04-24 15:12:46] RUNNING batch=223 size=3
[2026-04-24 15:12:46] QUEUE product_id=99289 retry=0
[2026-04-24 15:12:46] ACQUIRED product_id=99289 retry=0
[2026-04-24 15:12:46] QUEUE product_id=106364 retry=0
[2026-04-24 15:12:46] QUEUE product_id=110214 retry=0
[2026-04-24 15:12:50] STATUS product_id=99289 status=403
[2026-04-24 15:12:50] RETRY product_id=99289 reason=status_403 sleep=4.47s
[2026-04-24 15:12:50] ACQUIRED product_id=106364 retry=0
[2026-04-24 15:12:54] STATUS product_id=106364 status=403
[2026-04-24 15:12:54] RETRY product_id=106364 reason=status_403 sleep=4.43s
[2026-04-24 15:12:54] ACQUIRED product_id=110214 retry=0
[2026-04-24 15:12:55] QUEUE product_id=99289 retry=1
[2026-04-24 15:12:58] STATUS product_id=110214 status=403
[2026-04-24 15:12:58] RETRY product_id=110214 reason=status_403 sleep=4.48s
[2026-04-24 15:12:58] ACQUIRED product_id=99289 retry=1
[2026-04-24 15:12:59] QUEUE product_id=106364 retry=1
[2026-04-24 15:13:01] STATUS product_id=99289 status=403
[2026-04-24 15:13:01] ACQUIRED product_id=106364 retry=1
[2026-04-24 15:13:01] FINISHED product_id=99289 status=failed
[2026-04-24 15:13:02] QUEUE product_id=110214 retry=1
[2026-04-24 15:13:07] STATUS product_id=106364 status=200
[2026-04-24 15:13:07] ACQUIRED product_id=110214 retry=1
[2026-04-24 15:13:07] FINISHED product_id=106364 status=success
[2026-04-24 15:13:11] STATUS product_id=110214 status=403
[2026-04-24 15:13:11] FINISHED product_id=110214 status=failed
[2026-04-24 15:13:11] Batch 223: total=3, success=1, error=2, time=25.33s
[2026-04-24 15:13:15] RUNNING batch=224 size=3
[2026-04-24 15:13:15] QUEUE product_id=110406 retry=0
[2026-04-24 15:13:15] ACQUIRED product_id=110406 retry=0
[2026-04-24 15:13:15] QUEUE product_id=110428 retry=0
[2026-04-24 15:13:15] QUEUE product_id=96887 retry=0
[2026-04-24 15:13:19] STATUS product_id=110406 status=403
[2026-04-24 15:13:19] RETRY product_id=110406 reason=status_403 sleep=3.74s
[2026-04-24 15:13:19] ACQUIRED product_id=110428 retry=0
[2026-04-24 15:13:22] QUEUE product_id=110406 retry=1
[2026-04-24 15:13:24] STATUS product_id=110428 status=200
[2026-04-24 15:13:24] ACQUIRED product_id=96887 retry=0
[2026-04-24 15:13:24] FINISHED product_id=110428 status=success
[2026-04-24 15:13:29] STATUS product_id=96887 status=200
[2026-04-24 15:13:29] ACQUIRED product_id=110406 retry=1
[2026-04-24 15:13:29] FINISHED product_id=96887 status=success
[2026-04-24 15:13:35] STATUS product_id=110406 status=200
[2026-04-24 15:13:35] FINISHED product_id=110406 status=success
[2026-04-24 15:13:35] Batch 224: total=3, success=3, error=0, time=19.52s
[2026-04-24 15:13:39] RUNNING batch=225 size=3
[2026-04-24 15:13:39] QUEUE product_id=99635 retry=0
[2026-04-24 15:13:39] ACQUIRED product_id=99635 retry=0
[2026-04-24 15:13:39] QUEUE product_id=110417 retry=0
[2026-04-24 15:13:39] QUEUE product_id=110875 retry=0
[2026-04-24 15:13:43] STATUS product_id=99635 status=403
[2026-04-24 15:13:43] RETRY product_id=99635 reason=status_403 sleep=4.15s
[2026-04-24 15:13:43] ACQUIRED product_id=110417 retry=0
[2026-04-24 15:13:47] QUEUE product_id=99635 retry=1
[2026-04-24 15:13:49] STATUS product_id=110417 status=200
[2026-04-24 15:13:49] ACQUIRED product_id=110875 retry=0
[2026-04-24 15:13:49] FINISHED product_id=110417 status=success
[2026-04-24 15:13:55] STATUS product_id=110875 status=200
[2026-04-24 15:13:55] ACQUIRED product_id=99635 retry=1
[2026-04-24 15:13:55] FINISHED product_id=110875 status=success
[2026-04-24 15:14:00] STATUS product_id=99635 status=403
[2026-04-24 15:14:00] FINISHED product_id=99635 status=failed
[2026-04-24 15:14:00] Batch 225: total=3, success=2, error=1, time=21.63s
[2026-04-24 15:14:04] RUNNING batch=226 size=3
[2026-04-24 15:14:04] QUEUE product_id=103301 retry=0
[2026-04-24 15:14:04] ACQUIRED product_id=103301 retry=0
[2026-04-24 15:14:04] QUEUE product_id=111401 retry=0
[2026-04-24 15:14:04] QUEUE product_id=102548 retry=0
[2026-04-24 15:14:07] STATUS product_id=103301 status=403
[2026-04-24 15:14:07] RETRY product_id=103301 reason=status_403 sleep=4.07s
[2026-04-24 15:14:07] ACQUIRED product_id=111401 retry=0
[2026-04-24 15:14:11] QUEUE product_id=103301 retry=1
[2026-04-24 15:14:12] STATUS product_id=111401 status=403
[2026-04-24 15:14:12] RETRY product_id=111401 reason=status_403 sleep=4.45s
[2026-04-24 15:14:12] ACQUIRED product_id=102548 retry=0
[2026-04-24 15:14:16] QUEUE product_id=111401 retry=1
[2026-04-24 15:14:16] STATUS product_id=102548 status=403
[2026-04-24 15:14:16] RETRY product_id=102548 reason=status_403 sleep=3.52s
[2026-04-24 15:14:16] ACQUIRED product_id=103301 retry=1
[2026-04-24 15:14:20] QUEUE product_id=102548 retry=1
[2026-04-24 15:14:21] STATUS product_id=103301 status=403
[2026-04-24 15:14:21] ACQUIRED product_id=111401 retry=1
[2026-04-24 15:14:21] FINISHED product_id=103301 status=failed
[2026-04-24 15:14:27] STATUS product_id=111401 status=200
[2026-04-24 15:14:27] ACQUIRED product_id=102548 retry=1
[2026-04-24 15:14:27] FINISHED product_id=111401 status=success
[2026-04-24 15:14:30] STATUS product_id=102548 status=403
[2026-04-24 15:14:30] FINISHED product_id=102548 status=failed
[2026-04-24 15:14:30] Batch 226: total=3, success=1, error=2, time=26.79s
[2026-04-24 15:14:33] RUNNING batch=227 size=3
[2026-04-24 15:14:33] QUEUE product_id=96565 retry=0
[2026-04-24 15:14:33] ACQUIRED product_id=96565 retry=0
[2026-04-24 15:14:33] QUEUE product_id=100197 retry=0
[2026-04-24 15:14:33] QUEUE product_id=105887 retry=0
[2026-04-24 15:14:40] STATUS product_id=96565 status=200
[2026-04-24 15:14:40] ACQUIRED product_id=100197 retry=0
[2026-04-24 15:14:40] FINISHED product_id=96565 status=success
[2026-04-24 15:14:45] STATUS product_id=100197 status=403
[2026-04-24 15:14:45] RETRY product_id=100197 reason=status_403 sleep=4.38s
[2026-04-24 15:14:45] ACQUIRED product_id=105887 retry=0
[2026-04-24 15:14:49] QUEUE product_id=100197 retry=1
[2026-04-24 15:14:51] STATUS product_id=105887 status=200
[2026-04-24 15:14:51] ACQUIRED product_id=100197 retry=1
[2026-04-24 15:14:51] FINISHED product_id=105887 status=success
[2026-04-24 15:14:56] STATUS product_id=100197 status=200
[2026-04-24 15:14:56] FINISHED product_id=100197 status=success
[2026-04-24 15:14:56] Batch 227: total=3, success=3, error=0, time=22.44s
[2026-04-24 15:15:00] RUNNING batch=228 size=3
[2026-04-24 15:15:00] QUEUE product_id=96315 retry=0
[2026-04-24 15:15:00] ACQUIRED product_id=96315 retry=0
[2026-04-24 15:15:00] QUEUE product_id=109495 retry=0
[2026-04-24 15:15:00] QUEUE product_id=100043 retry=0
[2026-04-24 15:15:03] STATUS product_id=96315 status=403
[2026-04-24 15:15:03] RETRY product_id=96315 reason=status_403 sleep=3.52s
[2026-04-24 15:15:03] ACQUIRED product_id=109495 retry=0
[2026-04-24 15:15:06] STATUS product_id=109495 status=403
[2026-04-24 15:15:06] RETRY product_id=109495 reason=status_403 sleep=4.49s
[2026-04-24 15:15:06] ACQUIRED product_id=100043 retry=0
[2026-04-24 15:15:07] QUEUE product_id=96315 retry=1
[2026-04-24 15:15:10] STATUS product_id=100043 status=403
[2026-04-24 15:15:10] RETRY product_id=100043 reason=status_403 sleep=4.14s
[2026-04-24 15:15:10] ACQUIRED product_id=96315 retry=1
[2026-04-24 15:15:11] QUEUE product_id=109495 retry=1
[2026-04-24 15:15:15] QUEUE product_id=100043 retry=1
[2026-04-24 15:15:17] STATUS product_id=96315 status=200
[2026-04-24 15:15:17] ACQUIRED product_id=109495 retry=1
[2026-04-24 15:15:17] FINISHED product_id=96315 status=success
[2026-04-24 15:15:23] STATUS product_id=109495 status=200
[2026-04-24 15:15:23] ACQUIRED product_id=100043 retry=1
[2026-04-24 15:15:23] FINISHED product_id=109495 status=success
[2026-04-24 15:15:28] STATUS product_id=100043 status=403
[2026-04-24 15:15:28] FINISHED product_id=100043 status=failed
[2026-04-24 15:15:28] Batch 228: total=3, success=2, error=1, time=28.08s
[2026-04-24 15:15:32] RUNNING batch=229 size=3
[2026-04-24 15:15:32] QUEUE product_id=96230 retry=0
[2026-04-24 15:15:32] ACQUIRED product_id=96230 retry=0
[2026-04-24 15:15:32] QUEUE product_id=93299 retry=0
[2026-04-24 15:15:32] QUEUE product_id=105900 retry=0
[2026-04-24 15:15:39] STATUS product_id=96230 status=200
[2026-04-24 15:15:39] ACQUIRED product_id=93299 retry=0
[2026-04-24 15:15:39] FINISHED product_id=96230 status=success
[2026-04-24 15:15:43] STATUS product_id=93299 status=403
[2026-04-24 15:15:43] RETRY product_id=93299 reason=status_403 sleep=4.33s
[2026-04-24 15:15:43] ACQUIRED product_id=105900 retry=0
[2026-04-24 15:15:46] STATUS product_id=105900 status=403
[2026-04-24 15:15:46] RETRY product_id=105900 reason=status_403 sleep=4.28s
[2026-04-24 15:15:47] QUEUE product_id=93299 retry=1
[2026-04-24 15:15:47] ACQUIRED product_id=93299 retry=1
[2026-04-24 15:15:50] QUEUE product_id=105900 retry=1
[2026-04-24 15:15:51] STATUS product_id=93299 status=403
[2026-04-24 15:15:51] ACQUIRED product_id=105900 retry=1
[2026-04-24 15:15:51] FINISHED product_id=93299 status=failed
[2026-04-24 15:15:55] STATUS product_id=105900 status=403
[2026-04-24 15:15:55] FINISHED product_id=105900 status=failed
[2026-04-24 15:15:55] Batch 229: total=3, success=1, error=2, time=22.04s
[2026-04-24 15:15:58] RUNNING batch=230 size=3
[2026-04-24 15:15:58] QUEUE product_id=102712 retry=0
[2026-04-24 15:15:58] ACQUIRED product_id=102712 retry=0
[2026-04-24 15:15:58] QUEUE product_id=93395 retry=0
[2026-04-24 15:15:58] QUEUE product_id=107743 retry=0
[2026-04-24 15:16:01] STATUS product_id=102712 status=403
[2026-04-24 15:16:01] RETRY product_id=102712 reason=status_403 sleep=3.52s
[2026-04-24 15:16:01] ACQUIRED product_id=93395 retry=0
[2026-04-24 15:16:04] QUEUE product_id=102712 retry=1
[2026-04-24 15:16:06] STATUS product_id=93395 status=403
[2026-04-24 15:16:06] RETRY product_id=93395 reason=status_403 sleep=3.60s
[2026-04-24 15:16:06] ACQUIRED product_id=107743 retry=0
[2026-04-24 15:16:09] QUEUE product_id=93395 retry=1
[2026-04-24 15:16:10] STATUS product_id=107743 status=403
[2026-04-24 15:16:10] RETRY product_id=107743 reason=status_403 sleep=4.34s
[2026-04-24 15:16:10] ACQUIRED product_id=102712 retry=1
[2026-04-24 15:16:13] STATUS product_id=102712 status=403
[2026-04-24 15:16:13] ACQUIRED product_id=93395 retry=1
[2026-04-24 15:16:13] FINISHED product_id=102712 status=failed
[2026-04-24 15:16:14] QUEUE product_id=107743 retry=1
[2026-04-24 15:16:18] STATUS product_id=93395 status=403
[2026-04-24 15:16:18] ACQUIRED product_id=107743 retry=1
[2026-04-24 15:16:18] FINISHED product_id=93395 status=failed
[2026-04-24 15:16:24] STATUS product_id=107743 status=200
[2026-04-24 15:16:24] FINISHED product_id=107743 status=success
[2026-04-24 15:16:24] Batch 230: total=3, success=1, error=2, time=25.88s
[2026-04-24 15:16:28] RUNNING batch=231 size=3
[2026-04-24 15:16:28] QUEUE product_id=87279 retry=0
[2026-04-24 15:16:28] ACQUIRED product_id=87279 retry=0
[2026-04-24 15:16:28] QUEUE product_id=101735 retry=0
[2026-04-24 15:16:28] QUEUE product_id=100913 retry=0
[2026-04-24 15:16:31] STATUS product_id=87279 status=403
[2026-04-24 15:16:31] RETRY product_id=87279 reason=status_403 sleep=4.41s
[2026-04-24 15:16:31] ACQUIRED product_id=101735 retry=0
[2026-04-24 15:16:35] STATUS product_id=101735 status=403
[2026-04-24 15:16:35] RETRY product_id=101735 reason=status_403 sleep=4.47s
[2026-04-24 15:16:35] ACQUIRED product_id=100913 retry=0
[2026-04-24 15:16:35] QUEUE product_id=87279 retry=1
[2026-04-24 15:16:38] STATUS product_id=100913 status=403
[2026-04-24 15:16:38] RETRY product_id=100913 reason=status_403 sleep=3.77s
[2026-04-24 15:16:38] ACQUIRED product_id=87279 retry=1
[2026-04-24 15:16:40] QUEUE product_id=101735 retry=1
[2026-04-24 15:16:42] QUEUE product_id=100913 retry=1
[2026-04-24 15:16:43] STATUS product_id=87279 status=200
[2026-04-24 15:16:43] ACQUIRED product_id=101735 retry=1
[2026-04-24 15:16:43] FINISHED product_id=87279 status=success
[2026-04-24 15:16:48] STATUS product_id=101735 status=200
[2026-04-24 15:16:48] ACQUIRED product_id=100913 retry=1
[2026-04-24 15:16:48] FINISHED product_id=101735 status=success
[2026-04-24 15:16:54] STATUS product_id=100913 status=200
[2026-04-24 15:16:54] FINISHED product_id=100913 status=success
[2026-04-24 15:16:54] Batch 231: total=3, success=3, error=0, time=26.14s
[2026-04-24 15:16:57] RUNNING batch=232 size=3
[2026-04-24 15:16:57] QUEUE product_id=97425 retry=0
[2026-04-24 15:16:57] ACQUIRED product_id=97425 retry=0
[2026-04-24 15:16:57] QUEUE product_id=106367 retry=0
[2026-04-24 15:16:57] QUEUE product_id=106732 retry=0
[2026-04-24 15:17:02] STATUS product_id=97425 status=404
[2026-04-24 15:17:02] ACQUIRED product_id=106367 retry=0
[2026-04-24 15:17:02] FINISHED product_id=97425 status=failed
[2026-04-24 15:17:05] STATUS product_id=106367 status=403
[2026-04-24 15:17:05] RETRY product_id=106367 reason=status_403 sleep=4.20s
[2026-04-24 15:17:05] ACQUIRED product_id=106732 retry=0
[2026-04-24 15:17:09] QUEUE product_id=106367 retry=1
[2026-04-24 15:17:09] STATUS product_id=106732 status=403
[2026-04-24 15:17:09] RETRY product_id=106732 reason=status_403 sleep=4.27s
[2026-04-24 15:17:09] ACQUIRED product_id=106367 retry=1
[2026-04-24 15:17:12] STATUS product_id=106367 status=403
[2026-04-24 15:17:12] FINISHED product_id=106367 status=failed
[2026-04-24 15:17:13] QUEUE product_id=106732 retry=1
[2026-04-24 15:17:13] ACQUIRED product_id=106732 retry=1
[2026-04-24 15:17:17] STATUS product_id=106732 status=403
[2026-04-24 15:17:17] FINISHED product_id=106732 status=failed
[2026-04-24 15:17:17] Batch 232: total=3, success=0, error=3, time=20.04s
[2026-04-24 15:17:22] RUNNING batch=233 size=3
[2026-04-24 15:17:22] QUEUE product_id=102597 retry=0
[2026-04-24 15:17:22] ACQUIRED product_id=102597 retry=0
[2026-04-24 15:17:22] QUEUE product_id=98612 retry=0
[2026-04-24 15:17:22] QUEUE product_id=98011 retry=0
[2026-04-24 15:17:27] STATUS product_id=102597 status=403
[2026-04-24 15:17:27] RETRY product_id=102597 reason=status_403 sleep=4.18s
[2026-04-24 15:17:27] ACQUIRED product_id=98612 retry=0
[2026-04-24 15:17:31] QUEUE product_id=102597 retry=1
[2026-04-24 15:17:31] STATUS product_id=98612 status=403
[2026-04-24 15:17:31] RETRY product_id=98612 reason=status_403 sleep=4.17s
[2026-04-24 15:17:31] ACQUIRED product_id=98011 retry=0
[2026-04-24 15:17:35] QUEUE product_id=98612 retry=1
[2026-04-24 15:17:37] STATUS product_id=98011 status=200
[2026-04-24 15:17:37] ACQUIRED product_id=102597 retry=1
[2026-04-24 15:17:37] FINISHED product_id=98011 status=success
[2026-04-24 15:17:42] STATUS product_id=102597 status=404
[2026-04-24 15:17:42] ACQUIRED product_id=98612 retry=1
[2026-04-24 15:17:42] FINISHED product_id=102597 status=failed
[2026-04-24 15:17:46] STATUS product_id=98612 status=403
[2026-04-24 15:17:46] FINISHED product_id=98612 status=failed
[2026-04-24 15:17:46] Batch 233: total=3, success=1, error=2, time=23.78s
[2026-04-24 15:17:50] RUNNING batch=234 size=3
[2026-04-24 15:17:50] QUEUE product_id=95433 retry=0
[2026-04-24 15:17:50] ACQUIRED product_id=95433 retry=0
[2026-04-24 15:17:50] QUEUE product_id=101783 retry=0
[2026-04-24 15:17:50] QUEUE product_id=88215 retry=0
[2026-04-24 15:17:54] STATUS product_id=95433 status=403
[2026-04-24 15:17:54] RETRY product_id=95433 reason=status_403 sleep=4.49s
[2026-04-24 15:17:54] ACQUIRED product_id=101783 retry=0
[2026-04-24 15:17:58] QUEUE product_id=95433 retry=1
[2026-04-24 15:17:59] STATUS product_id=101783 status=403
[2026-04-24 15:17:59] RETRY product_id=101783 reason=status_403 sleep=4.43s
[2026-04-24 15:17:59] ACQUIRED product_id=88215 retry=0
[2026-04-24 15:18:03] QUEUE product_id=101783 retry=1
[2026-04-24 15:18:04] STATUS product_id=88215 status=403
[2026-04-24 15:18:04] RETRY product_id=88215 reason=status_403 sleep=3.55s
[2026-04-24 15:18:04] ACQUIRED product_id=95433 retry=1
[2026-04-24 15:18:07] QUEUE product_id=88215 retry=1
[2026-04-24 15:18:08] STATUS product_id=95433 status=403
[2026-04-24 15:18:08] ACQUIRED product_id=101783 retry=1
[2026-04-24 15:18:08] FINISHED product_id=95433 status=failed
[2026-04-24 15:18:12] STATUS product_id=101783 status=403
[2026-04-24 15:18:12] ACQUIRED product_id=88215 retry=1
[2026-04-24 15:18:12] FINISHED product_id=101783 status=failed
[2026-04-24 15:18:17] STATUS product_id=88215 status=403
[2026-04-24 15:18:17] FINISHED product_id=88215 status=failed
[2026-04-24 15:18:17] Batch 234: total=3, success=0, error=3, time=26.66s
[2026-04-24 15:18:22] RUNNING batch=235 size=3
[2026-04-24 15:18:22] QUEUE product_id=108641 retry=0
[2026-04-24 15:18:22] ACQUIRED product_id=108641 retry=0
[2026-04-24 15:18:22] QUEUE product_id=85141 retry=0
[2026-04-24 15:18:22] QUEUE product_id=110367 retry=0
[2026-04-24 15:18:27] STATUS product_id=108641 status=404
[2026-04-24 15:18:27] ACQUIRED product_id=85141 retry=0
[2026-04-24 15:18:27] FINISHED product_id=108641 status=failed
[2026-04-24 15:18:32] STATUS product_id=85141 status=403
[2026-04-24 15:18:32] RETRY product_id=85141 reason=status_403 sleep=3.56s
[2026-04-24 15:18:32] ACQUIRED product_id=110367 retry=0
[2026-04-24 15:18:35] QUEUE product_id=85141 retry=1
[2026-04-24 15:18:35] STATUS product_id=110367 status=403
[2026-04-24 15:18:35] RETRY product_id=110367 reason=status_403 sleep=4.20s
[2026-04-24 15:18:35] ACQUIRED product_id=85141 retry=1
[2026-04-24 15:18:39] STATUS product_id=85141 status=403
[2026-04-24 15:18:39] FINISHED product_id=85141 status=failed
[2026-04-24 15:18:40] QUEUE product_id=110367 retry=1
[2026-04-24 15:18:40] ACQUIRED product_id=110367 retry=1
[2026-04-24 15:18:45] STATUS product_id=110367 status=200
[2026-04-24 15:18:45] FINISHED product_id=110367 status=success
[2026-04-24 15:18:45] Batch 235: total=3, success=1, error=2, time=22.95s
[2026-04-24 15:18:49] RUNNING batch=236 size=3
[2026-04-24 15:18:49] QUEUE product_id=100017 retry=0
[2026-04-24 15:18:49] ACQUIRED product_id=100017 retry=0
[2026-04-24 15:18:49] QUEUE product_id=108263 retry=0
[2026-04-24 15:18:49] QUEUE product_id=80330 retry=0
[2026-04-24 15:18:54] STATUS product_id=100017 status=200
[2026-04-24 15:18:54] ACQUIRED product_id=108263 retry=0
[2026-04-24 15:18:54] FINISHED product_id=100017 status=success
[2026-04-24 15:19:01] STATUS product_id=108263 status=200
[2026-04-24 15:19:01] ACQUIRED product_id=80330 retry=0
[2026-04-24 15:19:01] FINISHED product_id=108263 status=success
[2026-04-24 15:19:06] STATUS product_id=80330 status=403
[2026-04-24 15:19:06] RETRY product_id=80330 reason=status_403 sleep=4.48s
[2026-04-24 15:19:10] QUEUE product_id=80330 retry=1
[2026-04-24 15:19:10] ACQUIRED product_id=80330 retry=1
[2026-04-24 15:19:14] STATUS product_id=80330 status=403
[2026-04-24 15:19:14] FINISHED product_id=80330 status=failed
[2026-04-24 15:19:14] Batch 236: total=3, success=2, error=1, time=24.74s
[2026-04-24 15:19:19] RUNNING batch=237 size=3
[2026-04-24 15:19:19] QUEUE product_id=100951 retry=0
[2026-04-24 15:19:19] ACQUIRED product_id=100951 retry=0
[2026-04-24 15:19:19] QUEUE product_id=100243 retry=0
[2026-04-24 15:19:19] QUEUE product_id=101039 retry=0
[2026-04-24 15:19:23] STATUS product_id=100951 status=403
[2026-04-24 15:19:23] RETRY product_id=100951 reason=status_403 sleep=4.26s
[2026-04-24 15:19:23] ACQUIRED product_id=100243 retry=0
[2026-04-24 15:19:27] QUEUE product_id=100951 retry=1
[2026-04-24 15:19:28] STATUS product_id=100243 status=200
[2026-04-24 15:19:28] ACQUIRED product_id=101039 retry=0
[2026-04-24 15:19:28] FINISHED product_id=100243 status=success
[2026-04-24 15:19:34] STATUS product_id=101039 status=200
[2026-04-24 15:19:34] ACQUIRED product_id=100951 retry=1
[2026-04-24 15:19:34] FINISHED product_id=101039 status=success
[2026-04-24 15:19:38] STATUS product_id=100951 status=200
[2026-04-24 15:19:38] FINISHED product_id=100951 status=success
[2026-04-24 15:19:38] Batch 237: total=3, success=3, error=0, time=19.66s
[2026-04-24 15:19:43] RUNNING batch=238 size=3
[2026-04-24 15:19:43] QUEUE product_id=99789 retry=0
[2026-04-24 15:19:43] ACQUIRED product_id=99789 retry=0
[2026-04-24 15:19:43] QUEUE product_id=92449 retry=0
[2026-04-24 15:19:43] QUEUE product_id=102500 retry=0
[2026-04-24 15:19:47] STATUS product_id=99789 status=403
[2026-04-24 15:19:47] RETRY product_id=99789 reason=status_403 sleep=3.65s
[2026-04-24 15:19:47] ACQUIRED product_id=92449 retry=0
[2026-04-24 15:19:50] STATUS product_id=92449 status=403
[2026-04-24 15:19:50] RETRY product_id=92449 reason=status_403 sleep=4.30s
[2026-04-24 15:19:50] ACQUIRED product_id=102500 retry=0
[2026-04-24 15:19:51] QUEUE product_id=99789 retry=1
[2026-04-24 15:19:54] STATUS product_id=102500 status=403
[2026-04-24 15:19:54] RETRY product_id=102500 reason=status_403 sleep=4.40s
[2026-04-24 15:19:54] ACQUIRED product_id=99789 retry=1
[2026-04-24 15:19:55] QUEUE product_id=92449 retry=1
[2026-04-24 15:19:58] QUEUE product_id=102500 retry=1
[2026-04-24 15:20:00] STATUS product_id=99789 status=200
[2026-04-24 15:20:00] ACQUIRED product_id=92449 retry=1
[2026-04-24 15:20:00] FINISHED product_id=99789 status=success
[2026-04-24 15:20:05] STATUS product_id=92449 status=200
[2026-04-24 15:20:05] ACQUIRED product_id=102500 retry=1
[2026-04-24 15:20:05] FINISHED product_id=92449 status=success
[2026-04-24 15:20:10] STATUS product_id=102500 status=403
[2026-04-24 15:20:10] FINISHED product_id=102500 status=failed
[2026-04-24 15:20:10] Batch 238: total=3, success=2, error=1, time=26.36s
[2026-04-24 15:20:13] RUNNING batch=239 size=3
[2026-04-24 15:20:13] QUEUE product_id=102546 retry=0
[2026-04-24 15:20:13] ACQUIRED product_id=102546 retry=0
[2026-04-24 15:20:13] QUEUE product_id=85132 retry=0
[2026-04-24 15:20:13] QUEUE product_id=95483 retry=0
[2026-04-24 15:20:17] STATUS product_id=102546 status=404
[2026-04-24 15:20:17] ACQUIRED product_id=85132 retry=0
[2026-04-24 15:20:17] FINISHED product_id=102546 status=failed
[2026-04-24 15:20:23] STATUS product_id=85132 status=200
[2026-04-24 15:20:23] ACQUIRED product_id=95483 retry=0
[2026-04-24 15:20:23] FINISHED product_id=85132 status=success
[2026-04-24 15:20:29] STATUS product_id=95483 status=200
[2026-04-24 15:20:29] FINISHED product_id=95483 status=success
[2026-04-24 15:20:29] Batch 239: total=3, success=2, error=1, time=16.60s
[2026-04-24 15:20:33] RUNNING batch=240 size=3
[2026-04-24 15:20:33] QUEUE product_id=109496 retry=0
[2026-04-24 15:20:33] ACQUIRED product_id=109496 retry=0
[2026-04-24 15:20:33] QUEUE product_id=104111 retry=0
[2026-04-24 15:20:33] QUEUE product_id=97215 retry=0
[2026-04-24 15:20:36] STATUS product_id=109496 status=403
[2026-04-24 15:20:36] RETRY product_id=109496 reason=status_403 sleep=3.87s
[2026-04-24 15:20:36] ACQUIRED product_id=104111 retry=0
[2026-04-24 15:20:40] QUEUE product_id=109496 retry=1
[2026-04-24 15:20:40] STATUS product_id=104111 status=403
[2026-04-24 15:20:40] RETRY product_id=104111 reason=status_403 sleep=4.20s
[2026-04-24 15:20:40] ACQUIRED product_id=97215 retry=0
[2026-04-24 15:20:44] QUEUE product_id=104111 retry=1
[2026-04-24 15:20:46] STATUS product_id=97215 status=200
[2026-04-24 15:20:46] ACQUIRED product_id=109496 retry=1
[2026-04-24 15:20:46] FINISHED product_id=97215 status=success
[2026-04-24 15:20:50] STATUS product_id=109496 status=403
[2026-04-24 15:20:50] ACQUIRED product_id=104111 retry=1
[2026-04-24 15:20:50] FINISHED product_id=109496 status=failed
[2026-04-24 15:20:53] STATUS product_id=104111 status=403
[2026-04-24 15:20:53] FINISHED product_id=104111 status=failed
[2026-04-24 15:20:53] Batch 240: total=3, success=1, error=2, time=20.30s
[2026-04-24 15:20:57] RUNNING batch=241 size=3
[2026-04-24 15:20:57] QUEUE product_id=103975 retry=0
[2026-04-24 15:20:57] ACQUIRED product_id=103975 retry=0
[2026-04-24 15:20:57] QUEUE product_id=103972 retry=0
[2026-04-24 15:20:57] QUEUE product_id=91102 retry=0
[2026-04-24 15:21:00] STATUS product_id=103975 status=403
[2026-04-24 15:21:00] RETRY product_id=103975 reason=status_403 sleep=4.14s
[2026-04-24 15:21:00] ACQUIRED product_id=103972 retry=0
[2026-04-24 15:21:04] QUEUE product_id=103975 retry=1
[2026-04-24 15:21:06] STATUS product_id=103972 status=200
[2026-04-24 15:21:06] ACQUIRED product_id=91102 retry=0
[2026-04-24 15:21:06] FINISHED product_id=103972 status=success
[2026-04-24 15:21:10] STATUS product_id=91102 status=403
[2026-04-24 15:21:10] RETRY product_id=91102 reason=status_403 sleep=4.27s
[2026-04-24 15:21:10] ACQUIRED product_id=103975 retry=1
[2026-04-24 15:21:14] STATUS product_id=103975 status=403
[2026-04-24 15:21:14] FINISHED product_id=103975 status=failed
[2026-04-24 15:21:14] QUEUE product_id=91102 retry=1
[2026-04-24 15:21:14] ACQUIRED product_id=91102 retry=1
[2026-04-24 15:21:18] STATUS product_id=91102 status=403
[2026-04-24 15:21:18] FINISHED product_id=91102 status=failed
[2026-04-24 15:21:18] Batch 241: total=3, success=1, error=2, time=21.17s
[2026-04-24 15:21:22] RUNNING batch=242 size=3
[2026-04-24 15:21:22] QUEUE product_id=110872 retry=0
[2026-04-24 15:21:22] ACQUIRED product_id=110872 retry=0
[2026-04-24 15:21:22] QUEUE product_id=101178 retry=0
[2026-04-24 15:21:22] QUEUE product_id=103656 retry=0
[2026-04-24 15:21:27] STATUS product_id=110872 status=403
[2026-04-24 15:21:27] RETRY product_id=110872 reason=status_403 sleep=4.28s
[2026-04-24 15:21:27] ACQUIRED product_id=101178 retry=0
[2026-04-24 15:21:32] QUEUE product_id=110872 retry=1
[2026-04-24 15:21:32] STATUS product_id=101178 status=403
[2026-04-24 15:21:32] RETRY product_id=101178 reason=status_403 sleep=3.81s
[2026-04-24 15:21:32] ACQUIRED product_id=103656 retry=0
[2026-04-24 15:21:36] QUEUE product_id=101178 retry=1
[2026-04-24 15:21:37] STATUS product_id=103656 status=200
[2026-04-24 15:21:37] ACQUIRED product_id=110872 retry=1
[2026-04-24 15:21:37] FINISHED product_id=103656 status=success
[2026-04-24 15:21:41] STATUS product_id=110872 status=403
[2026-04-24 15:21:41] ACQUIRED product_id=101178 retry=1
[2026-04-24 15:21:41] FINISHED product_id=110872 status=failed
[2026-04-24 15:21:45] STATUS product_id=101178 status=403
[2026-04-24 15:21:45] FINISHED product_id=101178 status=failed
[2026-04-24 15:21:45] Batch 242: total=3, success=1, error=2, time=22.54s
[2026-04-24 15:21:48] RUNNING batch=243 size=3
[2026-04-24 15:21:48] QUEUE product_id=101547 retry=0
[2026-04-24 15:21:48] ACQUIRED product_id=101547 retry=0
[2026-04-24 15:21:48] QUEUE product_id=101179 retry=0
[2026-04-24 15:21:48] QUEUE product_id=92200 retry=0
[2026-04-24 15:21:54] STATUS product_id=101547 status=200
[2026-04-24 15:21:54] ACQUIRED product_id=101179 retry=0
[2026-04-24 15:21:54] FINISHED product_id=101547 status=success
[2026-04-24 15:21:59] STATUS product_id=101179 status=200
[2026-04-24 15:21:59] ACQUIRED product_id=92200 retry=0
[2026-04-24 15:21:59] FINISHED product_id=101179 status=success
[2026-04-24 15:22:04] STATUS product_id=92200 status=200
[2026-04-24 15:22:04] FINISHED product_id=92200 status=success
[2026-04-24 15:22:04] Batch 243: total=3, success=3, error=0, time=16.34s
[2026-04-24 15:22:09] RUNNING batch=244 size=3
[2026-04-24 15:22:09] QUEUE product_id=90337 retry=0
[2026-04-24 15:22:09] ACQUIRED product_id=90337 retry=0
[2026-04-24 15:22:09] QUEUE product_id=105120 retry=0
[2026-04-24 15:22:09] QUEUE product_id=101278 retry=0
[2026-04-24 15:22:14] STATUS product_id=90337 status=200
[2026-04-24 15:22:14] ACQUIRED product_id=105120 retry=0
[2026-04-24 15:22:14] FINISHED product_id=90337 status=success
[2026-04-24 15:22:18] STATUS product_id=105120 status=403
[2026-04-24 15:22:18] RETRY product_id=105120 reason=status_403 sleep=4.50s
[2026-04-24 15:22:18] ACQUIRED product_id=101278 retry=0
[2026-04-24 15:22:23] QUEUE product_id=105120 retry=1
[2026-04-24 15:22:23] STATUS product_id=101278 status=200
[2026-04-24 15:22:23] ACQUIRED product_id=105120 retry=1
[2026-04-24 15:22:23] FINISHED product_id=101278 status=success
[2026-04-24 15:22:26] STATUS product_id=105120 status=403
[2026-04-24 15:22:26] FINISHED product_id=105120 status=failed
[2026-04-24 15:22:26] Batch 244: total=3, success=2, error=1, time=17.32s
[2026-04-24 15:22:31] RUNNING batch=245 size=3
[2026-04-24 15:22:31] QUEUE product_id=94781 retry=0
[2026-04-24 15:22:31] ACQUIRED product_id=94781 retry=0
[2026-04-24 15:22:31] QUEUE product_id=88729 retry=0
[2026-04-24 15:22:31] QUEUE product_id=98056 retry=0
[2026-04-24 15:22:37] STATUS product_id=94781 status=200
[2026-04-24 15:22:37] ACQUIRED product_id=88729 retry=0
[2026-04-24 15:22:37] FINISHED product_id=94781 status=success
[2026-04-24 15:22:40] STATUS product_id=88729 status=403
[2026-04-24 15:22:40] RETRY product_id=88729 reason=status_403 sleep=4.38s
[2026-04-24 15:22:40] ACQUIRED product_id=98056 retry=0
[2026-04-24 15:22:45] QUEUE product_id=88729 retry=1
[2026-04-24 15:22:46] STATUS product_id=98056 status=200
[2026-04-24 15:22:46] ACQUIRED product_id=88729 retry=1
[2026-04-24 15:22:46] FINISHED product_id=98056 status=success
[2026-04-24 15:22:51] STATUS product_id=88729 status=404
[2026-04-24 15:22:51] FINISHED product_id=88729 status=failed
[2026-04-24 15:22:51] Batch 245: total=3, success=2, error=1, time=20.42s
[2026-04-24 15:22:56] RUNNING batch=246 size=3
[2026-04-24 15:22:56] QUEUE product_id=104816 retry=0
[2026-04-24 15:22:56] ACQUIRED product_id=104816 retry=0
[2026-04-24 15:22:56] QUEUE product_id=110271 retry=0
[2026-04-24 15:22:56] QUEUE product_id=110304 retry=0
[2026-04-24 15:23:00] STATUS product_id=104816 status=403
[2026-04-24 15:23:00] RETRY product_id=104816 reason=status_403 sleep=3.53s
[2026-04-24 15:23:00] ACQUIRED product_id=110271 retry=0
[2026-04-24 15:23:04] QUEUE product_id=104816 retry=1
[2026-04-24 15:23:05] STATUS product_id=110271 status=403
[2026-04-24 15:23:05] RETRY product_id=110271 reason=status_403 sleep=4.15s
[2026-04-24 15:23:05] ACQUIRED product_id=110304 retry=0
[2026-04-24 15:23:08] STATUS product_id=110304 status=403
[2026-04-24 15:23:08] RETRY product_id=110304 reason=status_403 sleep=4.02s
[2026-04-24 15:23:08] ACQUIRED product_id=104816 retry=1
[2026-04-24 15:23:09] QUEUE product_id=110271 retry=1
[2026-04-24 15:23:12] STATUS product_id=104816 status=403
[2026-04-24 15:23:12] ACQUIRED product_id=110271 retry=1
[2026-04-24 15:23:12] FINISHED product_id=104816 status=failed
[2026-04-24 15:23:12] QUEUE product_id=110304 retry=1
[2026-04-24 15:23:16] STATUS product_id=110271 status=404
[2026-04-24 15:23:16] ACQUIRED product_id=110304 retry=1
[2026-04-24 15:23:16] FINISHED product_id=110271 status=failed
[2026-04-24 15:23:22] STATUS product_id=110304 status=404
[2026-04-24 15:23:22] FINISHED product_id=110304 status=failed
[2026-04-24 15:23:22] Batch 246: total=3, success=0, error=3, time=25.98s
[2026-04-24 15:23:26] RUNNING batch=247 size=3
[2026-04-24 15:23:26] QUEUE product_id=101349 retry=0
[2026-04-24 15:23:26] ACQUIRED product_id=101349 retry=0
[2026-04-24 15:23:26] QUEUE product_id=100210 retry=0
[2026-04-24 15:23:26] QUEUE product_id=101259 retry=0
[2026-04-24 15:23:31] STATUS product_id=101349 status=200
[2026-04-24 15:23:31] ACQUIRED product_id=100210 retry=0
[2026-04-24 15:23:31] FINISHED product_id=101349 status=success
[2026-04-24 15:23:36] STATUS product_id=100210 status=403
[2026-04-24 15:23:36] RETRY product_id=100210 reason=status_403 sleep=4.11s
[2026-04-24 15:23:36] ACQUIRED product_id=101259 retry=0
[2026-04-24 15:23:41] QUEUE product_id=100210 retry=1
[2026-04-24 15:23:41] STATUS product_id=101259 status=200
[2026-04-24 15:23:41] ACQUIRED product_id=100210 retry=1
[2026-04-24 15:23:41] FINISHED product_id=101259 status=success
[2026-04-24 15:23:46] STATUS product_id=100210 status=403
[2026-04-24 15:23:46] FINISHED product_id=100210 status=failed
[2026-04-24 15:23:46] Batch 247: total=3, success=2, error=1, time=20.37s
[2026-04-24 15:23:50] RUNNING batch=248 size=3
[2026-04-24 15:23:50] QUEUE product_id=87095 retry=0
[2026-04-24 15:23:50] ACQUIRED product_id=87095 retry=0
[2026-04-24 15:23:50] QUEUE product_id=95743 retry=0
[2026-04-24 15:23:50] QUEUE product_id=96959 retry=0
[2026-04-24 15:23:55] STATUS product_id=87095 status=200
[2026-04-24 15:23:55] ACQUIRED product_id=95743 retry=0
[2026-04-24 15:23:55] FINISHED product_id=87095 status=success
[2026-04-24 15:24:00] STATUS product_id=95743 status=403
[2026-04-24 15:24:00] RETRY product_id=95743 reason=status_403 sleep=3.55s
[2026-04-24 15:24:00] ACQUIRED product_id=96959 retry=0
[2026-04-24 15:24:03] QUEUE product_id=95743 retry=1
[2026-04-24 15:24:06] STATUS product_id=96959 status=200
[2026-04-24 15:24:06] ACQUIRED product_id=95743 retry=1
[2026-04-24 15:24:06] FINISHED product_id=96959 status=success
[2026-04-24 15:24:09] STATUS product_id=95743 status=403
[2026-04-24 15:24:09] FINISHED product_id=95743 status=failed
[2026-04-24 15:24:09] Batch 248: total=3, success=2, error=1, time=19.54s
[2026-04-24 15:24:14] RUNNING batch=249 size=3
[2026-04-24 15:24:14] QUEUE product_id=95919 retry=0
[2026-04-24 15:24:14] ACQUIRED product_id=95919 retry=0
[2026-04-24 15:24:14] QUEUE product_id=106801 retry=0
[2026-04-24 15:24:14] QUEUE product_id=106400 retry=0
[2026-04-24 15:24:19] STATUS product_id=95919 status=403
[2026-04-24 15:24:19] RETRY product_id=95919 reason=status_403 sleep=4.26s
[2026-04-24 15:24:19] ACQUIRED product_id=106801 retry=0
[2026-04-24 15:24:23] STATUS product_id=106801 status=403
[2026-04-24 15:24:23] RETRY product_id=106801 reason=status_403 sleep=3.98s
[2026-04-24 15:24:23] ACQUIRED product_id=106400 retry=0
[2026-04-24 15:24:23] QUEUE product_id=95919 retry=1
[2026-04-24 15:24:27] STATUS product_id=106400 status=403
[2026-04-24 15:24:27] RETRY product_id=106400 reason=status_403 sleep=3.60s
[2026-04-24 15:24:27] ACQUIRED product_id=95919 retry=1
[2026-04-24 15:24:27] QUEUE product_id=106801 retry=1
[2026-04-24 15:24:30] QUEUE product_id=106400 retry=1
[2026-04-24 15:24:31] STATUS product_id=95919 status=403
[2026-04-24 15:24:31] ACQUIRED product_id=106801 retry=1
[2026-04-24 15:24:31] FINISHED product_id=95919 status=failed
[2026-04-24 15:24:35] STATUS product_id=106801 status=403
[2026-04-24 15:24:35] ACQUIRED product_id=106400 retry=1
[2026-04-24 15:24:35] FINISHED product_id=106801 status=failed
[2026-04-24 15:24:40] STATUS product_id=106400 status=403
[2026-04-24 15:24:40] FINISHED product_id=106400 status=failed
[2026-04-24 15:24:40] Batch 249: total=3, success=0, error=3, time=25.49s
[2026-04-24 15:24:43] RUNNING batch=250 size=3
[2026-04-24 15:24:43] QUEUE product_id=90722 retry=0
[2026-04-24 15:24:43] ACQUIRED product_id=90722 retry=0
[2026-04-24 15:24:43] QUEUE product_id=89011 retry=0
[2026-04-24 15:24:43] QUEUE product_id=101127 retry=0
[2026-04-24 15:24:50] STATUS product_id=90722 status=200
[2026-04-24 15:24:50] ACQUIRED product_id=89011 retry=0
[2026-04-24 15:24:50] FINISHED product_id=90722 status=success
[2026-04-24 15:24:54] STATUS product_id=89011 status=403
[2026-04-24 15:24:54] RETRY product_id=89011 reason=status_403 sleep=4.48s
[2026-04-24 15:24:54] ACQUIRED product_id=101127 retry=0
[2026-04-24 15:24:59] QUEUE product_id=89011 retry=1
[2026-04-24 15:25:00] STATUS product_id=101127 status=200
[2026-04-24 15:25:00] ACQUIRED product_id=89011 retry=1
[2026-04-24 15:25:00] FINISHED product_id=101127 status=success
[2026-04-24 15:25:06] STATUS product_id=89011 status=200
[2026-04-24 15:25:06] FINISHED product_id=89011 status=success
[2026-04-24 15:25:06] Batch 250: total=3, success=3, error=0, time=23.14s
[2026-04-24 15:25:11] RUNNING batch=251 size=3
[2026-04-24 15:25:11] QUEUE product_id=85233 retry=0
[2026-04-24 15:25:11] ACQUIRED product_id=85233 retry=0
[2026-04-24 15:25:11] QUEUE product_id=110332 retry=0
[2026-04-24 15:25:11] QUEUE product_id=97555 retry=0
[2026-04-24 15:25:15] STATUS product_id=85233 status=403
[2026-04-24 15:25:15] RETRY product_id=85233 reason=status_403 sleep=3.52s
[2026-04-24 15:25:15] ACQUIRED product_id=110332 retry=0
[2026-04-24 15:25:19] QUEUE product_id=85233 retry=1
[2026-04-24 15:25:19] STATUS product_id=110332 status=404
[2026-04-24 15:25:19] ACQUIRED product_id=97555 retry=0
[2026-04-24 15:25:19] FINISHED product_id=110332 status=failed
[2026-04-24 15:25:26] STATUS product_id=97555 status=200
[2026-04-24 15:25:26] ACQUIRED product_id=85233 retry=1
[2026-04-24 15:25:26] FINISHED product_id=97555 status=success
[2026-04-24 15:25:31] STATUS product_id=85233 status=200
[2026-04-24 15:25:31] FINISHED product_id=85233 status=success
[2026-04-24 15:25:31] Batch 251: total=3, success=2, error=1, time=20.02s
[2026-04-24 15:25:35] RUNNING batch=252 size=3
[2026-04-24 15:25:35] QUEUE product_id=88922 retry=0
[2026-04-24 15:25:35] ACQUIRED product_id=88922 retry=0
[2026-04-24 15:25:35] QUEUE product_id=110288 retry=0
[2026-04-24 15:25:35] QUEUE product_id=85077 retry=0
[2026-04-24 15:25:38] STATUS product_id=88922 status=403
[2026-04-24 15:25:38] RETRY product_id=88922 reason=status_403 sleep=3.89s
[2026-04-24 15:25:38] ACQUIRED product_id=110288 retry=0
[2026-04-24 15:25:42] QUEUE product_id=88922 retry=1
[2026-04-24 15:25:43] STATUS product_id=110288 status=403
[2026-04-24 15:25:43] RETRY product_id=110288 reason=status_403 sleep=4.26s
[2026-04-24 15:25:43] ACQUIRED product_id=85077 retry=0
[2026-04-24 15:25:47] STATUS product_id=85077 status=403
[2026-04-24 15:25:47] RETRY product_id=85077 reason=status_403 sleep=3.70s
[2026-04-24 15:25:47] ACQUIRED product_id=88922 retry=1
[2026-04-24 15:25:47] QUEUE product_id=110288 retry=1
[2026-04-24 15:25:50] STATUS product_id=88922 status=403
[2026-04-24 15:25:50] ACQUIRED product_id=110288 retry=1
[2026-04-24 15:25:50] FINISHED product_id=88922 status=failed
[2026-04-24 15:25:51] QUEUE product_id=85077 retry=1
[2026-04-24 15:25:55] STATUS product_id=110288 status=403
[2026-04-24 15:25:55] ACQUIRED product_id=85077 retry=1
[2026-04-24 15:25:55] FINISHED product_id=110288 status=failed
[2026-04-24 15:26:00] STATUS product_id=85077 status=200
[2026-04-24 15:26:00] FINISHED product_id=85077 status=success
[2026-04-24 15:26:00] Batch 252: total=3, success=1, error=2, time=24.62s
[2026-04-24 15:26:03] RUNNING batch=253 size=3
[2026-04-24 15:26:03] QUEUE product_id=96822 retry=0
[2026-04-24 15:26:03] ACQUIRED product_id=96822 retry=0
[2026-04-24 15:26:03] QUEUE product_id=109057 retry=0
[2026-04-24 15:26:03] QUEUE product_id=89009 retry=0
[2026-04-24 15:26:06] STATUS product_id=96822 status=403
[2026-04-24 15:26:06] RETRY product_id=96822 reason=status_403 sleep=3.88s
[2026-04-24 15:26:06] ACQUIRED product_id=109057 retry=0
[2026-04-24 15:26:10] STATUS product_id=109057 status=403
[2026-04-24 15:26:10] RETRY product_id=109057 reason=status_403 sleep=3.97s
[2026-04-24 15:26:10] ACQUIRED product_id=89009 retry=0
[2026-04-24 15:26:10] QUEUE product_id=96822 retry=1
[2026-04-24 15:26:14] QUEUE product_id=109057 retry=1
[2026-04-24 15:26:15] STATUS product_id=89009 status=200
[2026-04-24 15:26:15] ACQUIRED product_id=96822 retry=1
[2026-04-24 15:26:15] FINISHED product_id=89009 status=success
[2026-04-24 15:26:20] STATUS product_id=96822 status=403
[2026-04-24 15:26:20] ACQUIRED product_id=109057 retry=1
[2026-04-24 15:26:20] FINISHED product_id=96822 status=failed
[2026-04-24 15:26:25] STATUS product_id=109057 status=403
[2026-04-24 15:26:25] FINISHED product_id=109057 status=failed
[2026-04-24 15:26:25] Batch 253: total=3, success=1, error=2, time=21.95s
[2026-04-24 15:26:29] RUNNING batch=254 size=3
[2026-04-24 15:26:29] QUEUE product_id=97170 retry=0
[2026-04-24 15:26:29] ACQUIRED product_id=97170 retry=0
[2026-04-24 15:26:29] QUEUE product_id=85076 retry=0
[2026-04-24 15:26:29] QUEUE product_id=104291 retry=0
[2026-04-24 15:26:35] STATUS product_id=97170 status=200
[2026-04-24 15:26:35] ACQUIRED product_id=85076 retry=0
[2026-04-24 15:26:35] FINISHED product_id=97170 status=success
[2026-04-24 15:26:40] STATUS product_id=85076 status=200
[2026-04-24 15:26:40] ACQUIRED product_id=104291 retry=0
[2026-04-24 15:26:40] FINISHED product_id=85076 status=success
[2026-04-24 15:26:43] STATUS product_id=104291 status=403
[2026-04-24 15:26:43] RETRY product_id=104291 reason=status_403 sleep=4.38s
[2026-04-24 15:26:48] QUEUE product_id=104291 retry=1
[2026-04-24 15:26:48] ACQUIRED product_id=104291 retry=1
[2026-04-24 15:26:51] STATUS product_id=104291 status=403
[2026-04-24 15:26:51] FINISHED product_id=104291 status=failed
[2026-04-24 15:26:51] Batch 254: total=3, success=2, error=1, time=22.47s
[2026-04-24 15:26:56] RUNNING batch=255 size=3
[2026-04-24 15:26:56] QUEUE product_id=99181 retry=0
[2026-04-24 15:26:56] ACQUIRED product_id=99181 retry=0
[2026-04-24 15:26:56] QUEUE product_id=93449 retry=0
[2026-04-24 15:26:56] QUEUE product_id=102608 retry=0
[2026-04-24 15:27:00] STATUS product_id=99181 status=403
[2026-04-24 15:27:00] RETRY product_id=99181 reason=status_403 sleep=4.05s
[2026-04-24 15:27:00] ACQUIRED product_id=93449 retry=0
[2026-04-24 15:27:04] QUEUE product_id=99181 retry=1
[2026-04-24 15:27:06] STATUS product_id=93449 status=200
[2026-04-24 15:27:06] ACQUIRED product_id=102608 retry=0
[2026-04-24 15:27:06] FINISHED product_id=93449 status=success
[2026-04-24 15:27:11] STATUS product_id=102608 status=404
[2026-04-24 15:27:11] ACQUIRED product_id=99181 retry=1
[2026-04-24 15:27:11] FINISHED product_id=102608 status=failed
[2026-04-24 15:27:15] STATUS product_id=99181 status=403
[2026-04-24 15:27:15] FINISHED product_id=99181 status=failed
[2026-04-24 15:27:15] Batch 255: total=3, success=1, error=2, time=18.85s
[2026-04-24 15:27:20] RUNNING batch=256 size=3
[2026-04-24 15:27:20] QUEUE product_id=96131 retry=0
[2026-04-24 15:27:20] ACQUIRED product_id=96131 retry=0
[2026-04-24 15:27:20] QUEUE product_id=102471 retry=0
[2026-04-24 15:27:20] QUEUE product_id=96180 retry=0
[2026-04-24 15:27:24] STATUS product_id=96131 status=403
[2026-04-24 15:27:24] RETRY product_id=96131 reason=status_403 sleep=4.31s
[2026-04-24 15:27:24] ACQUIRED product_id=102471 retry=0
[2026-04-24 15:27:27] STATUS product_id=102471 status=403
[2026-04-24 15:27:27] RETRY product_id=102471 reason=status_403 sleep=4.27s
[2026-04-24 15:27:27] ACQUIRED product_id=96180 retry=0
[2026-04-24 15:27:28] QUEUE product_id=96131 retry=1
[2026-04-24 15:27:31] QUEUE product_id=102471 retry=1
[2026-04-24 15:27:32] STATUS product_id=96180 status=200
[2026-04-24 15:27:32] ACQUIRED product_id=96131 retry=1
[2026-04-24 15:27:32] FINISHED product_id=96180 status=success
[2026-04-24 15:27:37] STATUS product_id=96131 status=200
[2026-04-24 15:27:37] ACQUIRED product_id=102471 retry=1
[2026-04-24 15:27:37] FINISHED product_id=96131 status=success
[2026-04-24 15:27:41] STATUS product_id=102471 status=403
[2026-04-24 15:27:41] FINISHED product_id=102471 status=failed
[2026-04-24 15:27:41] Batch 256: total=3, success=2, error=1, time=20.87s
[2026-04-24 15:27:44] RUNNING batch=257 size=3
[2026-04-24 15:27:44] QUEUE product_id=110704 retry=0
[2026-04-24 15:27:44] ACQUIRED product_id=110704 retry=0
[2026-04-24 15:27:44] QUEUE product_id=98273 retry=0
[2026-04-24 15:27:44] QUEUE product_id=103007 retry=0
[2026-04-24 15:27:48] STATUS product_id=110704 status=403
[2026-04-24 15:27:48] RETRY product_id=110704 reason=status_403 sleep=3.60s
[2026-04-24 15:27:48] ACQUIRED product_id=98273 retry=0
[2026-04-24 15:27:52] QUEUE product_id=110704 retry=1
[2026-04-24 15:27:54] STATUS product_id=98273 status=200
[2026-04-24 15:27:54] ACQUIRED product_id=103007 retry=0
[2026-04-24 15:27:54] FINISHED product_id=98273 status=success
[2026-04-24 15:27:59] STATUS product_id=103007 status=200
[2026-04-24 15:27:59] ACQUIRED product_id=110704 retry=1
[2026-04-24 15:27:59] FINISHED product_id=103007 status=success
[2026-04-24 15:28:04] STATUS product_id=110704 status=200
[2026-04-24 15:28:04] FINISHED product_id=110704 status=success
[2026-04-24 15:28:04] Batch 257: total=3, success=3, error=0, time=19.58s
[2026-04-24 15:28:07] RUNNING batch=258 size=3
[2026-04-24 15:28:07] QUEUE product_id=107270 retry=0
[2026-04-24 15:28:07] ACQUIRED product_id=107270 retry=0
[2026-04-24 15:28:07] QUEUE product_id=102615 retry=0
[2026-04-24 15:28:07] QUEUE product_id=107905 retry=0
[2026-04-24 15:28:10] STATUS product_id=107270 status=403
[2026-04-24 15:28:10] RETRY product_id=107270 reason=status_403 sleep=4.20s
[2026-04-24 15:28:10] ACQUIRED product_id=102615 retry=0
[2026-04-24 15:28:13] STATUS product_id=102615 status=403
[2026-04-24 15:28:13] RETRY product_id=102615 reason=status_403 sleep=4.20s
[2026-04-24 15:28:13] ACQUIRED product_id=107905 retry=0
[2026-04-24 15:28:14] QUEUE product_id=107270 retry=1
[2026-04-24 15:28:17] STATUS product_id=107905 status=403
[2026-04-24 15:28:17] RETRY product_id=107905 reason=status_403 sleep=4.48s
[2026-04-24 15:28:17] ACQUIRED product_id=107270 retry=1
[2026-04-24 15:28:18] QUEUE product_id=102615 retry=1
[2026-04-24 15:28:22] QUEUE product_id=107905 retry=1
[2026-04-24 15:28:23] STATUS product_id=107270 status=200
[2026-04-24 15:28:23] ACQUIRED product_id=102615 retry=1
[2026-04-24 15:28:23] FINISHED product_id=107270 status=success
[2026-04-24 15:28:28] STATUS product_id=102615 status=403
[2026-04-24 15:28:28] ACQUIRED product_id=107905 retry=1
[2026-04-24 15:28:28] FINISHED product_id=102615 status=failed
[2026-04-24 15:28:34] STATUS product_id=107905 status=200
[2026-04-24 15:28:34] FINISHED product_id=107905 status=success
[2026-04-24 15:28:34] Batch 258: total=3, success=2, error=1, time=27.41s
[2026-04-24 15:28:38] RUNNING batch=259 size=3
[2026-04-24 15:28:38] QUEUE product_id=90506 retry=0
[2026-04-24 15:28:38] ACQUIRED product_id=90506 retry=0
[2026-04-24 15:28:38] QUEUE product_id=100196 retry=0
[2026-04-24 15:28:38] QUEUE product_id=103103 retry=0
[2026-04-24 15:28:42] STATUS product_id=90506 status=403
[2026-04-24 15:28:42] RETRY product_id=90506 reason=status_403 sleep=3.98s
[2026-04-24 15:28:42] ACQUIRED product_id=100196 retry=0
[2026-04-24 15:28:46] QUEUE product_id=90506 retry=1
[2026-04-24 15:28:47] STATUS product_id=100196 status=200
[2026-04-24 15:28:47] ACQUIRED product_id=103103 retry=0
[2026-04-24 15:28:47] FINISHED product_id=100196 status=success
[2026-04-24 15:28:52] STATUS product_id=103103 status=200
[2026-04-24 15:28:52] ACQUIRED product_id=90506 retry=1
[2026-04-24 15:28:52] FINISHED product_id=103103 status=success
[2026-04-24 15:28:56] STATUS product_id=90506 status=403
[2026-04-24 15:28:56] FINISHED product_id=90506 status=failed
[2026-04-24 15:28:56] Batch 259: total=3, success=2, error=1, time=17.98s
[2026-04-24 15:29:01] RUNNING batch=260 size=3
[2026-04-24 15:29:01] QUEUE product_id=85828 retry=0
[2026-04-24 15:29:01] ACQUIRED product_id=85828 retry=0
[2026-04-24 15:29:01] QUEUE product_id=101593 retry=0
[2026-04-24 15:29:01] QUEUE product_id=103101 retry=0
[2026-04-24 15:29:05] STATUS product_id=85828 status=403
[2026-04-24 15:29:05] RETRY product_id=85828 reason=status_403 sleep=3.74s
[2026-04-24 15:29:05] ACQUIRED product_id=101593 retry=0
[2026-04-24 15:29:08] STATUS product_id=101593 status=403
[2026-04-24 15:29:08] RETRY product_id=101593 reason=status_403 sleep=3.72s
[2026-04-24 15:29:08] ACQUIRED product_id=103101 retry=0
[2026-04-24 15:29:09] QUEUE product_id=85828 retry=1
[2026-04-24 15:29:12] QUEUE product_id=101593 retry=1
[2026-04-24 15:29:15] STATUS product_id=103101 status=200
[2026-04-24 15:29:15] ACQUIRED product_id=85828 retry=1
[2026-04-24 15:29:15] FINISHED product_id=103101 status=success
[2026-04-24 15:29:19] STATUS product_id=85828 status=403
[2026-04-24 15:29:19] ACQUIRED product_id=101593 retry=1
[2026-04-24 15:29:19] FINISHED product_id=85828 status=failed
[2026-04-24 15:29:24] STATUS product_id=101593 status=200
[2026-04-24 15:29:24] FINISHED product_id=101593 status=success
[2026-04-24 15:29:24] Batch 260: total=3, success=2, error=1, time=23.33s
[2026-04-24 15:29:28] RUNNING batch=261 size=3
[2026-04-24 15:29:28] QUEUE product_id=96927 retry=0
[2026-04-24 15:29:28] ACQUIRED product_id=96927 retry=0
[2026-04-24 15:29:28] QUEUE product_id=102975 retry=0
[2026-04-24 15:29:28] QUEUE product_id=95803 retry=0
[2026-04-24 15:29:34] STATUS product_id=96927 status=200
[2026-04-24 15:29:34] ACQUIRED product_id=102975 retry=0
[2026-04-24 15:29:34] FINISHED product_id=96927 status=success
[2026-04-24 15:29:40] STATUS product_id=102975 status=200
[2026-04-24 15:29:40] ACQUIRED product_id=95803 retry=0
[2026-04-24 15:29:40] FINISHED product_id=102975 status=success
[2026-04-24 15:29:44] STATUS product_id=95803 status=403
[2026-04-24 15:29:44] RETRY product_id=95803 reason=status_403 sleep=3.98s
[2026-04-24 15:29:48] QUEUE product_id=95803 retry=1
[2026-04-24 15:29:48] ACQUIRED product_id=95803 retry=1
[2026-04-24 15:29:53] STATUS product_id=95803 status=403
[2026-04-24 15:29:53] FINISHED product_id=95803 status=failed
[2026-04-24 15:29:53] Batch 261: total=3, success=2, error=1, time=24.81s
[2026-04-24 15:29:56] RUNNING batch=262 size=3
[2026-04-24 15:29:56] QUEUE product_id=96139 retry=0
[2026-04-24 15:29:56] ACQUIRED product_id=96139 retry=0
[2026-04-24 15:29:56] QUEUE product_id=96194 retry=0
[2026-04-24 15:29:56] QUEUE product_id=92067 retry=0
[2026-04-24 15:30:00] STATUS product_id=96139 status=403
[2026-04-24 15:30:00] RETRY product_id=96139 reason=status_403 sleep=4.07s
[2026-04-24 15:30:00] ACQUIRED product_id=96194 retry=0
[2026-04-24 15:30:04] QUEUE product_id=96139 retry=1
[2026-04-24 15:30:05] STATUS product_id=96194 status=200
[2026-04-24 15:30:05] ACQUIRED product_id=92067 retry=0
[2026-04-24 15:30:05] FINISHED product_id=96194 status=success
[2026-04-24 15:30:09] STATUS product_id=92067 status=403
[2026-04-24 15:30:09] RETRY product_id=92067 reason=status_403 sleep=4.25s
[2026-04-24 15:30:09] ACQUIRED product_id=96139 retry=1
[2026-04-24 15:30:13] STATUS product_id=96139 status=403
[2026-04-24 15:30:13] FINISHED product_id=96139 status=failed
[2026-04-24 15:30:13] QUEUE product_id=92067 retry=1
[2026-04-24 15:30:13] ACQUIRED product_id=92067 retry=1
[2026-04-24 15:30:17] STATUS product_id=92067 status=403
[2026-04-24 15:30:17] FINISHED product_id=92067 status=failed
[2026-04-24 15:30:17] Batch 262: total=3, success=1, error=2, time=21.10s
[2026-04-24 15:30:22] RUNNING batch=263 size=3
[2026-04-24 15:30:22] QUEUE product_id=106597 retry=0
[2026-04-24 15:30:22] ACQUIRED product_id=106597 retry=0
[2026-04-24 15:30:22] QUEUE product_id=105843 retry=0
[2026-04-24 15:30:22] QUEUE product_id=101669 retry=0
[2026-04-24 15:30:27] STATUS product_id=106597 status=200
[2026-04-24 15:30:27] ACQUIRED product_id=105843 retry=0
[2026-04-24 15:30:27] FINISHED product_id=106597 status=success
[2026-04-24 15:30:31] STATUS product_id=105843 status=403
[2026-04-24 15:30:31] RETRY product_id=105843 reason=status_403 sleep=3.56s
[2026-04-24 15:30:31] ACQUIRED product_id=101669 retry=0
[2026-04-24 15:30:34] QUEUE product_id=105843 retry=1
[2026-04-24 15:30:35] STATUS product_id=101669 status=403
[2026-04-24 15:30:35] RETRY product_id=101669 reason=status_403 sleep=4.32s
[2026-04-24 15:30:35] ACQUIRED product_id=105843 retry=1
[2026-04-24 15:30:39] STATUS product_id=105843 status=403
[2026-04-24 15:30:39] FINISHED product_id=105843 status=failed
[2026-04-24 15:30:39] QUEUE product_id=101669 retry=1
[2026-04-24 15:30:39] ACQUIRED product_id=101669 retry=1
[2026-04-24 15:30:43] STATUS product_id=101669 status=403
[2026-04-24 15:30:43] FINISHED product_id=101669 status=failed
[2026-04-24 15:30:43] Batch 263: total=3, success=1, error=2, time=21.21s
[2026-04-24 15:30:46] RUNNING batch=264 size=3
[2026-04-24 15:30:46] QUEUE product_id=90756 retry=0
[2026-04-24 15:30:46] ACQUIRED product_id=90756 retry=0
[2026-04-24 15:30:46] QUEUE product_id=110279 retry=0
[2026-04-24 15:30:46] QUEUE product_id=99128 retry=0
[2026-04-24 15:30:51] STATUS product_id=90756 status=403
[2026-04-24 15:30:51] RETRY product_id=90756 reason=status_403 sleep=4.18s
[2026-04-24 15:30:51] ACQUIRED product_id=110279 retry=0
[2026-04-24 15:30:55] QUEUE product_id=90756 retry=1
[2026-04-24 15:30:55] STATUS product_id=110279 status=403
[2026-04-24 15:30:55] RETRY product_id=110279 reason=status_403 sleep=3.85s
[2026-04-24 15:30:55] ACQUIRED product_id=99128 retry=0
[2026-04-24 15:30:59] STATUS product_id=99128 status=403
[2026-04-24 15:30:59] RETRY product_id=99128 reason=status_403 sleep=4.20s
[2026-04-24 15:30:59] ACQUIRED product_id=90756 retry=1
[2026-04-24 15:30:59] QUEUE product_id=110279 retry=1
[2026-04-24 15:31:03] STATUS product_id=90756 status=403
[2026-04-24 15:31:03] ACQUIRED product_id=110279 retry=1
[2026-04-24 15:31:03] FINISHED product_id=90756 status=failed
[2026-04-24 15:31:03] QUEUE product_id=99128 retry=1
[2026-04-24 15:31:08] STATUS product_id=110279 status=404
[2026-04-24 15:31:08] ACQUIRED product_id=99128 retry=1
[2026-04-24 15:31:08] FINISHED product_id=110279 status=failed
[2026-04-24 15:31:14] STATUS product_id=99128 status=404
[2026-04-24 15:31:14] FINISHED product_id=99128 status=failed
[2026-04-24 15:31:14] Batch 264: total=3, success=0, error=3, time=28.25s
[2026-04-24 15:31:19] RUNNING batch=265 size=3
[2026-04-24 15:31:19] QUEUE product_id=88002 retry=0
[2026-04-24 15:31:19] ACQUIRED product_id=88002 retry=0
[2026-04-24 15:31:19] QUEUE product_id=85849 retry=0
[2026-04-24 15:31:19] QUEUE product_id=90609 retry=0
[2026-04-24 15:31:23] STATUS product_id=88002 status=403
[2026-04-24 15:31:23] RETRY product_id=88002 reason=status_403 sleep=3.60s
[2026-04-24 15:31:23] ACQUIRED product_id=85849 retry=0
[2026-04-24 15:31:27] QUEUE product_id=88002 retry=1
[2026-04-24 15:31:28] STATUS product_id=85849 status=200
[2026-04-24 15:31:28] ACQUIRED product_id=90609 retry=0
[2026-04-24 15:31:28] FINISHED product_id=85849 status=success
[2026-04-24 15:31:33] STATUS product_id=90609 status=403
[2026-04-24 15:31:33] RETRY product_id=90609 reason=status_403 sleep=3.81s
[2026-04-24 15:31:33] ACQUIRED product_id=88002 retry=1
[2026-04-24 15:31:37] STATUS product_id=88002 status=403
[2026-04-24 15:31:37] FINISHED product_id=88002 status=failed
[2026-04-24 15:31:37] QUEUE product_id=90609 retry=1
[2026-04-24 15:31:37] ACQUIRED product_id=90609 retry=1
[2026-04-24 15:31:42] STATUS product_id=90609 status=200
[2026-04-24 15:31:42] FINISHED product_id=90609 status=success
[2026-04-24 15:31:42] Batch 265: total=3, success=2, error=1, time=23.32s
[2026-04-24 15:31:47] RUNNING batch=266 size=3
[2026-04-24 15:31:47] QUEUE product_id=98226 retry=0
[2026-04-24 15:31:47] ACQUIRED product_id=98226 retry=0
[2026-04-24 15:31:47] QUEUE product_id=85183 retry=0
[2026-04-24 15:31:47] QUEUE product_id=101595 retry=0
[2026-04-24 15:31:51] STATUS product_id=98226 status=403
[2026-04-24 15:31:51] RETRY product_id=98226 reason=status_403 sleep=4.32s
[2026-04-24 15:31:51] ACQUIRED product_id=85183 retry=0
[2026-04-24 15:31:56] QUEUE product_id=98226 retry=1
[2026-04-24 15:31:57] STATUS product_id=85183 status=200
[2026-04-24 15:31:57] ACQUIRED product_id=101595 retry=0
[2026-04-24 15:31:57] FINISHED product_id=85183 status=success
[2026-04-24 15:32:02] STATUS product_id=101595 status=403
[2026-04-24 15:32:02] RETRY product_id=101595 reason=status_403 sleep=4.15s
[2026-04-24 15:32:02] ACQUIRED product_id=98226 retry=1
[2026-04-24 15:32:06] STATUS product_id=98226 status=403
[2026-04-24 15:32:06] FINISHED product_id=98226 status=failed
[2026-04-24 15:32:06] QUEUE product_id=101595 retry=1
[2026-04-24 15:32:06] ACQUIRED product_id=101595 retry=1
[2026-04-24 15:32:12] STATUS product_id=101595 status=200
[2026-04-24 15:32:12] FINISHED product_id=101595 status=success
[2026-04-24 15:32:12] Batch 266: total=3, success=2, error=1, time=25.13s
[2026-04-24 15:32:16] RUNNING batch=267 size=3
[2026-04-24 15:32:16] QUEUE product_id=98223 retry=0
[2026-04-24 15:32:16] ACQUIRED product_id=98223 retry=0
[2026-04-24 15:32:16] QUEUE product_id=104415 retry=0
[2026-04-24 15:32:16] QUEUE product_id=101893 retry=0
[2026-04-24 15:32:21] STATUS product_id=98223 status=403
[2026-04-24 15:32:21] RETRY product_id=98223 reason=status_403 sleep=4.00s
[2026-04-24 15:32:21] ACQUIRED product_id=104415 retry=0
[2026-04-24 15:32:24] STATUS product_id=104415 status=403
[2026-04-24 15:32:24] RETRY product_id=104415 reason=status_403 sleep=3.75s
[2026-04-24 15:32:24] ACQUIRED product_id=101893 retry=0
[2026-04-24 15:32:25] QUEUE product_id=98223 retry=1
[2026-04-24 15:32:28] QUEUE product_id=104415 retry=1
[2026-04-24 15:32:31] STATUS product_id=101893 status=200
[2026-04-24 15:32:31] ACQUIRED product_id=98223 retry=1
[2026-04-24 15:32:31] FINISHED product_id=101893 status=success
[2026-04-24 15:32:36] STATUS product_id=98223 status=404
[2026-04-24 15:32:36] ACQUIRED product_id=104415 retry=1
[2026-04-24 15:32:36] FINISHED product_id=98223 status=failed
[2026-04-24 15:32:40] STATUS product_id=104415 status=200
[2026-04-24 15:32:40] FINISHED product_id=104415 status=success
[2026-04-24 15:32:40] Batch 267: total=3, success=2, error=1, time=24.52s
[2026-04-24 15:32:44] RUNNING batch=268 size=3
[2026-04-24 15:32:44] QUEUE product_id=98023 retry=0
[2026-04-24 15:32:44] ACQUIRED product_id=98023 retry=0
[2026-04-24 15:32:44] QUEUE product_id=90583 retry=0
[2026-04-24 15:32:44] QUEUE product_id=109834 retry=0
[2026-04-24 15:32:48] STATUS product_id=98023 status=403
[2026-04-24 15:32:48] RETRY product_id=98023 reason=status_403 sleep=4.13s
[2026-04-24 15:32:48] ACQUIRED product_id=90583 retry=0
[2026-04-24 15:32:53] QUEUE product_id=98023 retry=1
[2026-04-24 15:32:53] STATUS product_id=90583 status=403
[2026-04-24 15:32:53] RETRY product_id=90583 reason=status_403 sleep=3.86s
[2026-04-24 15:32:53] ACQUIRED product_id=109834 retry=0
[2026-04-24 15:32:57] STATUS product_id=109834 status=403
[2026-04-24 15:32:57] RETRY product_id=109834 reason=status_403 sleep=3.75s
[2026-04-24 15:32:57] ACQUIRED product_id=98023 retry=1
[2026-04-24 15:32:57] QUEUE product_id=90583 retry=1
[2026-04-24 15:33:00] QUEUE product_id=109834 retry=1
[2026-04-24 15:33:01] STATUS product_id=98023 status=200
[2026-04-24 15:33:01] ACQUIRED product_id=90583 retry=1
[2026-04-24 15:33:01] FINISHED product_id=98023 status=success
[2026-04-24 15:33:05] STATUS product_id=90583 status=403
[2026-04-24 15:33:05] ACQUIRED product_id=109834 retry=1
[2026-04-24 15:33:05] FINISHED product_id=90583 status=failed
[2026-04-24 15:33:12] STATUS product_id=109834 status=200
[2026-04-24 15:33:12] FINISHED product_id=109834 status=success
[2026-04-24 15:33:12] Batch 268: total=3, success=2, error=1, time=27.28s
[2026-04-24 15:33:16] RUNNING batch=269 size=3
[2026-04-24 15:33:16] QUEUE product_id=96764 retry=0
[2026-04-24 15:33:16] ACQUIRED product_id=96764 retry=0
[2026-04-24 15:33:16] QUEUE product_id=97794 retry=0
[2026-04-24 15:33:16] QUEUE product_id=108504 retry=0
[2026-04-24 15:33:21] STATUS product_id=96764 status=403
[2026-04-24 15:33:21] RETRY product_id=96764 reason=status_403 sleep=4.34s
[2026-04-24 15:33:21] ACQUIRED product_id=97794 retry=0
[2026-04-24 15:33:25] QUEUE product_id=96764 retry=1
[2026-04-24 15:33:26] STATUS product_id=97794 status=200
[2026-04-24 15:33:26] ACQUIRED product_id=108504 retry=0
[2026-04-24 15:33:26] FINISHED product_id=97794 status=success
[2026-04-24 15:33:31] STATUS product_id=108504 status=403
[2026-04-24 15:33:31] RETRY product_id=108504 reason=status_403 sleep=4.02s
[2026-04-24 15:33:31] ACQUIRED product_id=96764 retry=1
[2026-04-24 15:33:35] QUEUE product_id=108504 retry=1
[2026-04-24 15:33:35] STATUS product_id=96764 status=403
[2026-04-24 15:33:35] ACQUIRED product_id=108504 retry=1
[2026-04-24 15:33:35] FINISHED product_id=96764 status=failed
[2026-04-24 15:33:41] STATUS product_id=108504 status=200
[2026-04-24 15:33:41] FINISHED product_id=108504 status=success
[2026-04-24 15:33:41] Batch 269: total=3, success=2, error=1, time=25.22s
[2026-04-24 15:33:45] RUNNING batch=270 size=3
[2026-04-24 15:33:45] QUEUE product_id=105761 retry=0
[2026-04-24 15:33:45] ACQUIRED product_id=105761 retry=0
[2026-04-24 15:33:45] QUEUE product_id=101366 retry=0
[2026-04-24 15:33:45] QUEUE product_id=105753 retry=0
[2026-04-24 15:33:51] STATUS product_id=105761 status=200
[2026-04-24 15:33:51] ACQUIRED product_id=101366 retry=0
[2026-04-24 15:33:51] FINISHED product_id=105761 status=success
[2026-04-24 15:33:56] STATUS product_id=101366 status=200
[2026-04-24 15:33:56] ACQUIRED product_id=105753 retry=0
[2026-04-24 15:33:56] FINISHED product_id=101366 status=success
[2026-04-24 15:33:59] STATUS product_id=105753 status=403
[2026-04-24 15:33:59] RETRY product_id=105753 reason=status_403 sleep=3.88s
[2026-04-24 15:34:03] QUEUE product_id=105753 retry=1
[2026-04-24 15:34:03] ACQUIRED product_id=105753 retry=1
[2026-04-24 15:34:06] STATUS product_id=105753 status=403
[2026-04-24 15:34:06] FINISHED product_id=105753 status=failed
[2026-04-24 15:34:06] Batch 270: total=3, success=2, error=1, time=21.31s
[2026-04-24 15:34:10] RUNNING batch=271 size=3
[2026-04-24 15:34:10] QUEUE product_id=102543 retry=0
[2026-04-24 15:34:10] ACQUIRED product_id=102543 retry=0
[2026-04-24 15:34:10] QUEUE product_id=95393 retry=0
[2026-04-24 15:34:10] QUEUE product_id=97980 retry=0
[2026-04-24 15:34:15] STATUS product_id=102543 status=403
[2026-04-24 15:34:15] RETRY product_id=102543 reason=status_403 sleep=4.18s
[2026-04-24 15:34:15] ACQUIRED product_id=95393 retry=0
[2026-04-24 15:34:18] STATUS product_id=95393 status=403
[2026-04-24 15:34:18] RETRY product_id=95393 reason=status_403 sleep=4.23s
[2026-04-24 15:34:18] ACQUIRED product_id=97980 retry=0
[2026-04-24 15:34:19] QUEUE product_id=102543 retry=1
[2026-04-24 15:34:22] QUEUE product_id=95393 retry=1
[2026-04-24 15:34:24] STATUS product_id=97980 status=200
[2026-04-24 15:34:24] ACQUIRED product_id=102543 retry=1
[2026-04-24 15:34:24] FINISHED product_id=97980 status=success
[2026-04-24 15:34:29] STATUS product_id=102543 status=404
[2026-04-24 15:34:29] ACQUIRED product_id=95393 retry=1
[2026-04-24 15:34:29] FINISHED product_id=102543 status=failed
[2026-04-24 15:34:36] STATUS product_id=95393 status=200
[2026-04-24 15:34:36] FINISHED product_id=95393 status=success
[2026-04-24 15:34:36] Batch 271: total=3, success=2, error=1, time=25.46s
[2026-04-24 15:34:41] RUNNING batch=272 size=3
[2026-04-24 15:34:41] QUEUE product_id=96777 retry=0
[2026-04-24 15:34:41] ACQUIRED product_id=96777 retry=0
[2026-04-24 15:34:41] QUEUE product_id=108097 retry=0
[2026-04-24 15:34:41] QUEUE product_id=99184 retry=0
[2026-04-24 15:34:45] STATUS product_id=96777 status=403
[2026-04-24 15:34:45] RETRY product_id=96777 reason=status_403 sleep=4.21s
[2026-04-24 15:34:45] ACQUIRED product_id=108097 retry=0
[2026-04-24 15:34:49] QUEUE product_id=96777 retry=1
[2026-04-24 15:34:51] STATUS product_id=108097 status=200
[2026-04-24 15:34:51] ACQUIRED product_id=99184 retry=0
[2026-04-24 15:34:51] FINISHED product_id=108097 status=success
[2026-04-24 15:34:58] STATUS product_id=99184 status=200
[2026-04-24 15:34:58] ACQUIRED product_id=96777 retry=1
[2026-04-24 15:34:58] FINISHED product_id=99184 status=success
[2026-04-24 15:35:03] STATUS product_id=96777 status=200
[2026-04-24 15:35:03] FINISHED product_id=96777 status=success
[2026-04-24 15:35:03] Batch 272: total=3, success=3, error=0, time=21.97s
[2026-04-24 15:35:06] RUNNING batch=273 size=3
[2026-04-24 15:35:06] QUEUE product_id=104490 retry=0
[2026-04-24 15:35:06] ACQUIRED product_id=104490 retry=0
[2026-04-24 15:35:06] QUEUE product_id=102198 retry=0
[2026-04-24 15:35:06] QUEUE product_id=99182 retry=0
[2026-04-24 15:35:10] STATUS product_id=104490 status=403
[2026-04-24 15:35:10] RETRY product_id=104490 reason=status_403 sleep=4.03s
[2026-04-24 15:35:10] ACQUIRED product_id=102198 retry=0
[2026-04-24 15:35:14] QUEUE product_id=104490 retry=1
[2026-04-24 15:35:15] STATUS product_id=102198 status=403
[2026-04-24 15:35:15] RETRY product_id=102198 reason=status_403 sleep=3.55s
[2026-04-24 15:35:15] ACQUIRED product_id=99182 retry=0
[2026-04-24 15:35:18] QUEUE product_id=102198 retry=1
[2026-04-24 15:35:19] STATUS product_id=99182 status=403
[2026-04-24 15:35:19] RETRY product_id=99182 reason=status_403 sleep=4.13s
[2026-04-24 15:35:19] ACQUIRED product_id=104490 retry=1
[2026-04-24 15:35:23] QUEUE product_id=99182 retry=1
[2026-04-24 15:35:25] STATUS product_id=104490 status=200
[2026-04-24 15:35:25] ACQUIRED product_id=102198 retry=1
[2026-04-24 15:35:25] FINISHED product_id=104490 status=success
[2026-04-24 15:35:29] STATUS product_id=102198 status=403
[2026-04-24 15:35:29] ACQUIRED product_id=99182 retry=1
[2026-04-24 15:35:29] FINISHED product_id=102198 status=failed
[2026-04-24 15:35:34] STATUS product_id=99182 status=403
[2026-04-24 15:35:34] FINISHED product_id=99182 status=failed
[2026-04-24 15:35:34] Batch 273: total=3, success=1, error=2, time=27.44s
[2026-04-24 15:35:37] RUNNING batch=274 size=3
[2026-04-24 15:35:37] QUEUE product_id=97261 retry=0
[2026-04-24 15:35:37] ACQUIRED product_id=97261 retry=0
[2026-04-24 15:35:37] QUEUE product_id=101905 retry=0
[2026-04-24 15:35:37] QUEUE product_id=110937 retry=0
[2026-04-24 15:35:43] STATUS product_id=97261 status=200
[2026-04-24 15:35:43] ACQUIRED product_id=101905 retry=0
[2026-04-24 15:35:43] FINISHED product_id=97261 status=success
[2026-04-24 15:35:48] STATUS product_id=101905 status=403
[2026-04-24 15:35:48] RETRY product_id=101905 reason=status_403 sleep=4.38s
[2026-04-24 15:35:48] ACQUIRED product_id=110937 retry=0
[2026-04-24 15:35:52] QUEUE product_id=101905 retry=1
[2026-04-24 15:35:54] STATUS product_id=110937 status=200
[2026-04-24 15:35:54] ACQUIRED product_id=101905 retry=1
[2026-04-24 15:35:54] FINISHED product_id=110937 status=success
[2026-04-24 15:35:57] STATUS product_id=101905 status=403
[2026-04-24 15:35:57] FINISHED product_id=101905 status=failed
[2026-04-24 15:35:57] Batch 274: total=3, success=2, error=1, time=20.00s
[2026-04-24 15:36:02] RUNNING batch=275 size=3
[2026-04-24 15:36:02] QUEUE product_id=99052 retry=0
[2026-04-24 15:36:02] ACQUIRED product_id=99052 retry=0
[2026-04-24 15:36:02] QUEUE product_id=93575 retry=0
[2026-04-24 15:36:02] QUEUE product_id=93155 retry=0
[2026-04-24 15:36:08] STATUS product_id=99052 status=200
[2026-04-24 15:36:08] ACQUIRED product_id=93575 retry=0
[2026-04-24 15:36:08] FINISHED product_id=99052 status=success
[2026-04-24 15:36:14] STATUS product_id=93575 status=200
[2026-04-24 15:36:14] ACQUIRED product_id=93155 retry=0
[2026-04-24 15:36:14] FINISHED product_id=93575 status=success
[2026-04-24 15:36:17] STATUS product_id=93155 status=403
[2026-04-24 15:36:17] RETRY product_id=93155 reason=status_403 sleep=3.82s
[2026-04-24 15:36:21] QUEUE product_id=93155 retry=1
[2026-04-24 15:36:21] ACQUIRED product_id=93155 retry=1
[2026-04-24 15:36:25] STATUS product_id=93155 status=200
[2026-04-24 15:36:25] FINISHED product_id=93155 status=success
[2026-04-24 15:36:25] Batch 275: total=3, success=3, error=0, time=23.63s
[2026-04-24 15:36:30] RUNNING batch=276 size=3
[2026-04-24 15:36:30] QUEUE product_id=88211 retry=0
[2026-04-24 15:36:30] ACQUIRED product_id=88211 retry=0
[2026-04-24 15:36:30] QUEUE product_id=96341 retry=0
[2026-04-24 15:36:30] QUEUE product_id=102860 retry=0
[2026-04-24 15:36:36] STATUS product_id=88211 status=200
[2026-04-24 15:36:36] ACQUIRED product_id=96341 retry=0
[2026-04-24 15:36:36] FINISHED product_id=88211 status=success
[2026-04-24 15:36:39] STATUS product_id=96341 status=403
[2026-04-24 15:36:39] RETRY product_id=96341 reason=status_403 sleep=4.44s
[2026-04-24 15:36:39] ACQUIRED product_id=102860 retry=0
[2026-04-24 15:36:43] QUEUE product_id=96341 retry=1
[2026-04-24 15:36:44] STATUS product_id=102860 status=403
[2026-04-24 15:36:44] RETRY product_id=102860 reason=status_403 sleep=3.52s
[2026-04-24 15:36:44] ACQUIRED product_id=96341 retry=1
[2026-04-24 15:36:47] QUEUE product_id=102860 retry=1
[2026-04-24 15:36:50] STATUS product_id=96341 status=200
[2026-04-24 15:36:50] ACQUIRED product_id=102860 retry=1
[2026-04-24 15:36:50] FINISHED product_id=96341 status=success
[2026-04-24 15:36:54] STATUS product_id=102860 status=403
[2026-04-24 15:36:54] FINISHED product_id=102860 status=failed
[2026-04-24 15:36:54] Batch 276: total=3, success=2, error=1, time=24.39s
[2026-04-24 15:36:58] RUNNING batch=277 size=3
[2026-04-24 15:36:58] QUEUE product_id=110880 retry=0
[2026-04-24 15:36:58] ACQUIRED product_id=110880 retry=0
[2026-04-24 15:36:58] QUEUE product_id=98346 retry=0
[2026-04-24 15:36:58] QUEUE product_id=97883 retry=0
[2026-04-24 15:37:03] STATUS product_id=110880 status=200
[2026-04-24 15:37:03] ACQUIRED product_id=98346 retry=0
[2026-04-24 15:37:03] FINISHED product_id=110880 status=success
[2026-04-24 15:37:08] STATUS product_id=98346 status=403
[2026-04-24 15:37:08] RETRY product_id=98346 reason=status_403 sleep=4.16s
[2026-04-24 15:37:08] ACQUIRED product_id=97883 retry=0
[2026-04-24 15:37:12] STATUS product_id=97883 status=403
[2026-04-24 15:37:12] RETRY product_id=97883 reason=status_403 sleep=3.88s
[2026-04-24 15:37:12] QUEUE product_id=98346 retry=1
[2026-04-24 15:37:12] ACQUIRED product_id=98346 retry=1
[2026-04-24 15:37:15] QUEUE product_id=97883 retry=1
[2026-04-24 15:37:16] STATUS product_id=98346 status=403
[2026-04-24 15:37:16] ACQUIRED product_id=97883 retry=1
[2026-04-24 15:37:16] FINISHED product_id=98346 status=failed
[2026-04-24 15:37:19] STATUS product_id=97883 status=403
[2026-04-24 15:37:19] FINISHED product_id=97883 status=failed
[2026-04-24 15:37:19] Batch 277: total=3, success=1, error=2, time=20.89s
[2026-04-24 15:37:22] RUNNING batch=278 size=3
[2026-04-24 15:37:22] QUEUE product_id=103573 retry=0
[2026-04-24 15:37:22] ACQUIRED product_id=103573 retry=0
[2026-04-24 15:37:22] QUEUE product_id=99353 retry=0
[2026-04-24 15:37:22] QUEUE product_id=95976 retry=0
[2026-04-24 15:37:26] STATUS product_id=103573 status=403
[2026-04-24 15:37:26] RETRY product_id=103573 reason=status_403 sleep=3.76s
[2026-04-24 15:37:26] ACQUIRED product_id=99353 retry=0
[2026-04-24 15:37:30] QUEUE product_id=103573 retry=1
[2026-04-24 15:37:30] STATUS product_id=99353 status=403
[2026-04-24 15:37:30] RETRY product_id=99353 reason=status_403 sleep=4.05s
[2026-04-24 15:37:30] ACQUIRED product_id=95976 retry=0
[2026-04-24 15:37:34] QUEUE product_id=99353 retry=1
[2026-04-24 15:37:36] STATUS product_id=95976 status=200
[2026-04-24 15:37:36] ACQUIRED product_id=103573 retry=1
[2026-04-24 15:37:36] FINISHED product_id=95976 status=success
[2026-04-24 15:37:42] STATUS product_id=103573 status=200
[2026-04-24 15:37:42] ACQUIRED product_id=99353 retry=1
[2026-04-24 15:37:42] FINISHED product_id=103573 status=success
[2026-04-24 15:37:47] STATUS product_id=99353 status=404
[2026-04-24 15:37:47] FINISHED product_id=99353 status=failed
[2026-04-24 15:37:47] Batch 278: total=3, success=2, error=1, time=24.57s
[2026-04-24 15:37:50] RUNNING batch=279 size=3
[2026-04-24 15:37:50] QUEUE product_id=80401 retry=0
[2026-04-24 15:37:50] ACQUIRED product_id=80401 retry=0
[2026-04-24 15:37:50] QUEUE product_id=97904 retry=0
[2026-04-24 15:37:50] QUEUE product_id=96944 retry=0
[2026-04-24 15:37:53] STATUS product_id=80401 status=403
[2026-04-24 15:37:53] RETRY product_id=80401 reason=status_403 sleep=3.62s
[2026-04-24 15:37:53] ACQUIRED product_id=97904 retry=0
[2026-04-24 15:37:57] QUEUE product_id=80401 retry=1
[2026-04-24 15:37:58] STATUS product_id=97904 status=200
[2026-04-24 15:37:58] ACQUIRED product_id=96944 retry=0
[2026-04-24 15:37:58] FINISHED product_id=97904 status=success
[2026-04-24 15:38:02] STATUS product_id=96944 status=403
[2026-04-24 15:38:02] RETRY product_id=96944 reason=status_403 sleep=4.36s
[2026-04-24 15:38:02] ACQUIRED product_id=80401 retry=1
[2026-04-24 15:38:06] QUEUE product_id=96944 retry=1
[2026-04-24 15:38:06] STATUS product_id=80401 status=403
[2026-04-24 15:38:06] ACQUIRED product_id=96944 retry=1
[2026-04-24 15:38:06] FINISHED product_id=80401 status=failed
[2026-04-24 15:38:11] STATUS product_id=96944 status=200
[2026-04-24 15:38:11] FINISHED product_id=96944 status=success
[2026-04-24 15:38:11] Batch 279: total=3, success=2, error=1, time=21.52s
[2026-04-24 15:38:16] RUNNING batch=280 size=3
[2026-04-24 15:38:16] QUEUE product_id=110876 retry=0
[2026-04-24 15:38:16] ACQUIRED product_id=110876 retry=0
[2026-04-24 15:38:16] QUEUE product_id=87609 retry=0
[2026-04-24 15:38:16] QUEUE product_id=110273 retry=0
[2026-04-24 15:38:20] STATUS product_id=110876 status=200
[2026-04-24 15:38:20] ACQUIRED product_id=87609 retry=0
[2026-04-24 15:38:20] FINISHED product_id=110876 status=success
[2026-04-24 15:38:23] STATUS product_id=87609 status=403
[2026-04-24 15:38:23] RETRY product_id=87609 reason=status_403 sleep=4.34s
[2026-04-24 15:38:23] ACQUIRED product_id=110273 retry=0
[2026-04-24 15:38:27] STATUS product_id=110273 status=403
[2026-04-24 15:38:27] RETRY product_id=110273 reason=status_403 sleep=3.71s
[2026-04-24 15:38:28] QUEUE product_id=87609 retry=1
[2026-04-24 15:38:28] ACQUIRED product_id=87609 retry=1
[2026-04-24 15:38:31] QUEUE product_id=110273 retry=1
[2026-04-24 15:38:34] STATUS product_id=87609 status=200
[2026-04-24 15:38:34] ACQUIRED product_id=110273 retry=1
[2026-04-24 15:38:34] FINISHED product_id=87609 status=success
[2026-04-24 15:38:40] STATUS product_id=110273 status=404
[2026-04-24 15:38:40] FINISHED product_id=110273 status=failed
[2026-04-24 15:38:40] Batch 280: total=3, success=2, error=1, time=23.92s
[2026-04-24 15:38:43] RUNNING batch=281 size=3
[2026-04-24 15:38:43] QUEUE product_id=108599 retry=0
[2026-04-24 15:38:43] ACQUIRED product_id=108599 retry=0
[2026-04-24 15:38:43] QUEUE product_id=103632 retry=0
[2026-04-24 15:38:43] QUEUE product_id=102554 retry=0
[2026-04-24 15:38:47] STATUS product_id=108599 status=403
[2026-04-24 15:38:47] RETRY product_id=108599 reason=status_403 sleep=3.78s
[2026-04-24 15:38:47] ACQUIRED product_id=103632 retry=0
[2026-04-24 15:38:51] QUEUE product_id=108599 retry=1
[2026-04-24 15:38:52] STATUS product_id=103632 status=200
[2026-04-24 15:38:52] ACQUIRED product_id=102554 retry=0
[2026-04-24 15:38:52] FINISHED product_id=103632 status=success
[2026-04-24 15:38:55] STATUS product_id=102554 status=403
[2026-04-24 15:38:55] RETRY product_id=102554 reason=status_403 sleep=3.55s
[2026-04-24 15:38:55] ACQUIRED product_id=108599 retry=1
[2026-04-24 15:38:59] QUEUE product_id=102554 retry=1
[2026-04-24 15:39:01] STATUS product_id=108599 status=404
[2026-04-24 15:39:01] ACQUIRED product_id=102554 retry=1
[2026-04-24 15:39:01] FINISHED product_id=108599 status=failed
[2026-04-24 15:39:05] STATUS product_id=102554 status=403
[2026-04-24 15:39:05] FINISHED product_id=102554 status=failed
[2026-04-24 15:39:05] Batch 281: total=3, success=1, error=2, time=22.24s
[2026-04-24 15:39:09] RUNNING batch=282 size=3
[2026-04-24 15:39:09] QUEUE product_id=96579 retry=0
[2026-04-24 15:39:09] ACQUIRED product_id=96579 retry=0
[2026-04-24 15:39:09] QUEUE product_id=110328 retry=0
[2026-04-24 15:39:09] QUEUE product_id=110318 retry=0
[2026-04-24 15:39:14] STATUS product_id=96579 status=404
[2026-04-24 15:39:14] ACQUIRED product_id=110328 retry=0
[2026-04-24 15:39:14] FINISHED product_id=96579 status=failed
[2026-04-24 15:39:17] STATUS product_id=110328 status=403
[2026-04-24 15:39:17] RETRY product_id=110328 reason=status_403 sleep=4.01s
[2026-04-24 15:39:17] ACQUIRED product_id=110318 retry=0
[2026-04-24 15:39:21] QUEUE product_id=110328 retry=1
[2026-04-24 15:39:22] STATUS product_id=110318 status=404
[2026-04-24 15:39:22] ACQUIRED product_id=110328 retry=1
[2026-04-24 15:39:22] FINISHED product_id=110318 status=failed
[2026-04-24 15:39:27] STATUS product_id=110328 status=404
[2026-04-24 15:39:27] FINISHED product_id=110328 status=failed
[2026-04-24 15:39:27] Batch 282: total=3, success=0, error=3, time=18.25s
[2026-04-24 15:39:30] RUNNING batch=283 size=3
[2026-04-24 15:39:30] QUEUE product_id=98630 retry=0
[2026-04-24 15:39:30] ACQUIRED product_id=98630 retry=0
[2026-04-24 15:39:30] QUEUE product_id=102201 retry=0
[2026-04-24 15:39:30] QUEUE product_id=92717 retry=0
[2026-04-24 15:39:36] STATUS product_id=98630 status=404
[2026-04-24 15:39:36] ACQUIRED product_id=102201 retry=0
[2026-04-24 15:39:36] FINISHED product_id=98630 status=failed
[2026-04-24 15:39:39] STATUS product_id=102201 status=403
[2026-04-24 15:39:39] RETRY product_id=102201 reason=status_403 sleep=3.73s
[2026-04-24 15:39:39] ACQUIRED product_id=92717 retry=0
[2026-04-24 15:39:43] QUEUE product_id=102201 retry=1
[2026-04-24 15:39:43] STATUS product_id=92717 status=403
[2026-04-24 15:39:43] RETRY product_id=92717 reason=status_403 sleep=3.55s
[2026-04-24 15:39:43] ACQUIRED product_id=102201 retry=1
[2026-04-24 15:39:47] QUEUE product_id=92717 retry=1
[2026-04-24 15:39:48] STATUS product_id=102201 status=404
[2026-04-24 15:39:48] ACQUIRED product_id=92717 retry=1
[2026-04-24 15:39:48] FINISHED product_id=102201 status=failed
[2026-04-24 15:39:53] STATUS product_id=92717 status=403
[2026-04-24 15:39:53] FINISHED product_id=92717 status=failed
[2026-04-24 15:39:53] Batch 283: total=3, success=0, error=3, time=23.06s
[2026-04-24 15:39:56] RUNNING batch=284 size=3
[2026-04-24 15:39:56] QUEUE product_id=110311 retry=0
[2026-04-24 15:39:56] ACQUIRED product_id=110311 retry=0
[2026-04-24 15:39:56] QUEUE product_id=101792 retry=0
[2026-04-24 15:39:56] QUEUE product_id=110934 retry=0
[2026-04-24 15:40:01] STATUS product_id=110311 status=403
[2026-04-24 15:40:01] RETRY product_id=110311 reason=status_403 sleep=3.64s
[2026-04-24 15:40:01] ACQUIRED product_id=101792 retry=0
[2026-04-24 15:40:05] QUEUE product_id=110311 retry=1
[2026-04-24 15:40:07] STATUS product_id=101792 status=404
[2026-04-24 15:40:07] ACQUIRED product_id=110934 retry=0
[2026-04-24 15:40:07] FINISHED product_id=101792 status=failed
[2026-04-24 15:40:11] STATUS product_id=110934 status=403
[2026-04-24 15:40:11] RETRY product_id=110934 reason=status_403 sleep=4.31s
[2026-04-24 15:40:11] ACQUIRED product_id=110311 retry=1
[2026-04-24 15:40:15] STATUS product_id=110311 status=404
[2026-04-24 15:40:15] FINISHED product_id=110311 status=failed
[2026-04-24 15:40:15] QUEUE product_id=110934 retry=1
[2026-04-24 15:40:15] ACQUIRED product_id=110934 retry=1
[2026-04-24 15:40:19] STATUS product_id=110934 status=403
[2026-04-24 15:40:19] FINISHED product_id=110934 status=failed
[2026-04-24 15:40:19] Batch 284: total=3, success=0, error=3, time=22.64s
[2026-04-24 15:40:23] RUNNING batch=285 size=3
[2026-04-24 15:40:23] QUEUE product_id=105409 retry=0
[2026-04-24 15:40:23] ACQUIRED product_id=105409 retry=0
[2026-04-24 15:40:23] QUEUE product_id=110983 retry=0
[2026-04-24 15:40:23] QUEUE product_id=93137 retry=0
[2026-04-24 15:40:29] STATUS product_id=105409 status=200
[2026-04-24 15:40:29] ACQUIRED product_id=110983 retry=0
[2026-04-24 15:40:29] FINISHED product_id=105409 status=success
[2026-04-24 15:40:34] STATUS product_id=110983 status=200
[2026-04-24 15:40:34] ACQUIRED product_id=93137 retry=0
[2026-04-24 15:40:34] FINISHED product_id=110983 status=success
[2026-04-24 15:40:38] STATUS product_id=93137 status=403
[2026-04-24 15:40:38] RETRY product_id=93137 reason=status_403 sleep=3.63s
[2026-04-24 15:40:42] QUEUE product_id=93137 retry=1
[2026-04-24 15:40:42] ACQUIRED product_id=93137 retry=1
[2026-04-24 15:40:49] STATUS product_id=93137 status=200
[2026-04-24 15:40:49] FINISHED product_id=93137 status=success
[2026-04-24 15:40:49] Batch 285: total=3, success=3, error=0, time=25.18s
[2026-04-24 15:40:52] RUNNING batch=286 size=3
[2026-04-24 15:40:52] QUEUE product_id=93158 retry=0
[2026-04-24 15:40:52] ACQUIRED product_id=93158 retry=0
[2026-04-24 15:40:52] QUEUE product_id=110327 retry=0
[2026-04-24 15:40:52] QUEUE product_id=99455 retry=0
[2026-04-24 15:40:58] STATUS product_id=93158 status=200
[2026-04-24 15:40:58] ACQUIRED product_id=110327 retry=0
[2026-04-24 15:40:58] FINISHED product_id=93158 status=success
[2026-04-24 15:41:02] STATUS product_id=110327 status=404
[2026-04-24 15:41:02] ACQUIRED product_id=99455 retry=0
[2026-04-24 15:41:02] FINISHED product_id=110327 status=failed
[2026-04-24 15:41:08] STATUS product_id=99455 status=200
[2026-04-24 15:41:09] FINISHED product_id=99455 status=success
[2026-04-24 15:41:09] Batch 286: total=3, success=2, error=1, time=16.33s
[2026-04-24 15:41:13] RUNNING batch=287 size=3
[2026-04-24 15:41:13] QUEUE product_id=98406 retry=0
[2026-04-24 15:41:13] ACQUIRED product_id=98406 retry=0
[2026-04-24 15:41:13] QUEUE product_id=106222 retry=0
[2026-04-24 15:41:13] QUEUE product_id=92779 retry=0
[2026-04-24 15:41:18] STATUS product_id=98406 status=200
[2026-04-24 15:41:18] ACQUIRED product_id=106222 retry=0
[2026-04-24 15:41:18] FINISHED product_id=98406 status=success
[2026-04-24 15:41:22] STATUS product_id=106222 status=403
[2026-04-24 15:41:22] RETRY product_id=106222 reason=status_403 sleep=3.64s
[2026-04-24 15:41:22] ACQUIRED product_id=92779 retry=0
[2026-04-24 15:41:26] QUEUE product_id=106222 retry=1
[2026-04-24 15:41:26] STATUS product_id=92779 status=403
[2026-04-24 15:41:26] RETRY product_id=92779 reason=status_403 sleep=4.41s
[2026-04-24 15:41:26] ACQUIRED product_id=106222 retry=1
[2026-04-24 15:41:30] QUEUE product_id=92779 retry=1
[2026-04-24 15:41:33] STATUS product_id=106222 status=200
[2026-04-24 15:41:33] ACQUIRED product_id=92779 retry=1
[2026-04-24 15:41:33] FINISHED product_id=106222 status=success
[2026-04-24 15:41:38] STATUS product_id=92779 status=200
[2026-04-24 15:41:38] FINISHED product_id=92779 status=success
[2026-04-24 15:41:38] Batch 287: total=3, success=3, error=0, time=24.80s
[2026-04-24 15:41:42] RUNNING batch=288 size=3
[2026-04-24 15:41:42] QUEUE product_id=103261 retry=0
[2026-04-24 15:41:42] ACQUIRED product_id=103261 retry=0
[2026-04-24 15:41:42] QUEUE product_id=85732 retry=0
[2026-04-24 15:41:42] QUEUE product_id=95680 retry=0
[2026-04-24 15:41:45] STATUS product_id=103261 status=403
[2026-04-24 15:41:45] RETRY product_id=103261 reason=status_403 sleep=3.61s
[2026-04-24 15:41:45] ACQUIRED product_id=85732 retry=0
[2026-04-24 15:41:49] QUEUE product_id=103261 retry=1
[2026-04-24 15:41:50] STATUS product_id=85732 status=200
[2026-04-24 15:41:50] ACQUIRED product_id=95680 retry=0
[2026-04-24 15:41:50] FINISHED product_id=85732 status=success
[2026-04-24 15:41:55] STATUS product_id=95680 status=403
[2026-04-24 15:41:55] RETRY product_id=95680 reason=status_403 sleep=4.15s
[2026-04-24 15:41:55] ACQUIRED product_id=103261 retry=1
[2026-04-24 15:41:59] QUEUE product_id=95680 retry=1
[2026-04-24 15:42:01] STATUS product_id=103261 status=200
[2026-04-24 15:42:01] ACQUIRED product_id=95680 retry=1
[2026-04-24 15:42:01] FINISHED product_id=103261 status=success
[2026-04-24 15:42:04] STATUS product_id=95680 status=403
[2026-04-24 15:42:04] FINISHED product_id=95680 status=failed
[2026-04-24 15:42:04] Batch 288: total=3, success=2, error=1, time=21.94s
[2026-04-24 15:42:07] RUNNING batch=289 size=3
[2026-04-24 15:42:07] QUEUE product_id=97345 retry=0
[2026-04-24 15:42:07] ACQUIRED product_id=97345 retry=0
[2026-04-24 15:42:07] QUEUE product_id=105521 retry=0
[2026-04-24 15:42:07] QUEUE product_id=96990 retry=0
[2026-04-24 15:42:12] STATUS product_id=97345 status=403
[2026-04-24 15:42:12] RETRY product_id=97345 reason=status_403 sleep=4.14s
[2026-04-24 15:42:12] ACQUIRED product_id=105521 retry=0
[2026-04-24 15:42:16] QUEUE product_id=97345 retry=1
[2026-04-24 15:42:16] STATUS product_id=105521 status=403
[2026-04-24 15:42:16] RETRY product_id=105521 reason=status_403 sleep=3.65s
[2026-04-24 15:42:16] ACQUIRED product_id=96990 retry=0
[2026-04-24 15:42:20] QUEUE product_id=105521 retry=1
[2026-04-24 15:42:20] STATUS product_id=96990 status=403
[2026-04-24 15:42:20] RETRY product_id=96990 reason=status_403 sleep=4.27s
[2026-04-24 15:42:20] ACQUIRED product_id=97345 retry=1
[2026-04-24 15:42:24] STATUS product_id=97345 status=403
[2026-04-24 15:42:24] ACQUIRED product_id=105521 retry=1
[2026-04-24 15:42:24] FINISHED product_id=97345 status=failed
[2026-04-24 15:42:24] QUEUE product_id=96990 retry=1
[2026-04-24 15:42:28] STATUS product_id=105521 status=404
[2026-04-24 15:42:28] ACQUIRED product_id=96990 retry=1
[2026-04-24 15:42:28] FINISHED product_id=105521 status=failed
[2026-04-24 15:42:31] STATUS product_id=96990 status=403
[2026-04-24 15:42:31] FINISHED product_id=96990 status=failed
[2026-04-24 15:42:31] Batch 289: total=3, success=0, error=3, time=23.80s
[2026-04-24 15:42:36] RUNNING batch=290 size=3
[2026-04-24 15:42:36] QUEUE product_id=103746 retry=0
[2026-04-24 15:42:36] ACQUIRED product_id=103746 retry=0
[2026-04-24 15:42:36] QUEUE product_id=103747 retry=0
[2026-04-24 15:42:36] QUEUE product_id=102807 retry=0
[2026-04-24 15:42:41] STATUS product_id=103746 status=403
[2026-04-24 15:42:41] RETRY product_id=103746 reason=status_403 sleep=4.04s
[2026-04-24 15:42:41] ACQUIRED product_id=103747 retry=0
[2026-04-24 15:42:45] QUEUE product_id=103746 retry=1
[2026-04-24 15:42:46] STATUS product_id=103747 status=403
[2026-04-24 15:42:46] RETRY product_id=103747 reason=status_403 sleep=4.25s
[2026-04-24 15:42:46] ACQUIRED product_id=102807 retry=0
[2026-04-24 15:42:49] STATUS product_id=102807 status=403
[2026-04-24 15:42:49] RETRY product_id=102807 reason=status_403 sleep=3.84s
[2026-04-24 15:42:49] ACQUIRED product_id=103746 retry=1
[2026-04-24 15:42:50] QUEUE product_id=103747 retry=1
[2026-04-24 15:42:53] QUEUE product_id=102807 retry=1
[2026-04-24 15:42:53] STATUS product_id=103746 status=403
[2026-04-24 15:42:53] ACQUIRED product_id=103747 retry=1
[2026-04-24 15:42:53] FINISHED product_id=103746 status=failed
[2026-04-24 15:42:58] STATUS product_id=103747 status=403
[2026-04-24 15:42:58] ACQUIRED product_id=102807 retry=1
[2026-04-24 15:42:58] FINISHED product_id=103747 status=failed
[2026-04-24 15:43:03] STATUS product_id=102807 status=200
[2026-04-24 15:43:03] FINISHED product_id=102807 status=success
[2026-04-24 15:43:03] Batch 290: total=3, success=1, error=2, time=27.28s
[2026-04-24 15:43:07] RUNNING batch=291 size=3
[2026-04-24 15:43:07] QUEUE product_id=102779 retry=0
[2026-04-24 15:43:07] ACQUIRED product_id=102779 retry=0
[2026-04-24 15:43:07] QUEUE product_id=107733 retry=0
[2026-04-24 15:43:07] QUEUE product_id=99800 retry=0
[2026-04-24 15:43:11] STATUS product_id=102779 status=403
[2026-04-24 15:43:11] RETRY product_id=102779 reason=status_403 sleep=4.35s
[2026-04-24 15:43:11] ACQUIRED product_id=107733 retry=0
[2026-04-24 15:43:15] QUEUE product_id=102779 retry=1
[2026-04-24 15:43:15] STATUS product_id=107733 status=403
[2026-04-24 15:43:15] RETRY product_id=107733 reason=status_403 sleep=3.67s
[2026-04-24 15:43:15] ACQUIRED product_id=99800 retry=0
[2026-04-24 15:43:19] QUEUE product_id=107733 retry=1
[2026-04-24 15:43:19] STATUS product_id=99800 status=403
[2026-04-24 15:43:19] RETRY product_id=99800 reason=status_403 sleep=4.46s
[2026-04-24 15:43:19] ACQUIRED product_id=102779 retry=1
[2026-04-24 15:43:24] QUEUE product_id=99800 retry=1
[2026-04-24 15:43:24] STATUS product_id=102779 status=200
[2026-04-24 15:43:24] ACQUIRED product_id=107733 retry=1
[2026-04-24 15:43:24] FINISHED product_id=102779 status=success
[2026-04-24 15:43:31] STATUS product_id=107733 status=200
[2026-04-24 15:43:31] ACQUIRED product_id=99800 retry=1
[2026-04-24 15:43:31] FINISHED product_id=107733 status=success
[2026-04-24 15:43:36] STATUS product_id=99800 status=200
[2026-04-24 15:43:36] FINISHED product_id=99800 status=success
[2026-04-24 15:43:36] Batch 291: total=3, success=3, error=0, time=29.35s
[2026-04-24 15:43:40] RUNNING batch=292 size=3
[2026-04-24 15:43:40] QUEUE product_id=107137 retry=0
[2026-04-24 15:43:40] ACQUIRED product_id=107137 retry=0
[2026-04-24 15:43:40] QUEUE product_id=91903 retry=0
[2026-04-24 15:43:40] QUEUE product_id=102602 retry=0
[2026-04-24 15:43:45] STATUS product_id=107137 status=403
[2026-04-24 15:43:45] RETRY product_id=107137 reason=status_403 sleep=4.24s
[2026-04-24 15:43:45] ACQUIRED product_id=91903 retry=0
[2026-04-24 15:43:49] QUEUE product_id=107137 retry=1
[2026-04-24 15:43:49] STATUS product_id=91903 status=403
[2026-04-24 15:43:49] RETRY product_id=91903 reason=status_403 sleep=4.05s
[2026-04-24 15:43:49] ACQUIRED product_id=102602 retry=0
[2026-04-24 15:43:53] STATUS product_id=102602 status=403
[2026-04-24 15:43:53] RETRY product_id=102602 reason=status_403 sleep=4.11s
[2026-04-24 15:43:53] ACQUIRED product_id=107137 retry=1
[2026-04-24 15:43:53] QUEUE product_id=91903 retry=1
[2026-04-24 15:43:57] STATUS product_id=107137 status=403
[2026-04-24 15:43:57] ACQUIRED product_id=91903 retry=1
[2026-04-24 15:43:57] FINISHED product_id=107137 status=failed
[2026-04-24 15:43:57] QUEUE product_id=102602 retry=1
[2026-04-24 15:44:02] STATUS product_id=91903 status=200
[2026-04-24 15:44:02] ACQUIRED product_id=102602 retry=1
[2026-04-24 15:44:02] FINISHED product_id=91903 status=success
[2026-04-24 15:44:07] STATUS product_id=102602 status=403
[2026-04-24 15:44:07] FINISHED product_id=102602 status=failed
[2026-04-24 15:44:07] Batch 292: total=3, success=1, error=2, time=26.86s
[2026-04-24 15:44:12] RUNNING batch=293 size=3
[2026-04-24 15:44:12] QUEUE product_id=86172 retry=0
[2026-04-24 15:44:12] ACQUIRED product_id=86172 retry=0
[2026-04-24 15:44:12] QUEUE product_id=100209 retry=0
[2026-04-24 15:44:12] QUEUE product_id=93115 retry=0
[2026-04-24 15:44:15] STATUS product_id=86172 status=403
[2026-04-24 15:44:15] RETRY product_id=86172 reason=status_403 sleep=4.00s
[2026-04-24 15:44:15] ACQUIRED product_id=100209 retry=0
[2026-04-24 15:44:19] QUEUE product_id=86172 retry=1
[2026-04-24 15:44:19] STATUS product_id=100209 status=403
[2026-04-24 15:44:19] RETRY product_id=100209 reason=status_403 sleep=3.79s
[2026-04-24 15:44:19] ACQUIRED product_id=93115 retry=0
[2026-04-24 15:44:23] QUEUE product_id=100209 retry=1
[2026-04-24 15:44:24] STATUS product_id=93115 status=403
[2026-04-24 15:44:24] RETRY product_id=93115 reason=status_403 sleep=3.61s
[2026-04-24 15:44:24] ACQUIRED product_id=86172 retry=1
[2026-04-24 15:44:27] QUEUE product_id=93115 retry=1
[2026-04-24 15:44:29] STATUS product_id=86172 status=200
[2026-04-24 15:44:29] ACQUIRED product_id=100209 retry=1
[2026-04-24 15:44:29] FINISHED product_id=86172 status=success
[2026-04-24 15:44:32] STATUS product_id=100209 status=403
[2026-04-24 15:44:32] ACQUIRED product_id=93115 retry=1
[2026-04-24 15:44:32] FINISHED product_id=100209 status=failed
[2026-04-24 15:44:36] STATUS product_id=93115 status=403
[2026-04-24 15:44:36] FINISHED product_id=93115 status=failed
[2026-04-24 15:44:36] Batch 293: total=3, success=1, error=2, time=23.88s
[2026-04-24 15:44:40] RUNNING batch=294 size=3
[2026-04-24 15:44:40] QUEUE product_id=100981 retry=0
[2026-04-24 15:44:40] ACQUIRED product_id=100981 retry=0
[2026-04-24 15:44:40] QUEUE product_id=110510 retry=0
[2026-04-24 15:44:40] QUEUE product_id=105129 retry=0
[2026-04-24 15:44:45] STATUS product_id=100981 status=200
[2026-04-24 15:44:45] ACQUIRED product_id=110510 retry=0
[2026-04-24 15:44:45] FINISHED product_id=100981 status=success
[2026-04-24 15:44:49] STATUS product_id=110510 status=404
[2026-04-24 15:44:49] ACQUIRED product_id=105129 retry=0
[2026-04-24 15:44:49] FINISHED product_id=110510 status=failed
[2026-04-24 15:44:54] STATUS product_id=105129 status=200
[2026-04-24 15:44:54] FINISHED product_id=105129 status=success
[2026-04-24 15:44:54] Batch 294: total=3, success=2, error=1, time=14.11s
[2026-04-24 15:44:58] RUNNING batch=295 size=3
[2026-04-24 15:44:58] QUEUE product_id=98224 retry=0
[2026-04-24 15:44:58] ACQUIRED product_id=98224 retry=0
[2026-04-24 15:44:58] QUEUE product_id=92532 retry=0
[2026-04-24 15:44:58] QUEUE product_id=97218 retry=0
[2026-04-24 15:45:02] STATUS product_id=98224 status=403
[2026-04-24 15:45:02] RETRY product_id=98224 reason=status_403 sleep=3.82s
[2026-04-24 15:45:02] ACQUIRED product_id=92532 retry=0
[2026-04-24 15:45:05] QUEUE product_id=98224 retry=1
[2026-04-24 15:45:08] STATUS product_id=92532 status=200
[2026-04-24 15:45:08] ACQUIRED product_id=97218 retry=0
[2026-04-24 15:45:08] FINISHED product_id=92532 status=success
[2026-04-24 15:45:12] STATUS product_id=97218 status=403
[2026-04-24 15:45:12] RETRY product_id=97218 reason=status_403 sleep=4.38s
[2026-04-24 15:45:12] ACQUIRED product_id=98224 retry=1
[2026-04-24 15:45:16] STATUS product_id=98224 status=403
[2026-04-24 15:45:16] FINISHED product_id=98224 status=failed
[2026-04-24 15:45:17] QUEUE product_id=97218 retry=1
[2026-04-24 15:45:17] ACQUIRED product_id=97218 retry=1
[2026-04-24 15:45:22] STATUS product_id=97218 status=200
[2026-04-24 15:45:22] FINISHED product_id=97218 status=success
[2026-04-24 15:45:22] Batch 295: total=3, success=2, error=1, time=23.83s
[2026-04-24 15:45:27] RUNNING batch=296 size=3
[2026-04-24 15:45:27] QUEUE product_id=106357 retry=0
[2026-04-24 15:45:27] ACQUIRED product_id=106357 retry=0
[2026-04-24 15:45:27] QUEUE product_id=99339 retry=0
[2026-04-24 15:45:27] QUEUE product_id=99581 retry=0
[2026-04-24 15:45:31] STATUS product_id=106357 status=403
[2026-04-24 15:45:31] RETRY product_id=106357 reason=status_403 sleep=4.02s
[2026-04-24 15:45:31] ACQUIRED product_id=99339 retry=0
[2026-04-24 15:45:35] QUEUE product_id=106357 retry=1
[2026-04-24 15:45:36] STATUS product_id=99339 status=404
[2026-04-24 15:45:36] ACQUIRED product_id=99581 retry=0
[2026-04-24 15:45:36] FINISHED product_id=99339 status=failed
[2026-04-24 15:45:42] STATUS product_id=99581 status=200
[2026-04-24 15:45:42] ACQUIRED product_id=106357 retry=1
[2026-04-24 15:45:42] FINISHED product_id=99581 status=success
[2026-04-24 15:45:48] STATUS product_id=106357 status=200
[2026-04-24 15:45:48] FINISHED product_id=106357 status=success
[2026-04-24 15:45:48] Batch 296: total=3, success=2, error=1, time=21.13s
[2026-04-24 15:45:53] RUNNING batch=297 size=3
[2026-04-24 15:45:53] QUEUE product_id=110292 retry=0
[2026-04-24 15:45:53] ACQUIRED product_id=110292 retry=0
[2026-04-24 15:45:53] QUEUE product_id=87043 retry=0
[2026-04-24 15:45:53] QUEUE product_id=110874 retry=0
[2026-04-24 15:45:57] STATUS product_id=110292 status=403
[2026-04-24 15:45:57] RETRY product_id=110292 reason=status_403 sleep=4.27s
[2026-04-24 15:45:57] ACQUIRED product_id=87043 retry=0
[2026-04-24 15:46:01] QUEUE product_id=110292 retry=1
[2026-04-24 15:46:02] STATUS product_id=87043 status=200
[2026-04-24 15:46:02] ACQUIRED product_id=110874 retry=0
[2026-04-24 15:46:02] FINISHED product_id=87043 status=success
[2026-04-24 15:46:06] STATUS product_id=110874 status=403
[2026-04-24 15:46:06] RETRY product_id=110874 reason=status_403 sleep=3.82s
[2026-04-24 15:46:06] ACQUIRED product_id=110292 retry=1
[2026-04-24 15:46:10] QUEUE product_id=110874 retry=1
[2026-04-24 15:46:10] STATUS product_id=110292 status=404
[2026-04-24 15:46:10] ACQUIRED product_id=110874 retry=1
[2026-04-24 15:46:10] FINISHED product_id=110292 status=failed
[2026-04-24 15:46:15] STATUS product_id=110874 status=200
[2026-04-24 15:46:15] FINISHED product_id=110874 status=success
[2026-04-24 15:46:15] Batch 297: total=3, success=2, error=1, time=21.72s
[2026-04-24 15:46:19] RUNNING batch=298 size=3
[2026-04-24 15:46:19] QUEUE product_id=96321 retry=0
[2026-04-24 15:46:19] ACQUIRED product_id=96321 retry=0
[2026-04-24 15:46:19] QUEUE product_id=102516 retry=0
[2026-04-24 15:46:19] QUEUE product_id=97220 retry=0
[2026-04-24 15:46:24] STATUS product_id=96321 status=403
[2026-04-24 15:46:24] RETRY product_id=96321 reason=status_403 sleep=4.18s
[2026-04-24 15:46:24] ACQUIRED product_id=102516 retry=0
[2026-04-24 15:46:29] QUEUE product_id=96321 retry=1
[2026-04-24 15:46:30] STATUS product_id=102516 status=200
[2026-04-24 15:46:30] ACQUIRED product_id=97220 retry=0
[2026-04-24 15:46:30] FINISHED product_id=102516 status=success
[2026-04-24 15:46:34] STATUS product_id=97220 status=403
[2026-04-24 15:46:34] RETRY product_id=97220 reason=status_403 sleep=4.33s
[2026-04-24 15:46:34] ACQUIRED product_id=96321 retry=1
[2026-04-24 15:46:38] QUEUE product_id=97220 retry=1
[2026-04-24 15:46:40] STATUS product_id=96321 status=200
[2026-04-24 15:46:40] ACQUIRED product_id=97220 retry=1
[2026-04-24 15:46:40] FINISHED product_id=96321 status=success
[2026-04-24 15:46:45] STATUS product_id=97220 status=200
[2026-04-24 15:46:45] FINISHED product_id=97220 status=success
[2026-04-24 15:46:45] Batch 298: total=3, success=3, error=0, time=25.79s
[2026-04-24 15:46:50] RUNNING batch=299 size=3
[2026-04-24 15:46:50] QUEUE product_id=90559 retry=0
[2026-04-24 15:46:50] ACQUIRED product_id=90559 retry=0
[2026-04-24 15:46:50] QUEUE product_id=101806 retry=0
[2026-04-24 15:46:50] QUEUE product_id=96762 retry=0
[2026-04-24 15:46:53] STATUS product_id=90559 status=403
[2026-04-24 15:46:53] RETRY product_id=90559 reason=status_403 sleep=4.44s
[2026-04-24 15:46:53] ACQUIRED product_id=101806 retry=0
[2026-04-24 15:46:58] QUEUE product_id=90559 retry=1
[2026-04-24 15:46:58] STATUS product_id=101806 status=404
[2026-04-24 15:46:58] ACQUIRED product_id=96762 retry=0
[2026-04-24 15:46:58] FINISHED product_id=101806 status=failed
[2026-04-24 15:47:03] STATUS product_id=96762 status=200
[2026-04-24 15:47:03] ACQUIRED product_id=90559 retry=1
[2026-04-24 15:47:03] FINISHED product_id=96762 status=success
[2026-04-24 15:47:07] STATUS product_id=90559 status=403
[2026-04-24 15:47:07] FINISHED product_id=90559 status=failed
[2026-04-24 15:47:07] Batch 299: total=3, success=1, error=2, time=17.18s
[2026-04-24 15:47:11] RUNNING batch=300 size=3
[2026-04-24 15:47:11] QUEUE product_id=107199 retry=0
[2026-04-24 15:47:11] ACQUIRED product_id=107199 retry=0
[2026-04-24 15:47:11] QUEUE product_id=92432 retry=0
[2026-04-24 15:47:11] QUEUE product_id=85694 retry=0
[2026-04-24 15:47:16] STATUS product_id=107199 status=404
[2026-04-24 15:47:16] ACQUIRED product_id=92432 retry=0
[2026-04-24 15:47:16] FINISHED product_id=107199 status=failed
[2026-04-24 15:47:20] STATUS product_id=92432 status=403
[2026-04-24 15:47:20] RETRY product_id=92432 reason=status_403 sleep=3.70s
[2026-04-24 15:47:20] ACQUIRED product_id=85694 retry=0
[2026-04-24 15:47:24] QUEUE product_id=92432 retry=1
[2026-04-24 15:47:24] STATUS product_id=85694 status=403
[2026-04-24 15:47:24] RETRY product_id=85694 reason=status_403 sleep=4.10s
[2026-04-24 15:47:24] ACQUIRED product_id=92432 retry=1
[2026-04-24 15:47:28] QUEUE product_id=85694 retry=1
[2026-04-24 15:47:30] STATUS product_id=92432 status=200
[2026-04-24 15:47:30] ACQUIRED product_id=85694 retry=1
[2026-04-24 15:47:30] FINISHED product_id=92432 status=success
[2026-04-24 15:47:35] STATUS product_id=85694 status=200
[2026-04-24 15:47:35] FINISHED product_id=85694 status=success
[2026-04-24 15:47:35] Batch 300: total=3, success=2, error=1, time=24.36s
[2026-04-24 15:47:39] RUNNING batch=301 size=3
[2026-04-24 15:47:39] QUEUE product_id=110770 retry=0
[2026-04-24 15:47:39] ACQUIRED product_id=110770 retry=0
[2026-04-24 15:47:39] QUEUE product_id=104662 retry=0
[2026-04-24 15:47:39] QUEUE product_id=102043 retry=0
[2026-04-24 15:47:45] STATUS product_id=110770 status=200
[2026-04-24 15:47:45] ACQUIRED product_id=104662 retry=0
[2026-04-24 15:47:45] FINISHED product_id=110770 status=success
[2026-04-24 15:47:48] STATUS product_id=104662 status=403
[2026-04-24 15:47:48] RETRY product_id=104662 reason=status_403 sleep=4.24s
[2026-04-24 15:47:48] ACQUIRED product_id=102043 retry=0
[2026-04-24 15:47:52] STATUS product_id=102043 status=403
[2026-04-24 15:47:52] RETRY product_id=102043 reason=status_403 sleep=4.47s
[2026-04-24 15:47:53] QUEUE product_id=104662 retry=1
[2026-04-24 15:47:53] ACQUIRED product_id=104662 retry=1
[2026-04-24 15:47:56] QUEUE product_id=102043 retry=1
[2026-04-24 15:47:58] STATUS product_id=104662 status=200
[2026-04-24 15:47:58] ACQUIRED product_id=102043 retry=1
[2026-04-24 15:47:58] FINISHED product_id=104662 status=success
[2026-04-24 15:48:03] STATUS product_id=102043 status=200
[2026-04-24 15:48:03] FINISHED product_id=102043 status=success
[2026-04-24 15:48:03] Batch 301: total=3, success=3, error=0, time=23.74s
[2026-04-24 15:48:08] RUNNING batch=302 size=3
[2026-04-24 15:48:08] QUEUE product_id=97311 retry=0
[2026-04-24 15:48:08] ACQUIRED product_id=97311 retry=0
[2026-04-24 15:48:08] QUEUE product_id=107910 retry=0
[2026-04-24 15:48:08] QUEUE product_id=91979 retry=0
[2026-04-24 15:48:11] STATUS product_id=97311 status=403
[2026-04-24 15:48:11] RETRY product_id=97311 reason=status_403 sleep=4.00s
[2026-04-24 15:48:11] ACQUIRED product_id=107910 retry=0
[2026-04-24 15:48:15] QUEUE product_id=97311 retry=1
[2026-04-24 15:48:17] STATUS product_id=107910 status=200
[2026-04-24 15:48:17] ACQUIRED product_id=91979 retry=0
[2026-04-24 15:48:17] FINISHED product_id=107910 status=success
[2026-04-24 15:48:22] STATUS product_id=91979 status=403
[2026-04-24 15:48:22] RETRY product_id=91979 reason=status_403 sleep=4.46s
[2026-04-24 15:48:22] ACQUIRED product_id=97311 retry=1
[2026-04-24 15:48:26] QUEUE product_id=91979 retry=1
[2026-04-24 15:48:28] STATUS product_id=97311 status=200
[2026-04-24 15:48:28] ACQUIRED product_id=91979 retry=1
[2026-04-24 15:48:28] FINISHED product_id=97311 status=success
[2026-04-24 15:48:33] STATUS product_id=91979 status=200
[2026-04-24 15:48:33] FINISHED product_id=91979 status=success
[2026-04-24 15:48:33] Batch 302: total=3, success=3, error=0, time=25.18s
[2026-04-24 15:48:37] RUNNING batch=303 size=3
[2026-04-24 15:48:37] QUEUE product_id=102551 retry=0
[2026-04-24 15:48:37] ACQUIRED product_id=102551 retry=0
[2026-04-24 15:48:37] QUEUE product_id=95392 retry=0
[2026-04-24 15:48:37] QUEUE product_id=105148 retry=0
[2026-04-24 15:48:41] STATUS product_id=102551 status=403
[2026-04-24 15:48:41] RETRY product_id=102551 reason=status_403 sleep=3.89s
[2026-04-24 15:48:41] ACQUIRED product_id=95392 retry=0
[2026-04-24 15:48:44] STATUS product_id=95392 status=403
[2026-04-24 15:48:44] RETRY product_id=95392 reason=status_403 sleep=4.20s
[2026-04-24 15:48:44] ACQUIRED product_id=105148 retry=0
[2026-04-24 15:48:45] QUEUE product_id=102551 retry=1
[2026-04-24 15:48:49] STATUS product_id=105148 status=403
[2026-04-24 15:48:49] RETRY product_id=105148 reason=status_403 sleep=4.41s
[2026-04-24 15:48:49] ACQUIRED product_id=102551 retry=1
[2026-04-24 15:48:49] QUEUE product_id=95392 retry=1
[2026-04-24 15:48:53] QUEUE product_id=105148 retry=1
[2026-04-24 15:48:53] STATUS product_id=102551 status=403
[2026-04-24 15:48:53] ACQUIRED product_id=95392 retry=1
[2026-04-24 15:48:53] FINISHED product_id=102551 status=failed
[2026-04-24 15:48:57] STATUS product_id=95392 status=403
[2026-04-24 15:48:57] ACQUIRED product_id=105148 retry=1
[2026-04-24 15:48:57] FINISHED product_id=95392 status=failed
[2026-04-24 15:49:02] STATUS product_id=105148 status=200
[2026-04-24 15:49:02] FINISHED product_id=105148 status=success
[2026-04-24 15:49:02] Batch 303: total=3, success=1, error=2, time=24.77s
[2026-04-24 15:49:07] RUNNING batch=304 size=3
[2026-04-24 15:49:07] QUEUE product_id=95609 retry=0
[2026-04-24 15:49:07] ACQUIRED product_id=95609 retry=0
[2026-04-24 15:49:07] QUEUE product_id=102740 retry=0
[2026-04-24 15:49:07] QUEUE product_id=98575 retry=0
[2026-04-24 15:49:12] STATUS product_id=95609 status=200
[2026-04-24 15:49:12] ACQUIRED product_id=102740 retry=0
[2026-04-24 15:49:12] FINISHED product_id=95609 status=success
[2026-04-24 15:49:17] STATUS product_id=102740 status=403
[2026-04-24 15:49:17] RETRY product_id=102740 reason=status_403 sleep=3.99s
[2026-04-24 15:49:17] ACQUIRED product_id=98575 retry=0
[2026-04-24 15:49:21] QUEUE product_id=102740 retry=1
[2026-04-24 15:49:23] STATUS product_id=98575 status=200
[2026-04-24 15:49:23] ACQUIRED product_id=102740 retry=1
[2026-04-24 15:49:23] FINISHED product_id=98575 status=success
[2026-04-24 15:49:27] STATUS product_id=102740 status=403
[2026-04-24 15:49:27] FINISHED product_id=102740 status=failed
[2026-04-24 15:49:27] Batch 304: total=3, success=2, error=1, time=20.07s
[2026-04-24 15:49:30] RUNNING batch=305 size=3
[2026-04-24 15:49:30] QUEUE product_id=92534 retry=0
[2026-04-24 15:49:30] ACQUIRED product_id=92534 retry=0
[2026-04-24 15:49:30] QUEUE product_id=97314 retry=0
[2026-04-24 15:49:30] QUEUE product_id=95795 retry=0
[2026-04-24 15:49:36] STATUS product_id=92534 status=404
[2026-04-24 15:49:36] ACQUIRED product_id=97314 retry=0
[2026-04-24 15:49:36] FINISHED product_id=92534 status=failed
[2026-04-24 15:49:40] STATUS product_id=97314 status=403
[2026-04-24 15:49:40] RETRY product_id=97314 reason=status_403 sleep=3.91s
[2026-04-24 15:49:40] ACQUIRED product_id=95795 retry=0
[2026-04-24 15:49:44] STATUS product_id=95795 status=403
[2026-04-24 15:49:44] RETRY product_id=95795 reason=status_403 sleep=3.64s
[2026-04-24 15:49:44] QUEUE product_id=97314 retry=1
[2026-04-24 15:49:44] ACQUIRED product_id=97314 retry=1
[2026-04-24 15:49:47] QUEUE product_id=95795 retry=1
[2026-04-24 15:49:48] STATUS product_id=97314 status=403
[2026-04-24 15:49:48] ACQUIRED product_id=95795 retry=1
[2026-04-24 15:49:48] FINISHED product_id=97314 status=failed
[2026-04-24 15:49:55] STATUS product_id=95795 status=200
[2026-04-24 15:49:55] FINISHED product_id=95795 status=success
[2026-04-24 15:49:55] Batch 305: total=3, success=1, error=2, time=24.08s
[2026-04-24 15:49:59] RUNNING batch=306 size=3
[2026-04-24 15:49:59] QUEUE product_id=88896 retry=0
[2026-04-24 15:49:59] ACQUIRED product_id=88896 retry=0
[2026-04-24 15:49:59] QUEUE product_id=99115 retry=0
[2026-04-24 15:49:59] QUEUE product_id=98054 retry=0
[2026-04-24 15:50:04] STATUS product_id=88896 status=404
[2026-04-24 15:50:04] ACQUIRED product_id=99115 retry=0
[2026-04-24 15:50:04] FINISHED product_id=88896 status=failed
[2026-04-24 15:50:08] STATUS product_id=99115 status=403
[2026-04-24 15:50:08] RETRY product_id=99115 reason=status_403 sleep=4.09s
[2026-04-24 15:50:08] ACQUIRED product_id=98054 retry=0
[2026-04-24 15:50:13] QUEUE product_id=99115 retry=1
[2026-04-24 15:50:13] STATUS product_id=98054 status=403
[2026-04-24 15:50:13] RETRY product_id=98054 reason=status_403 sleep=4.04s
[2026-04-24 15:50:13] ACQUIRED product_id=99115 retry=1
[2026-04-24 15:50:17] QUEUE product_id=98054 retry=1
[2026-04-24 15:50:18] STATUS product_id=99115 status=403
[2026-04-24 15:50:18] ACQUIRED product_id=98054 retry=1
[2026-04-24 15:50:18] FINISHED product_id=99115 status=failed
[2026-04-24 15:50:22] STATUS product_id=98054 status=403
[2026-04-24 15:50:22] FINISHED product_id=98054 status=failed
[2026-04-24 15:50:22] Batch 306: total=3, success=0, error=3, time=22.89s
[2026-04-24 15:50:27] RUNNING batch=307 size=3
[2026-04-24 15:50:27] QUEUE product_id=111088 retry=0
[2026-04-24 15:50:27] ACQUIRED product_id=111088 retry=0
[2026-04-24 15:50:27] QUEUE product_id=89449 retry=0
[2026-04-24 15:50:27] QUEUE product_id=87473 retry=0
[2026-04-24 15:50:31] STATUS product_id=111088 status=403
[2026-04-24 15:50:31] RETRY product_id=111088 reason=status_403 sleep=4.20s
[2026-04-24 15:50:31] ACQUIRED product_id=89449 retry=0
[2026-04-24 15:50:35] QUEUE product_id=111088 retry=1
[2026-04-24 15:50:35] STATUS product_id=89449 status=200
[2026-04-24 15:50:35] ACQUIRED product_id=87473 retry=0
[2026-04-24 15:50:35] FINISHED product_id=89449 status=success
[2026-04-24 15:50:40] STATUS product_id=87473 status=200
[2026-04-24 15:50:40] ACQUIRED product_id=111088 retry=1
[2026-04-24 15:50:40] FINISHED product_id=87473 status=success
[2026-04-24 15:50:45] STATUS product_id=111088 status=403
[2026-04-24 15:50:45] FINISHED product_id=111088 status=failed
[2026-04-24 15:50:45] Batch 307: total=3, success=2, error=1, time=18.33s
[2026-04-24 15:50:48] RUNNING batch=308 size=3
[2026-04-24 15:50:48] QUEUE product_id=99124 retry=0
[2026-04-24 15:50:48] ACQUIRED product_id=99124 retry=0
[2026-04-24 15:50:48] QUEUE product_id=110275 retry=0
[2026-04-24 15:50:48] QUEUE product_id=91147 retry=0
[2026-04-24 15:50:52] STATUS product_id=99124 status=403
[2026-04-24 15:50:52] RETRY product_id=99124 reason=status_403 sleep=3.65s
[2026-04-24 15:50:52] ACQUIRED product_id=110275 retry=0
[2026-04-24 15:50:56] QUEUE product_id=99124 retry=1
[2026-04-24 15:50:57] STATUS product_id=110275 status=404
[2026-04-24 15:50:57] ACQUIRED product_id=91147 retry=0
[2026-04-24 15:50:57] FINISHED product_id=110275 status=failed
[2026-04-24 15:51:00] STATUS product_id=91147 status=403
[2026-04-24 15:51:00] RETRY product_id=91147 reason=status_403 sleep=4.08s
[2026-04-24 15:51:00] ACQUIRED product_id=99124 retry=1
[2026-04-24 15:51:04] QUEUE product_id=91147 retry=1
[2026-04-24 15:51:04] STATUS product_id=99124 status=403
[2026-04-24 15:51:04] ACQUIRED product_id=91147 retry=1
[2026-04-24 15:51:04] FINISHED product_id=99124 status=failed
[2026-04-24 15:51:09] STATUS product_id=91147 status=200
[2026-04-24 15:51:09] FINISHED product_id=91147 status=success
[2026-04-24 15:51:09] Batch 308: total=3, success=1, error=2, time=20.76s
[2026-04-24 15:51:13] RUNNING batch=309 size=3
[2026-04-24 15:51:13] QUEUE product_id=107671 retry=0
[2026-04-24 15:51:13] ACQUIRED product_id=107671 retry=0
[2026-04-24 15:51:13] QUEUE product_id=107920 retry=0
[2026-04-24 15:51:13] QUEUE product_id=95791 retry=0
[2026-04-24 15:51:17] STATUS product_id=107671 status=403
[2026-04-24 15:51:17] RETRY product_id=107671 reason=status_403 sleep=4.44s
[2026-04-24 15:51:17] ACQUIRED product_id=107920 retry=0
[2026-04-24 15:51:21] QUEUE product_id=107671 retry=1
[2026-04-24 15:51:22] STATUS product_id=107920 status=403
[2026-04-24 15:51:22] RETRY product_id=107920 reason=status_403 sleep=3.67s
[2026-04-24 15:51:22] ACQUIRED product_id=95791 retry=0
[2026-04-24 15:51:25] QUEUE product_id=107920 retry=1
[2026-04-24 15:51:26] STATUS product_id=95791 status=403
[2026-04-24 15:51:26] RETRY product_id=95791 reason=status_403 sleep=3.86s
[2026-04-24 15:51:26] ACQUIRED product_id=107671 retry=1
[2026-04-24 15:51:30] QUEUE product_id=95791 retry=1
[2026-04-24 15:51:32] STATUS product_id=107671 status=200
[2026-04-24 15:51:32] ACQUIRED product_id=107920 retry=1
[2026-04-24 15:51:32] FINISHED product_id=107671 status=success
[2026-04-24 15:51:37] STATUS product_id=107920 status=200
[2026-04-24 15:51:37] ACQUIRED product_id=95791 retry=1
[2026-04-24 15:51:37] FINISHED product_id=107920 status=success
[2026-04-24 15:51:40] STATUS product_id=95791 status=403
[2026-04-24 15:51:40] FINISHED product_id=95791 status=failed
[2026-04-24 15:51:40] Batch 309: total=3, success=2, error=1, time=27.38s
[2026-04-24 15:51:44] RUNNING batch=310 size=3
[2026-04-24 15:51:44] QUEUE product_id=105625 retry=0
[2026-04-24 15:51:44] ACQUIRED product_id=105625 retry=0
[2026-04-24 15:51:44] QUEUE product_id=100186 retry=0
[2026-04-24 15:51:44] QUEUE product_id=103047 retry=0
[2026-04-24 15:51:49] STATUS product_id=105625 status=403
[2026-04-24 15:51:49] RETRY product_id=105625 reason=status_403 sleep=3.80s
[2026-04-24 15:51:49] ACQUIRED product_id=100186 retry=0
[2026-04-24 15:51:53] QUEUE product_id=105625 retry=1
[2026-04-24 15:51:54] STATUS product_id=100186 status=404
[2026-04-24 15:51:54] ACQUIRED product_id=103047 retry=0
[2026-04-24 15:51:54] FINISHED product_id=100186 status=failed
[2026-04-24 15:51:58] STATUS product_id=103047 status=403
[2026-04-24 15:51:58] RETRY product_id=103047 reason=status_403 sleep=4.43s
[2026-04-24 15:51:58] ACQUIRED product_id=105625 retry=1
[2026-04-24 15:52:02] QUEUE product_id=103047 retry=1
[2026-04-24 15:52:02] STATUS product_id=105625 status=200
[2026-04-24 15:52:02] ACQUIRED product_id=103047 retry=1
[2026-04-24 15:52:02] FINISHED product_id=105625 status=success
[2026-04-24 15:52:07] STATUS product_id=103047 status=403
[2026-04-24 15:52:07] FINISHED product_id=103047 status=failed
[2026-04-24 15:52:07] Batch 310: total=3, success=1, error=2, time=22.72s
[2026-04-24 15:52:10] RUNNING batch=311 size=3
[2026-04-24 15:52:10] QUEUE product_id=109184 retry=0
[2026-04-24 15:52:10] ACQUIRED product_id=109184 retry=0
[2026-04-24 15:52:10] QUEUE product_id=99118 retry=0
[2026-04-24 15:52:10] QUEUE product_id=95626 retry=0
[2026-04-24 15:52:16] STATUS product_id=109184 status=200
[2026-04-24 15:52:16] ACQUIRED product_id=99118 retry=0
[2026-04-24 15:52:16] FINISHED product_id=109184 status=success
[2026-04-24 15:52:20] STATUS product_id=99118 status=403
[2026-04-24 15:52:20] RETRY product_id=99118 reason=status_403 sleep=4.33s
[2026-04-24 15:52:20] ACQUIRED product_id=95626 retry=0
[2026-04-24 15:52:25] QUEUE product_id=99118 retry=1
[2026-04-24 15:52:26] STATUS product_id=95626 status=200
[2026-04-24 15:52:26] ACQUIRED product_id=99118 retry=1
[2026-04-24 15:52:26] FINISHED product_id=95626 status=success
[2026-04-24 15:52:30] STATUS product_id=99118 status=403
[2026-04-24 15:52:30] FINISHED product_id=99118 status=failed
[2026-04-24 15:52:30] Batch 311: total=3, success=2, error=1, time=19.65s
[2026-04-24 15:52:34] RUNNING batch=312 size=3
[2026-04-24 15:52:34] QUEUE product_id=108366 retry=0
[2026-04-24 15:52:34] ACQUIRED product_id=108366 retry=0
[2026-04-24 15:52:34] QUEUE product_id=84829 retry=0
[2026-04-24 15:52:34] QUEUE product_id=100424 retry=0
[2026-04-24 15:52:38] STATUS product_id=108366 status=403
[2026-04-24 15:52:38] RETRY product_id=108366 reason=status_403 sleep=3.92s
[2026-04-24 15:52:38] ACQUIRED product_id=84829 retry=0
[2026-04-24 15:52:42] STATUS product_id=84829 status=403
[2026-04-24 15:52:42] RETRY product_id=84829 reason=status_403 sleep=4.00s
[2026-04-24 15:52:42] ACQUIRED product_id=100424 retry=0
[2026-04-24 15:52:42] QUEUE product_id=108366 retry=1
[2026-04-24 15:52:46] QUEUE product_id=84829 retry=1
[2026-04-24 15:52:46] STATUS product_id=100424 status=403
[2026-04-24 15:52:46] RETRY product_id=100424 reason=status_403 sleep=4.34s
[2026-04-24 15:52:46] ACQUIRED product_id=108366 retry=1
[2026-04-24 15:52:50] QUEUE product_id=100424 retry=1
[2026-04-24 15:52:52] STATUS product_id=108366 status=200
[2026-04-24 15:52:52] ACQUIRED product_id=84829 retry=1
[2026-04-24 15:52:52] FINISHED product_id=108366 status=success
[2026-04-24 15:52:55] STATUS product_id=84829 status=403
[2026-04-24 15:52:55] ACQUIRED product_id=100424 retry=1
[2026-04-24 15:52:55] FINISHED product_id=84829 status=failed
[2026-04-24 15:52:58] STATUS product_id=100424 status=403
[2026-04-24 15:52:58] FINISHED product_id=100424 status=failed
[2026-04-24 15:52:58] Batch 312: total=3, success=1, error=2, time=24.51s
[2026-04-24 15:53:03] RUNNING batch=313 size=3
[2026-04-24 15:53:03] QUEUE product_id=99491 retry=0
[2026-04-24 15:53:03] ACQUIRED product_id=99491 retry=0
[2026-04-24 15:53:03] QUEUE product_id=95364 retry=0
[2026-04-24 15:53:03] QUEUE product_id=110317 retry=0
[2026-04-24 15:53:07] STATUS product_id=99491 status=404
[2026-04-24 15:53:07] ACQUIRED product_id=95364 retry=0
[2026-04-24 15:53:07] FINISHED product_id=99491 status=failed
[2026-04-24 15:53:11] STATUS product_id=95364 status=403
[2026-04-24 15:53:11] RETRY product_id=95364 reason=status_403 sleep=4.00s
[2026-04-24 15:53:11] ACQUIRED product_id=110317 retry=0
[2026-04-24 15:53:14] STATUS product_id=110317 status=403
[2026-04-24 15:53:14] RETRY product_id=110317 reason=status_403 sleep=4.45s
[2026-04-24 15:53:15] QUEUE product_id=95364 retry=1
[2026-04-24 15:53:15] ACQUIRED product_id=95364 retry=1
[2026-04-24 15:53:19] QUEUE product_id=110317 retry=1
[2026-04-24 15:53:21] STATUS product_id=95364 status=200
[2026-04-24 15:53:21] ACQUIRED product_id=110317 retry=1
[2026-04-24 15:53:21] FINISHED product_id=95364 status=success
[2026-04-24 15:53:27] STATUS product_id=110317 status=404
[2026-04-24 15:53:27] FINISHED product_id=110317 status=failed
[2026-04-24 15:53:27] Batch 313: total=3, success=1, error=2, time=23.53s
[2026-04-24 15:53:32] RUNNING batch=314 size=3
[2026-04-24 15:53:32] QUEUE product_id=93389 retry=0
[2026-04-24 15:53:32] ACQUIRED product_id=93389 retry=0
[2026-04-24 15:53:32] QUEUE product_id=90874 retry=0
[2026-04-24 15:53:32] QUEUE product_id=107074 retry=0
[2026-04-24 15:53:38] STATUS product_id=93389 status=200
[2026-04-24 15:53:38] ACQUIRED product_id=90874 retry=0
[2026-04-24 15:53:38] FINISHED product_id=93389 status=success
[2026-04-24 15:53:42] STATUS product_id=90874 status=403
[2026-04-24 15:53:42] RETRY product_id=90874 reason=status_403 sleep=4.44s
[2026-04-24 15:53:42] ACQUIRED product_id=107074 retry=0
[2026-04-24 15:53:47] QUEUE product_id=90874 retry=1
[2026-04-24 15:53:47] STATUS product_id=107074 status=200
[2026-04-24 15:53:47] ACQUIRED product_id=90874 retry=1
[2026-04-24 15:53:47] FINISHED product_id=107074 status=success
[2026-04-24 15:53:53] STATUS product_id=90874 status=200
[2026-04-24 15:53:53] FINISHED product_id=90874 status=success
[2026-04-24 15:53:53] Batch 314: total=3, success=3, error=0, time=21.07s
[2026-04-24 15:53:56] RUNNING batch=315 size=3
[2026-04-24 15:53:56] QUEUE product_id=110285 retry=0
[2026-04-24 15:53:56] ACQUIRED product_id=110285 retry=0
[2026-04-24 15:53:56] QUEUE product_id=92702 retry=0
[2026-04-24 15:53:56] QUEUE product_id=85214 retry=0
[2026-04-24 15:54:00] STATUS product_id=110285 status=403
[2026-04-24 15:54:00] RETRY product_id=110285 reason=status_403 sleep=4.48s
[2026-04-24 15:54:00] ACQUIRED product_id=92702 retry=0
[2026-04-24 15:54:04] STATUS product_id=92702 status=403
[2026-04-24 15:54:04] RETRY product_id=92702 reason=status_403 sleep=4.29s
[2026-04-24 15:54:04] ACQUIRED product_id=85214 retry=0
[2026-04-24 15:54:05] QUEUE product_id=110285 retry=1
[2026-04-24 15:54:08] QUEUE product_id=92702 retry=1
[2026-04-24 15:54:08] STATUS product_id=85214 status=403
[2026-04-24 15:54:08] RETRY product_id=85214 reason=status_403 sleep=3.75s
[2026-04-24 15:54:08] ACQUIRED product_id=110285 retry=1
[2026-04-24 15:54:12] QUEUE product_id=85214 retry=1
[2026-04-24 15:54:12] STATUS product_id=110285 status=403
[2026-04-24 15:54:12] ACQUIRED product_id=92702 retry=1
[2026-04-24 15:54:12] FINISHED product_id=110285 status=failed
[2026-04-24 15:54:17] STATUS product_id=92702 status=200
[2026-04-24 15:54:17] ACQUIRED product_id=85214 retry=1
[2026-04-24 15:54:17] FINISHED product_id=92702 status=success
[2026-04-24 15:54:23] STATUS product_id=85214 status=200
[2026-04-24 15:54:23] FINISHED product_id=85214 status=success
[2026-04-24 15:54:23] Batch 315: total=3, success=2, error=1, time=26.32s
[2026-04-24 15:54:27] RUNNING batch=316 size=3
[2026-04-24 15:54:27] QUEUE product_id=108585 retry=0
[2026-04-24 15:54:27] ACQUIRED product_id=108585 retry=0
[2026-04-24 15:54:27] QUEUE product_id=110274 retry=0
[2026-04-24 15:54:27] QUEUE product_id=95486 retry=0
[2026-04-24 15:54:32] STATUS product_id=108585 status=403
[2026-04-24 15:54:32] RETRY product_id=108585 reason=status_403 sleep=3.88s
[2026-04-24 15:54:32] ACQUIRED product_id=110274 retry=0
[2026-04-24 15:54:36] QUEUE product_id=108585 retry=1
[2026-04-24 15:54:36] STATUS product_id=110274 status=403
[2026-04-24 15:54:36] RETRY product_id=110274 reason=status_403 sleep=3.61s
[2026-04-24 15:54:36] ACQUIRED product_id=95486 retry=0
[2026-04-24 15:54:40] QUEUE product_id=110274 retry=1
[2026-04-24 15:54:40] STATUS product_id=95486 status=403
[2026-04-24 15:54:40] RETRY product_id=95486 reason=status_403 sleep=3.71s
[2026-04-24 15:54:40] ACQUIRED product_id=108585 retry=1
[2026-04-24 15:54:44] QUEUE product_id=95486 retry=1
[2026-04-24 15:54:45] STATUS product_id=108585 status=200
[2026-04-24 15:54:45] ACQUIRED product_id=110274 retry=1
[2026-04-24 15:54:45] FINISHED product_id=108585 status=success
[2026-04-24 15:54:50] STATUS product_id=110274 status=403
[2026-04-24 15:54:50] ACQUIRED product_id=95486 retry=1
[2026-04-24 15:54:50] FINISHED product_id=110274 status=failed
[2026-04-24 15:54:55] STATUS product_id=95486 status=403
[2026-04-24 15:54:55] FINISHED product_id=95486 status=failed
[2026-04-24 15:54:55] Batch 316: total=3, success=1, error=2, time=27.32s
[2026-04-24 15:54:59] RUNNING batch=317 size=3
[2026-04-24 15:54:59] QUEUE product_id=108629 retry=0
[2026-04-24 15:54:59] ACQUIRED product_id=108629 retry=0
[2026-04-24 15:54:59] QUEUE product_id=93590 retry=0
[2026-04-24 15:54:59] QUEUE product_id=102819 retry=0
[2026-04-24 15:55:04] STATUS product_id=108629 status=403
[2026-04-24 15:55:04] RETRY product_id=108629 reason=status_403 sleep=3.58s
[2026-04-24 15:55:04] ACQUIRED product_id=93590 retry=0
[2026-04-24 15:55:07] QUEUE product_id=108629 retry=1
[2026-04-24 15:55:09] STATUS product_id=93590 status=200
[2026-04-24 15:55:09] ACQUIRED product_id=102819 retry=0
[2026-04-24 15:55:09] FINISHED product_id=93590 status=success
[2026-04-24 15:55:14] STATUS product_id=102819 status=200
[2026-04-24 15:55:14] ACQUIRED product_id=108629 retry=1
[2026-04-24 15:55:14] FINISHED product_id=102819 status=success
[2026-04-24 15:55:19] STATUS product_id=108629 status=403
[2026-04-24 15:55:19] FINISHED product_id=108629 status=failed
[2026-04-24 15:55:19] Batch 317: total=3, success=2, error=1, time=20.37s
[2026-04-24 15:55:23] RUNNING batch=318 size=3
[2026-04-24 15:55:23] QUEUE product_id=95971 retry=0
[2026-04-24 15:55:23] ACQUIRED product_id=95971 retry=0
[2026-04-24 15:55:23] QUEUE product_id=109211 retry=0
[2026-04-24 15:55:23] QUEUE product_id=109644 retry=0
[2026-04-24 15:55:27] STATUS product_id=95971 status=403
[2026-04-24 15:55:27] RETRY product_id=95971 reason=status_403 sleep=3.91s
[2026-04-24 15:55:27] ACQUIRED product_id=109211 retry=0
[2026-04-24 15:55:31] QUEUE product_id=95971 retry=1
[2026-04-24 15:55:32] STATUS product_id=109211 status=403
[2026-04-24 15:55:32] RETRY product_id=109211 reason=status_403 sleep=4.07s
[2026-04-24 15:55:32] ACQUIRED product_id=109644 retry=0
[2026-04-24 15:55:36] STATUS product_id=109644 status=403
[2026-04-24 15:55:36] RETRY product_id=109644 reason=status_403 sleep=3.50s
[2026-04-24 15:55:36] ACQUIRED product_id=95971 retry=1
[2026-04-24 15:55:36] QUEUE product_id=109211 retry=1
[2026-04-24 15:55:39] QUEUE product_id=109644 retry=1
[2026-04-24 15:55:42] STATUS product_id=95971 status=200
[2026-04-24 15:55:42] ACQUIRED product_id=109211 retry=1
[2026-04-24 15:55:42] FINISHED product_id=95971 status=success
[2026-04-24 15:55:47] STATUS product_id=109211 status=403
[2026-04-24 15:55:47] ACQUIRED product_id=109644 retry=1
[2026-04-24 15:55:47] FINISHED product_id=109211 status=failed
[2026-04-24 15:55:53] STATUS product_id=109644 status=200
[2026-04-24 15:55:53] FINISHED product_id=109644 status=success
[2026-04-24 15:55:53] Batch 318: total=3, success=2, error=1, time=30.29s
[2026-04-24 15:55:57] RUNNING batch=319 size=3
[2026-04-24 15:55:57] QUEUE product_id=108241 retry=0
[2026-04-24 15:55:57] ACQUIRED product_id=108241 retry=0
[2026-04-24 15:55:57] QUEUE product_id=110878 retry=0
[2026-04-24 15:55:57] QUEUE product_id=92615 retry=0
[2026-04-24 15:56:01] STATUS product_id=108241 status=403
[2026-04-24 15:56:01] RETRY product_id=108241 reason=status_403 sleep=3.68s
[2026-04-24 15:56:01] ACQUIRED product_id=110878 retry=0
[2026-04-24 15:56:05] QUEUE product_id=108241 retry=1
[2026-04-24 15:56:07] STATUS product_id=110878 status=200
[2026-04-24 15:56:07] ACQUIRED product_id=92615 retry=0
[2026-04-24 15:56:07] FINISHED product_id=110878 status=success
[2026-04-24 15:56:11] STATUS product_id=92615 status=403
[2026-04-24 15:56:11] RETRY product_id=92615 reason=status_403 sleep=4.03s
[2026-04-24 15:56:11] ACQUIRED product_id=108241 retry=1
[2026-04-24 15:56:15] QUEUE product_id=92615 retry=1
[2026-04-24 15:56:16] STATUS product_id=108241 status=403
[2026-04-24 15:56:16] ACQUIRED product_id=92615 retry=1
[2026-04-24 15:56:16] FINISHED product_id=108241 status=failed
[2026-04-24 15:56:21] STATUS product_id=92615 status=200
[2026-04-24 15:56:21] FINISHED product_id=92615 status=success
[2026-04-24 15:56:21] Batch 319: total=3, success=2, error=1, time=24.00s
[2026-04-24 15:56:24] RUNNING batch=320 size=3
[2026-04-24 15:56:24] QUEUE product_id=111009 retry=0
[2026-04-24 15:56:24] ACQUIRED product_id=111009 retry=0
[2026-04-24 15:56:24] QUEUE product_id=104442 retry=0
[2026-04-24 15:56:24] QUEUE product_id=97264 retry=0
